team_id_master,team_name,club_name,alias,state_code,state,age_group,gender,birth_year,is_deprecated,division,modular11_alias
1a8bb1ba-a39d-447a-ad1f-51a221f9acc4,Hoover Vestavia 12 NEXT2,Hoover-Vestavia Soccer,684313,AL,Alabama,u14,Male,2012,FALSE,AD,
94ca6c8a-cded-4d4f-b249-7f2d28f01b00,Hoover-Vestavia Soccer U14,Hoover-Vestavia Soccer,462_U14_HD,AL,Alabama,u14,Male,2012,FALSE,HD,
099103a4-5eb7-4387-bfeb-c680086fe97b,Ozark United FC Academy U14,Ozark United FC Academy AD,1323_U14_AD,AR,Arkansas,u14,Male,2012,FALSE,AD,
5feee4c8-b532-4ba9-bad7-7f01c4ca28fe,RSL Arizona U14 HD,RSL Arizona,391_U14_HD,AZ,Arizona,u14,Male,2012,FALSE,HD,
207495b8-bb37-493a-8a39-67d73c8e5041,RSL Arizona U14 AD,RSL Arizona,626165,AZ,Arizona,u14,Male,2012,FALSE,AD,
3af389d2-24fa-4608-90c2-b2985037f5e1,Phoenix Rising FC U14 AD,Phoenix Rising FC,390_U14_AD,AZ,Arizona,u14,Male,2012,FALSE,AD,
5b09c840-6605-46ac-acae-dd0e8ee42529,RSL Arizona Mesa U14 AD,RSL Arizona Mesa,626182,AZ,Arizona,u14,Male,2012,FALSE,AD,
94ded7eb-721e-441d-aba3-d0acd94b8282,FC Tucson Youth Soccer Club U14 AD,FC Tucson Youth Soccer Club,99003,AZ,Arizona,u14,Male,2012,FALSE,AD,
e3f009c0-033b-42a4-a359-cff7ca4ba004,Phoenix Premier FC U14 AD,Phoenix Premier FC,57040,AZ,Arizona,u14,Male,2012,FALSE,AD,
cd931e40-543e-4003-95d0-4a7428f08931,Monarchs AZ U14 AD,Monarchs AZ,1348_U14_AD,AZ,Arizona,u14,Male,2012,FALSE,AD,
7387cc72-ee35-4d9c-bb55-8a99e160e50c,SC Del Sol U14 HD,SC Del Sol,532221,AZ,Arizona,u14,Male,2012,FALSE,HD,
1a74ef0c-f94a-401a-97b7-78dad9ac61af,RSL Arizona Mesa U14 HD,RSL Arizona Mesa,247559,AZ,Arizona,u14,Male,2012,FALSE,HD,
79c926e1-c42f-404f-afbd-4ef1b7eb2893,Phoenix Rising FC U14 HD,Phoenix Rising FC,390_U14_HD,AZ,Arizona,u14,Male,2012,FALSE,HD,
9548fdfd-a610-4b17-bf63-2426abe1002e,Bay Area Surf U14 AD,Bay Area Surf,496714,CA,California,u14,Male,,FALSE,AD,
d4a36f24-f152-4be5-9198-f786aef562e1,Santa Barbara Soccer Club B2012 White,Santa Barbara Soccer Club,394_U14_AD,CA,California,u14,Male,,FALSE,AD,
65a027e1-118a-4fb9-bfdf-a77ca12bf881,Strikers FC U14 AD,Strikers FC,568195,CA,California,u14,Male,,FALSE,AD,
89c89ee1-d6b3-487e-949f-4b1e084a81f0,Ballistic United U14 HD,Ballistic United,105_U14_HD,CA,California,u14,Male,,FALSE,HD,
4f57a4b3-ce80-4ef6-8b06-e3b480aef6d7,Elk Grove Soccer U14 AD,Elk Grove Soccer,158_U14_AD,CA,California,u14,Male,,FALSE,AD,
d49ec245-617f-4d13-a199-d85bd31186b3,City SC San Diego U14 HD,City SC San Diego,392_U14_HD,CA,California,u14,Male,,FALSE,HD,
1b78d231-090f-4425-8476-9e85cb3241c7,Chula Vista FC U14 AD,Chula Vista FC,393_U14_AD,CA,California,u14,Male,,FALSE,AD,
d49a7b7a-fe5b-4367-a1e8-2f3ac2239ad9,Los Angeles Surf U14 HD,LA Surf Soccer Club,395_U14_HD,CA,California,u14,Male,,FALSE,HD,
4e175074-975a-4c97-bb15-6aef9ded3fc9,Ventura County Fusion U14 HD,Ventura County Fusion,397_U14_HD,CA,California,u14,Male,,FALSE,HD,
6536ec3d-b4d1-4f5a-b44b-78f36ccea960,Lamorinda Soccer Club U14 HD,Lamorinda Soccer Club,411_U14_HD,CA,California,u14,Male,,FALSE,HD,
aa96aff8-95fa-435b-be67-ac7268f3b374,Bay Area Surf U14 HD,Bay Area Surf,406_U14_HD,CA,California,u14,Male,,FALSE,HD,
2e68b910-4ca4-4b3c-8b50-22256f5c86fe,The Town FC Academy U14 HD,The Town FC Academy,461_U14_HD,CA,California,u14,Male,,FALSE,HD,
0cfb6248-fa84-4118-98af-60946028acb1,Sacramento United U14 HD,Sacramento United,564_U14_HD,CA,California,u14,Male,,FALSE,HD,
1ebfbb47-2385-4481-bda1-0fe7f1522769,SoCal Reds FC U14 HD,SoCal Reds FC,566_U14_HD,CA,California,u14,Male,,FALSE,HD,
25ed8009-030d-4106-98c4-365667274709,Laguna United FC U14 AD,Laguna United FC,890_U14_AD,CA,California,u14,Male,,FALSE,AD,
04e1204b-487e-4be4-81d8-1d6c29a5ad1b,LA Galaxy U14 HD,LA Galaxy,14_U14_HD,CA,California,u14,Male,,FALSE,HD,
8e68c0dc-66d3-4129-9869-46eb010d29d2,City SC Southwest U14 AD,City SC Southwest,637407,CA,California,u14,Male,,FALSE,AD,
6461a2ba-b331-482f-bfa8-6f052a2d6046,ALBION SC Los Angeles U14 AD,ALBION SC Los Angeles,103_U14_AD,CA,California,u14,Male,,FALSE,AD,
608e36b5-8697-4c00-874a-29c013ae1ae2,Oaks FC U14 AD,Oaks FC,925_U14_AD,CA,California,u14,Male,,FALSE,AD,
f6cc64e9-561e-4cf4-8b17-ba6d18604d41,Woodside Soccer Club Crush U14 AD,Woodside Soccer Club Crush,133974,CA,California,u14,Male,,FALSE,AD,
e62b8308-f6b3-4693-b8d2-9826196b008b,Modesto Ajax United U14 AD,Modesto Ajax United,99488,CA,California,u14,Male,,FALSE,AD,
4a861b9d-9103-4281-9ed4-ef7980b7d110,Sacramento Republic FC U14 HD,Sacramento Republic FC,45_U14_HD,CA,California,u14,Male,,FALSE,HD,
f5018673-e454-4a67-a321-0e801703b1bc,Sacramento United U14 AD,Sacramento United,72737,CA,California,u14,Male,,FALSE,AD,
5eead73d-5075-402e-840d-a4373aba306a,Almaden FC U14 AD,Almaden FC,990_U14_AD,CA,California,u14,Male,,FALSE,AD,
8af49383-dd41-4ae8-ab0f-4d9ccbeea031,Los Angeles Bulls Soccer Club U14 AD,Los Angeles Bulls Soccer Club,581_U14_AD,CA,California,u14,Male,,FALSE,AD,
3173fb7f-8efe-47a5-8e56-8a2442854cd1,ALBION SC San Diego U14 HD,ALBION SC San Diego,137713,CA,California,u14,Male,,FALSE,HD,
50eda49c-4aaf-4930-b977-88e3941127a0,Lamorinda Soccer Club U14 AD,Lamorinda SC,159673,CA,California,u14,Male,,FALSE,AD,
017906f9-a2a9-4040-aa1a-7a5d307079f8,Woodside Soccer Club Crush U14 HD,Woodside Soccer Club Crush,627424,CA,California,u14,Male,,FALSE,HD,
a950e66b-1ca5-48a6-90bd-9212a04844f5,Modesto Ajax United U14 HD,Modesto Ajax United,361722,CA,California,u14,Male,,FALSE,HD,
89411449-1bc5-4548-b590-549d63ef9e84,City SC Southwest U14 HD,City SC Southwest,651849,CA,California,u14,Male,,FALSE,HD,
8a951b97-3d79-4c79-b3dd-12d6e534c911,Total Futbol Academy U14 AD,TOTAL FUTBOL ACADEMY (CA),249_U14_AD,CA,California,u14,Male,,FALSE,AD,
ac1297d8-58f3-4220-94f3-cb48a7abdb1f,Sporting San Diego U14 AD,Sporting San Diego,86836,CA,California,u14,Male,,FALSE,AD,
05d07d97-804c-4c3a-8f0f-ff23b98c26b7,San Jose Earthquakes U14 HD,San Jose Earthquakes,9_U14_HD,CA,California,u14,Male,,FALSE,HD,
18c44839-9699-4373-a11d-6ac64b6e2257,Silicon Valley Soccer Academy U14 HD,Silicon Valley Soccer Academy,104_U14_HD,CA,California,u14,Male,,FALSE,HD,
3fcaef33-2764-49e5-b8f7-6ace55e56f4d,De Anza Force U14 HD,De Anza Force,77_U14_HD,CA,California,u14,Male,,FALSE,HD,
25a632fa-1c42-4ddb-b26b-d543bafc0d2e,Los Angeles Football Club U14,Los Angeles Football Club,184_U14_HD,CA,California,u14,Male,,FALSE,HD,
64fcfa65-f92b-40a2-9a6c-6ee6afd5d8ad,San Francisco Glens SC U14 HD,San Francisco Glens Soccer Club,409_U14_HD,CA,California,u14,Male,,FALSE,HD,
6829caa5-ccce-4cd7-b6b1-0beeb8da1a7d,Total Futbol Academy U14 HD,TOTAL FUTBOL ACADEMY (CA),672729,CA,California,u14,Male,,FALSE,HD,
b5f1b783-0126-4f07-a455-4b259ff5f45e,Napa United U14 HD,Napa United,630792,CA,California,u14,Male,,FALSE,HD,
cf4b764c-bf69-4d18-9b5a-bf3910b94c69,Santa Barbara Soccer Club U14 HD,Santa Barbara Soccer Club,394_U14_HD,CA,California,u14,Male,,FALSE,HD,
db4062e6-3610-41fc-a428-f458235daec4,SoCal Reds FC U14 AD,SoCal Reds FC,566_U14_AD,CA,California,u14,Male,,FALSE,AD,
e60014ab-17b2-437d-91c4-d36650fd7fb3,Chula Vista FC U14 HD,Chula Vista FC,472426,CA,California,u14,Male,,FALSE,HD,
fa490cd5-772c-430b-9e5d-cd54ec15a11f,Atletico Santa Rosa U14 HD,Atletico Santa Rosa,119943,CA,California,u14,Male,,FALSE,HD,
d40e303d-8924-4352-b204-e054604e6f48,Los Angeles SC U14 HD,Los Angeles SC,489019,CA,California,u14,Male,,FALSE,HD,
fe6c8508-2633-47e3-9bce-f267639c44f9,FC Golden State U14 HD,FC Golden State,499068,CA,California,u14,Male,,FALSE,HD,
29543531-5862-46bf-87f0-aebae872c953,City SC - San Diego U14 AD,City SC - San Diego,381552,CA,California,u14,Male,,FALSE,AD,
4297f77e-b956-4369-a660-2c8282c2e60c,ALBION SC Los Angeles U14 HD,ALBION SC Los Angeles,623642,CA,California,u14,Male,,FALSE,HD,
60e8f25b-229b-41d3-ab26-e609eef835b0,LA Bulls U14 HD,Los Angeles Bulls Soccer Club,656920,CA,California,u14,Male,,FALSE,HD,
407d434d-d8b5-4120-9f17-6ce509e13ae6,Los Angeles Surf U14 AD,LA Surf Soccer Club,617224,CA,California,u14,Male,,FALSE,AD,
67d02884-3fc7-4798-877d-768b27233973,De Anza Force U14 AD,De Anza Force,77_U14_AD,CA,California,u14,Male,,FALSE,AD,
d31785c3-fba2-46cf-a178-86814dabd105,San Francisco Glens SC U14 AD,San Francisco Glens Soccer Club,409_U14_AD,CA,California,u14,Male,,FALSE,AD,
5bb803fc-29c9-4147-8ae2-0bb06e3ea742,Ventura County Fusion U14 AD,Ventura County Fusion,397_U14_AD,CA,California,u14,Male,,FALSE,AD,
6f2e1ce2-f1b4-4452-a2d6-1198513ea673,Los Angeles SC U14 AD,Los Angeles Soccer Club,618448,CA,California,u14,Male,,FALSE,AD,
f975bc42-72be-4a9e-9dd4-4aae93e8d5a7,ALBION SC San Diego U14 AD,ALBION SC San Diego,101_U14_AD,CA,California,u14,Male,,FALSE,AD,
4ce1da53-173b-4991-ab5d-410ed61c6601,ALBION SC Merced U14 HD,ALBION SC Merced,373937,CA,California,u14,Male,,FALSE,HD,
d943f39d-ccbd-46cf-8fdd-305c916b9b63,San Francisco Seals U14 HD,San Francisco Seals,565_U14_HD,CA,California,u14,Male,,FALSE,HD,
9b2a67ea-82ea-4d60-bcde-5d1e1d4af00c,Nomads U14,Nomads,57_U14_HD,CA,California,u14,Male,,FALSE,HD,
281d9cb4-0aa6-4e87-a2d0-b694fc44ae1b,Strikers FC U14 HD,Strikers FC,237548,CA,California,u14,Male,,FALSE,HD,
8eacec11-e5e4-490e-8d7e-fc1e9a4de079,Breakers FC U14,Breakers FC,267_U14_HD,CA,California,u14,Male,,FALSE,HD,
05fb80c5-22c0-41ec-a026-d142b4942585,Colorado United SC U14 AD,Colorado United SC,879_U14_AD,CO,Colorado,u14,Male,2012,FALSE,AD,
35ef54c7-40b6-4822-9347-bf3c3c434897,ALBION SC Colorado U14 AD,ALBION SC Colorado,964_U14_AD,CO,Colorado,u14,Male,2012,FALSE,AD,
6d21eedb-e9c7-4108-940f-16af38823ae0,ALBION SC Denver U14 AD,ALBION SC Denver,1077_U14_AD,CO,Colorado,u14,Male,2012,FALSE,AD,
ea821773-8238-4739-b59f-c938722046a2,Skyline Soccer Association U14 AD,Skyline,1345_U14_AD,CO,Colorado,u14,Male,2012,FALSE,AD,
33b44a9b-40f8-43bc-bac3-cc9d3c17e90f,ALBION SC Colorado U14 HD,ALBION SC Colorado,964_U14_HD,CO,Colorado,u14,Male,2012,FALSE,HD,
7d490830-8c7e-4686-9b87-e30ba77a2525,Broomfield Soccer Club U14 AD,Broomfield Soccer Club,1342_U14_AD,CO,Colorado,u14,Male,2012,FALSE,AD,
d65aa571-aed8-43ca-84fd-44c50f0263f6,Grand Junction Soccer Club U14 AD,Grand Junction Soccer Club,1344_U14_AD,CO,Colorado,u14,Male,2012,FALSE,AD,
2f3b4437-311b-46b3-97be-9e3466787ca9,Ginga FC U14 AD,Ginga FC,1276_U14_AD,CT,Connecticut,u14,Male,2012,FALSE,AD,
74e9bb71-e8e9-4998-a4dc-fcd74f3b7fc4,Oakwood Soccer Club U14 HD,Oakwood Soccer Club,25_U14_HD,CT,Connecticut,u14,Male,2012,FALSE,HD,
98a18014-fcc3-4c11-9de9-1eb276293509,Connecticut Rush U14 AD,Connecticut Rush,435787,CT,Connecticut,u14,Male,2012,FALSE,AD,
df6939bf-560e-416c-9ad8-b0c27c9be9c1,Oakwood Soccer Club U14 AD,Oakwood Soccer Club,145787,CT,Connecticut,u14,Male,2012,FALSE,AD,
0298c946-657e-4708-aaed-0f8d4f332e46,Beachside of Connecticut U14 AD,Beachside of Connecticut,165622,CT,Connecticut,u14,Male,2012,FALSE,AD,
13178ca4-31f3-45e7-b800-a92f547fd9df,Beachside of Connecticut U14 HD,Beachside of Connecticut,89_U14_HD,CT,Connecticut,u14,Male,2012,FALSE,HD,
a44f56b6-1da3-496c-8d81-4c39a9ad7dc7,Connecticut United FC U14 HD,Connecticut United FC,1142_U14_HD,CT,Connecticut,u14,Male,2012,FALSE,HD,
d504ac82-b2e3-48a0-adc9-16e67d237636,D.C. United U14 HD,D.C. United,40_U14_HD,DC,District of Columbia,u14,Male,,FALSE,HD,
1de24288-c6a8-49bc-9b3d-4a66790d80c5,Sporting Athletic Club U14 HD,Sporting Athletic Club,862_U14_HD,DE,Delaware,u14,Male,2012,FALSE,HD,
8c75f215-3746-4be3-9254-8b219d009b9a,Sporting Athletic Club U14 AD,Sporting Athletic Club,862_U14_AD,DE,Delaware,u14,Male,2012,FALSE,AD,
cbe4cd6d-ea5c-48d8-af14-37277e4e0cb9,United Soccer Alliance U14 AD,Clay County SC United Soccer Alliance,82342,FL,Florida,u14,Male,,FALSE,AD,
faf40d93-5bf1-4e48-a2a1-1aaf112c1049,West Florida Flames U14 AD,West Florida Flames,95108,FL,Florida,u14,Male,,FALSE,AD,
56981656-d30f-4758-8b9e-12aece8d6e3f,Sol SC Florida U14 AD,Sol SC Florida,54079,FL,Florida,u14,Male,,FALSE,AD,
e8aa2427-a457-40a2-b314-8f026daf2080,Plantation FC Rush U14 AD,Plantation F.C.,1305_U14_AD,FL,Florida,u14,Male,,FALSE,AD,
952c92c5-3900-475f-abfb-90ee5dd52eaf,IMG U14 HD,IMG Academy,37_U14_HD,FL,Florida,u14,Male,,FALSE,HD,
f53bb8bb-dcab-4111-bf08-0eaf95cc19db,IMG U14 AD,IMG Academy,127089,FL,Florida,u14,Male,,FALSE,AD,
1a10f671-a59a-4af5-8c54-70dd1f994755,IdeaSport SA U14 HD,IdeaSport SA,463_U14_HD,FL,Florida,u14,Male,,FALSE,HD,
abcc59e0-3599-48be-9667-7e71387a30d7,Athletum FC Academy U14 AD,Athletum FC Academy,856_U14_AD,FL,Florida,u14,Male,,FALSE,AD,
779afbae-b869-41c4-a476-c0efa61507cb,Weston FC U14 AD,Weston FC,108824,FL,Florida,u14,Male,,FALSE,AD,
564e2c65-de1a-4a0d-b763-0e3f4dedaba9,South Florida Football Academy U14 AD,South Florida Football Academy,278_U14_AD,FL,Florida,u14,Male,,FALSE,AD,
c2c6701b-8a23-4032-8a46-b81b323786fc,Miami Futbol Academy Rush U14 HD,Miami Futbol Academy Rush,35_U14_HD,FL,Florida,u14,Male,,FALSE,HD,
153b11d2-ea79-476d-b168-6e873e63f530,Tampa Bay United U14 AD,Tampa Bay United,387_U14_AD,FL,Florida,u14,Male,,FALSE,AD,
ad9d9a57-d042-4851-b1af-8484d9e6c2a6,South Florida Football Academy U14 HD,South Florida Football Academy,278_U14_HD,FL,Florida,u14,Male,,FALSE,HD,
6c8ddbcf-a7c3-439d-9cea-82d6ee6c19fb,Tampa Bay United U14 HD,Tampa Bay United,387_U14_HD,FL,Florida,u14,Male,,FALSE,HD,
a170f131-99a2-4abd-93ef-b8ed5741235b,Athletum FC Academy U14 HD,Athletum FC Academy,856_U14_HD,FL,Florida,u14,Male,,FALSE,HD,
db4dcc81-0b98-46fd-9f0d-f447db532346,NONA Soccer Academy U14 AD,Nona Soccer Academy,644103,FL,Florida,u14,Male,,FALSE,AD,
58a3b0b1-6845-45e5-8e1c-ab495bdd06e0,Weston FC U14 HD,Weston FC,11_U14_HD,FL,Florida,u14,Male,,FALSE,HD,
82681815-e422-4936-9ff0-5f738a31428c,IdeaSport SA U14 AD,IdeaSport SA,261432,FL,Florida,u14,Male,,FALSE,AD,
9c76da26-6c5e-435c-a9e9-bebd97ef0dd2,One FC U14 AD,One FC,1304_U14_AD,FL,Florida,u14,Male,,FALSE,AD,
fd91e238-8976-4d85-8579-efcea53d36ef,Galacticos Soccer Academy U14 AD,Galacticos Soccer Academy,1303_U14_AD,FL,Florida,u14,Male,,FALSE,AD,
c4b1f3d4-d71c-4d46-9001-689afbe18a29,Miami Futbol Academy Rush U14 AD,Miami Futbol Academy Rush,35_U14_AD,FL,Florida,u14,Male,,FALSE,AD,
5f1a87cc-99e8-48a1-b147-6b6d89879aaf,Orlando City Soccer School South U14 HD,Orlando City Soccer School South,471_U14_HD,FL,Florida,u14,Male,,FALSE,HD,
2ee49323-318f-4d67-9097-b18b687cbd69,Orlando City Soccer School South U14 AD,Orlando City Soccer School South,471_U14_AD,FL,Florida,u14,Male,,FALSE,AD,
aee8b3bc-98da-475f-92ab-ddb678e8d78a,Inter Miami CF U14 AD,Inter Miami CF,583198,FL,Florida,u14,Male,,FALSE,AD,
135364e5-934c-4e9f-8af9-62edec3916a4,Inter Miami CF U14 HD,Inter Miami CF,335_U14_HD,FL,Florida,u14,Male,,FALSE,HD,
197a6966-194a-4675-9c90-f93814a94e62,Orlando City SC U14 HD,Orlando City SC,22_U14_HD,FL,Florida,u14,Male,,FALSE,HD,
d5da10d3-dc49-44a6-9d44-2bacd680faad,Orlando City Youth SC U14 HD,Orlando City Youth SC,364_U14_HD,FL,Florida,u14,Male,,FALSE,HD,
27371dfc-3877-4997-9b5c-91650c787c4e,Sol SC Florida U14 HD,Sol SC Florida,363_U14_HD,FL,Florida,u14,Male,,FALSE,HD,
79d7b7ab-85c8-40ee-9347-318e78aaee4d,Tampa Chargers Soccer Club U14 AD,Chargers Soccer Club,36_U14_AD,FL,Florida,u14,Male,,FALSE,AD,
869990ab-45a9-4c0a-b8ea-c5e16365daeb,Tampa Chargers Soccer Club U14 HD,Chargers Soccer Club,36_U14_HD,FL,Florida,u14,Male,,FALSE,HD,
45af5eb4-0616-4147-b04b-a8bc3f92a557,Jacksonville FC U14 AD,Jacksonville FC,485740,FL,Florida,u14,Male,,FALSE,AD,
00fdcc29-fe52-40a9-a8c2-5991f7d592ac,West Florida Flames U14 HD,West Florida Flames,95090,FL,Florida,u14,Male,,FALSE,HD,
82c754e1-cdd9-46a4-8b22-9e52242e7229,Jacksonville FC U14 HD,Jacksonville FC,name:jacksonville-fc_U14_HD,FL,Florida,u14,Male,,FALSE,HD,
f3bbaf94-cdbf-49a0-a1f2-af819d30e2b1,Orlando City Youth SC U14 AD,Orlando City Youth SC,364_U14_AD,FL,Florida,u14,Male,,FALSE,AD,
b0956351-bd6c-45a3-9284-4a2583283ab9,Southern Soccer Academy U14 AD,Southern Soccer Academy,366_U14_AD,GA,Georgia,u14,Male,,FALSE,AD,
05bbe990-bf1e-4ec6-bb98-907082e8cd07,Inter Atlanta FC U14 AD,Inter Atlanta FC,383_U14_AD,GA,Georgia,u14,Male,,FALSE,AD,
3cee780b-9ac1-493d-a83a-9a78b222c3ad,Southern Soccer Academy U14 HD,Southern Soccer Academy,event_75_Southern Soccer Academy_U14_HD,GA,Georgia,u14,Male,,FALSE,HD,
0a39e0e1-b432-4acf-8b64-cd0eb41763a1,Inter Atlanta FC U14 HD,Inter Atlanta FC,"673901, 383_U14_HD",GA,Georgia,u14,Male,,FALSE,HD,
f18f7c1c-7ba2-4d82-ac23-b57d9e7c2a88,AFC Lightning U14 AD,AFC Lightning,455_U14_AD,GA,Georgia,u14,Male,,FALSE,AD,
ca2d274b-ce3e-4e62-a4bb-8ad62010b583,AFC Lightning U14 HD,AFC Lightning,455_U14_HD,GA,Georgia,u14,Male,,FALSE,HD,
da88cdba-b4f9-44b8-abda-c7dcf1ad5c2e,Lanier Soccer Association U14 HD,Lanier Soccer Association,382_U14_HD,GA,Georgia,u14,Male,,FALSE,HD,
afe943e1-1724-4794-b0a7-ae968bad1778,Atlanta United U14 HD,Atlanta United,95_U14_HD,GA,Georgia,u14,Male,,FALSE,HD,
073be2ca-0553-4af0-a165-87879dbf7c89,Southern Soccer Academy U14,Southern Soccer Academy,name:southern-soccer-academy_U14_HD,GA,Georgia,u14,Male,,FALSE,HD,
2d0c9d9c-cf3f-43ea-9e5f-2dc085d7bf94,Southern Soccer Academy U14,Southern Soccer Academy,event_72_Southern Soccer Academy_U14_AD,GA,Georgia,u14,Male,,FALSE,AD,
4abc2fa8-0c6b-44b4-9f95-610398ff7ab8,Chicago Fire Youth SC U14 AD,Chicago Fire Youth SC,1306_U14_AD,IL,Illinois,u14,Male,2012,FALSE,AD,
19c2b3fc-9aa5-4eab-b316-58dc38111b2c,Chicago FC United U14 HD,Chicago FC United,83_U14_HD,IL,Illinois,u14,Male,2012,FALSE,HD,
76662f40-2895-4781-8794-78e1d4b6a104,Chicago FC United U14 AD,Chicago FC United,83_U14_AD,IL,Illinois,u14,Male,2012,FALSE,AD,
38f9b848-ea86-4f85-b776-1c2fb30fe099,Sockers FC Chicago U14 HD,Sockers FC Chicago,16_U14_HD,IL,Illinois,u14,Male,2012,FALSE,HD,
e58a5a98-4915-45d5-8208-ca5461bfeebe,Sockers FC Chicago U14 AD,Sockers FC Chicago,16_U14_AD,IL,Illinois,u14,Male,2012,FALSE,AD,
1b351eeb-0769-4fb0-a2a5-5ef5ec966420,St. Louis Scott Gallagher Illinois U14 AD,St. Louis Scott Gallagher Illinois,1314_U14_AD,IL,Illinois,u14,Male,2012,FALSE,AD,
e2b67281-1d5d-41d2-98e1-7e45eda9194c,Chicago Fire FC U14 HD,Chicago Fire FC,31_U14_HD,IL,Illinois,u14,Male,2012,FALSE,HD,
fd7e10da-3062-4830-86c2-cab2b8c39885,Indy Eleven U14 AD,Indy Eleven Academy,48_U14_AD,IN,Indiana,u14,Male,,FALSE,AD,
61c862c0-394e-423a-8397-5a08560c9303,Hoosier Premier U14 HD,Hoosier Premier,1140_U14_HD,IN,Indiana,u14,Male,,FALSE,HD,
315eaf00-0a75-4a7f-a124-6fc525972aab,Indy Eleven U14 HD,Indy Eleven Academy,48_U14_HD,IN,Indiana,u14,Male,,FALSE,HD,
67b46495-e9a9-429a-bb2f-8a201a5b95a3,Sporting Blue Valley U14 AD,Sporting Blue Valley,241_U14_AD,KS,Kansas,u14,Male,2012,FALSE,AD,
49825c05-ebc4-476a-b723-64b23dcb846e,Sporting Wichita U14 AD,Sporting Wichita,247112,KS,Kansas,u14,Male,2012,FALSE,AD,
10c88760-c7c4-45b7-a082-4d9ba2791364,Javanon FC U14 AD,Javanon FC,400_U14_AD,KY,Kentucky,u14,Male,2012,FALSE,AD,
9970f896-73f0-4cfc-8b9c-ddeaa75f87e1,Lexington SC U14 AD,Lexington SC,562_U14_AD,KY,Kentucky,u14,Male,2012,FALSE,AD,
821ae22f-042d-48a7-b4b6-73cb1a17ecce,Javanon FC  U14 HD,Javanon FC,400_U14_HD,KY,Kentucky,u14,Male,2012,FALSE,HD,
37f70497-66b3-44b7-ae77-83c347b12402,Louisiana TDP Elite U14 HD,Louisiana TDP Elite,469_U14_HD,LA,Louisiana,u14,Male,,FALSE,HD,
a5944a7d-ecce-46d9-a4c7-5ffb99c86367,NEFC U14 HD,NEFC,405_U14_HD,MA,Massachusetts,u14,Male,,FALSE,HD,
8e4027af-bb29-4d03-970c-52167292d023,Valeo Futbol Club U14 HD,Valeo Futbol Club,402_U14_HD,MA,Massachusetts,u14,Male,,FALSE,HD,
a1c7fbfb-527a-444d-a4bd-387c13cd1fe1,IFA West U14 AD,IFA West,1263_U14_AD,MA,Massachusetts,u14,Male,,FALSE,AD,
0592a0dd-6295-4ec7-982f-5c43645d0db8,New England Revolution U14 HD,New England Revolution,27_U14_HD,MA,Massachusetts,u14,Male,,FALSE,HD,
bbdb5606-82bf-4fb2-ade2-e7be0f2e4f0e,NEFC South U14 AD,NEFC South,1277_U14_AD,MA,Massachusetts,u14,Male,,FALSE,AD,
8302a219-1ce8-4895-8a99-de6ba0379ece,FC Greater Boston Bolts U14 HD,FC Greater Boston Bolts,67_U14_HD,MA,Massachusetts,u14,Male,,FALSE,HD,
c946925f-3430-4610-b9ec-c2fb4a402878,Valeo Futbol Club U14 AD,Valeo Futbol Club,402_U14_AD,MA,Massachusetts,u14,Male,,FALSE,AD,
35a6e86c-df17-472b-af23-063c1f2bb07e,Intercontinental Football Academy of New England U14 AD,Intercontinental Football Academy of New England,464_U14_AD,MA,Massachusetts,u14,Male,,FALSE,AD,
cfce0784-12d7-4ceb-91a2-4eff8ddbf21f,NEFC U14 AD,NEFC,405_U14_AD,MA,Massachusetts,u14,Male,,FALSE,AD,
cd390eac-3411-4b14-8447-f9063f8bfdf3,New England Revolution U14 AD,New England Revolution,27_U14_AD,MA,Massachusetts,u14,Male,,FALSE,AD,
795ff31c-fa82-4f7a-8c8d-9461a989879c,Intercontinental Football Academy of New England U14 HD,Intercontinental Football Academy of New England,464_U14_HD,MA,Massachusetts,u14,Male,,FALSE,HD,
777df86b-af1e-404b-8a98-0e26dfc7f9a5,KSA U14 HD,KSA,466_U14_HD,MA,Massachusetts,u14,Male,,FALSE,HD,
f12aa3f4-11ce-487c-8a5a-9aa33e311727,KSA U14 AD,KSA,466_U14_AD,MA,Massachusetts,u14,Male,,FALSE,AD,
06574658-207a-4be5-9d15-4275791da215,Seacoast United Mass U14 AD,Seacoast United Mass,1265_U14_AD,MA,Massachusetts,u14,Male,,FALSE,AD,
a9996b76-374e-4936-a1e7-c5f13ecfbe37,Coppermine SC U14 AD,Coppermine Soccer Club,1287_U14_AD,MD,Maryland,u14,Male,,FALSE,AD,
cc8107c4-d8c1-4491-8a79-1e05002786f0,Achilles FC U14 HD,Achilles FC,371_U14_HD,MD,Maryland,u14,Male,,FALSE,HD,
86af5f5b-3bbc-42e8-879c-ee65de136b3c,Achilles FC U14 AD,Achilles FC,371_U14_AD,MD,Maryland,u14,Male,,FALSE,AD,
71b4d1de-068c-4f59-b211-574c63912bd0,Bethesda SC U14 AD,Bethesda SC,91_U14_AD,MD,Maryland,u14,Male,,FALSE,AD,
e0c977f5-4ed7-43c4-9c50-779f5223a238,Baltimore Armour U14 AD,Baltimore Armour,54_U14_AD,MD,Maryland,u14,Male,,FALSE,AD,
a0700eb9-923b-4f5b-bf0d-4843475c3894,Bethesda SC U14 HD,Bethesda SC,91_U14_HD,MD,Maryland,u14,Male,,FALSE,HD,
18496c2b-c6d6-4124-be0d-0a1ef2d0bb99,Baltimore Armour U14 HD,Baltimore Armour,54_U14_HD,MD,Maryland,u14,Male,,FALSE,HD,
a5bedd73-bc58-4747-8492-0062626193b5,Michigan Futbol Academy U14 HD,Michigan Futbol Academy,1310_U14_HD,MI,Michigan,u14,Male,2012,FALSE,HD,
0b633b7f-e978-4165-8824-73431ef2936f,Michigan Bucks Academy U14 AD,Michigan Bucks Academy,1309_U14_AD,MI,Michigan,u14,Male,2012,FALSE,AD,
0822bfc9-5fd4-4b5c-ba10-8eb044aa68a8,Michigan Tigers FC U14 AD,Michigan Tigers FC,1313_U14_AD,MI,Michigan,u14,Male,2012,FALSE,AD,
f75a3c15-f3a3-4508-9268-5da1a608f208,Midwest United FC U14 AD,Midwest United FC,368_U14_AD,MI,Michigan,u14,Male,2012,FALSE,AD,
f3b7a1a2-ef1b-4ecd-85ff-8276abffb330,Midwest United FC U14 HD,Midwest United FC,368_U14_HD,MI,Michigan,u14,Male,2012,FALSE,HD,
3737c908-3af8-4530-9e04-153d4602a7d7,Michigan Jaguars U14 AD,Michigan Jaguars,370_U14_AD,MI,Michigan,u14,Male,2012,FALSE,AD,
bec63440-6c58-462d-b78a-3da90fa2af27,Vardar Soccer Club U14 HD,Vardar Soccer Club,43_U14_HD,MI,Michigan,u14,Male,2012,FALSE,HD,
b05a53df-89c6-4ead-9252-3c229790dcab,Vardar Soccer Club U14 AD,Vardar Soccer Club,43_U14_AD,MI,Michigan,u14,Male,2012,FALSE,AD,
5434915b-53a9-440a-8118-95e5e1fbb975,Michigan Stars Elite U14 AD,Michigan Stars Elite SC,255776,MI,Michigan,u14,Male,2012,FALSE,AD,
77ca4e81-97a5-4b69-a0f9-88dfd2099d07,Michigan Jaguars U14 HD,Michigan Jaguars,205554,MI,Michigan,u14,Male,2012,FALSE,HD,
c970a4f9-4611-400f-80e8-54da52e1e46f,Michigan Jaguars United FC U14 AD,Michigan Jaguars United FC,1311_U14_AD,MI,Michigan,u14,Male,2012,FALSE,AD,
1b848f76-7621-48f9-9c9f-e0c6209dede8,Michigan Wolves U14 AD,Michigan Wolves,83390,MI,Michigan,u14,Male,2012,FALSE,AD,
ad5774a4-b26e-4899-8f3b-d91416778bee,Michigan Wolves U14 HD,Michigan Wolves,508180,MI,Michigan,u14,Male,2012,FALSE,HD,
c7e355df-ce52-4b56-a225-955cc0357b9d,Michigan Futbol Academy U14 AD,Michigan Futbol Academy,1310_U14_AD,MI,Michigan,u14,Male,2012,FALSE,AD,
aaa813bf-c60e-4736-a007-e7de4f6fbe43,Manitou F.C. U14 AD,Manitou F.C.,166746,MN,Minnesota,u14,Male,2012,FALSE,AD,
082c1d04-95d8-48cd-a696-3035b376208d,Saint Paul Blackhawks U14 AD,Saint Paul Blackhawks,1318_U14_AD,MN,Minnesota,u14,Male,2012,FALSE,AD,
2b987ca9-19e5-4f6c-bdde-60daf58a8b7a,Tonka Fusion Elite U14 AD,Tonka Fusion Elite,1319_U14_AD,MN,Minnesota,u14,Male,2012,FALSE,AD,
fa365b27-ffef-4949-bcc9-d9b1174783d3,Lakeville SC U14 AD,Lakeville Soccer Club,1316_U14_AD,MN,Minnesota,u14,Male,2012,FALSE,AD,
7e305120-aacf-48a6-99df-c1bb631211c3,Minneapolis United SC U14 AD,Minneapolis United SC,1317_U14_AD,MN,Minnesota,u14,Male,2012,FALSE,AD,
89b09b20-77c2-4c38-9aa7-b2e5cc753500,Sporting City U14 AD,Sporting City,1328_U14_AD,MO,Missouri,u14,Male,,FALSE,AD,
27a5f956-f397-4b2e-8b28-072813834a30,Lou Fusz Athletic 2 U14,Lou Fusz Athletic 2,1270_U14_AD,MO,Missouri,u14,Male,,FALSE,AD,
72a746a4-09f7-4b7a-8ae3-7e8c0be7c04f,St. Louis CITY SC U14,St. Louis CITY SC,470_U14_HD,MO,Missouri,u14,Male,,FALSE,HD,
41f0d454-98a8-4253-aeaa-d5846c3b9ff2,St. Louis Scott Gallagher U14,St. Louis Scott Gallagher,82_U14_HD,MO,Missouri,u14,Male,,FALSE,HD,
4fbcaa87-77cd-4688-a430-d4669a9500d0,St. Louis Scott Gallagher U14,St. Louis Scott Gallagher,82_U14_AD,MO,Missouri,u14,Male,,FALSE,AD,
922535a0-7b2d-4bda-a967-4d777cfdd34b,Lou Fusz Athletic U14,Lou Fusz Athletic,468_U14_AD,MO,Missouri,u14,Male,,FALSE,AD,
517e76c2-2aad-4b4b-89cf-c74a8cd40579,Sporting Springfield U14,Sporting Springfield,1329_U14_AD,MO,Missouri,u14,Male,,FALSE,AD,
b5e429df-f105-4452-81c9-44d8cd0ad610,St. Louis Scott Gallagher St. Charles (Missouri) U14,St. Louis Scott Gallagher St. Charles (Missouri),1271_U14_AD,MO,Missouri,u14,Male,,FALSE,AD,
d8b66307-4a06-4ec1-9022-33ee720f1a77,Lou Fusz Athletic U14,Lou Fusz Athletic,468_U14_HD,MO,Missouri,u14,Male,,FALSE,HD,
8ccf18eb-0b80-4ee8-a508-daa1783f60cc,St. Louis Development Academy U14,St. Louis Development Academy,1330_U14_AD,MO,Missouri,u14,Male,,FALSE,AD,
64f59a01-34d4-473c-92db-3f8d9ccd82a0,Sporting Kansas City U14,Sporting Kansas City,41_U14_HD,MO,Missouri,u14,Male,,FALSE,HD,
9bcdf2c8-34b9-4cfd-89f6-1a0e1ee5b607,Southern States Soccer Club U14,Southern States Soccer Club,1037_U14_HD,MS,Mississippi ,u14,Male,,FALSE,HD,
fcc098aa-0e4e-49fc-b956-a0a6b2d93d18,Queen City Mutiny FC U14 HD,Queen City Mutiny FC,115143,NC,North Carolina,u14,Male,2012,FALSE,HD,
15a50748-1f03-47f6-8181-30d58983f5b1,Triangle United Soccer Association U14 HD,Triangle United,567_U14_HD,NC,North Carolina,u14,Male,2012,FALSE,HD,
2391d641-a5f8-4b1f-81c7-714497f20160,Wake FC U14 AD,Wake FC,561600,NC,North Carolina,u14,Male,2012,FALSE,AD,
ac658adf-f3b6-4f13-af46-958bf0af51c8,Triangle United Soccer Association U14 AD,Triangle United,567_U14_AD,NC,North Carolina,u14,Male,2012,FALSE,AD,
3c30b3b1-3d4f-4529-89cd-774323a1ed42,Wake FC U14 HD,Wake FC,477_U14_HD,NC,North Carolina,u14,Male,2012,FALSE,HD,
ffc6a918-e32c-49e6-8ae0-bc32e39c6fa7,Charlotte FC U14 HD,Charlotte FC,398_U14_HD,NC,North Carolina,u14,Male,2012,FALSE,HD,
ec0f5b16-ebd0-480c-88df-c00724083f37,Charlotte Independence U14 HD,Charlotte Independence,494_U14_HD,NC,North Carolina,u14,Male,2012,FALSE,HD,
600b052e-3524-4e8e-a312-61460526e9fd,Carolina Core FC U14 AD,Carolina Core FC,1145_U14_AD,NC,North Carolina,u14,Male,2012,FALSE,AD,
ff753ede-6d26-4dde-a24e-2fe36ec3092b,Queen City Mutiny FC U14 AD,Queen City Mutiny FC,472_U14_AD,NC,North Carolina,u14,Male,2012,FALSE,AD,
8e409125-e9d9-4f28-ac93-04ab7cf15bd4,Carolina Velocity FC U14 AD,Carolina Velocity FC,1296_U14_AD,NC,North Carolina,u14,Male,2012,FALSE,AD,
d0d88c96-4f64-4248-b046-1a036dfca3c4,Charlotte Independence  U14 AD,Charlotte Independence,494_U14_AD,NC,North Carolina,u14,Male,2012,FALSE,AD,
d6de47f6-37c4-49ca-b30d-bdb9faba45e4,Carolina Core FC U14 HD,Carolina Core FC,1145_U14_HD,NC,North Carolina,u14,Male,2012,FALSE,HD,
69f8f929-03f7-4296-91af-641761a43700,Sting Nebraska U14 AD,Sting Nebraska,521408,NE,Nebraska,u14,Male,2012,FALSE,AD,
c9241c10-f67a-47a0-8fa1-fc6f1853b61a,Seacoast United Bedford U14 AD,Seacoast United Bedford,1264_U14_AD,NH,New Hampshire,u14,Male,2012,FALSE,AD,
2ddf54af-a837-463b-bef1-2848bcffd03c,Seacoast United U14 HD,Seacoast United,72_U14_HD,NH,New Hampshire,u14,Male,2012,FALSE,HD,
f539b3df-0ef5-42e0-9f55-86e930580b53,The Football Academy U14 HD,The Football Academy,1290_U14_HD,NJ,New Jersey,u14,Male,,FALSE,HD,
65866efe-bd2a-444f-9ef9-3b36e48fa978,Atlantic United U14 AD,Atlantic United,1286_U14_AD,NJ,New Jersey,u14,Male,,FALSE,AD,
ad96157b-0e71-4a31-878f-51e35c10b1b8,TSF Academy U14 AD,TSF Academy,365_U14_AD,NJ,New Jersey,u14,Male,,FALSE,AD,
96d2353e-c3fb-475d-903c-edf17d56b604,TSF Academy U14 HD,TSF Academy,365_U14_HD,NJ,New Jersey,u14,Male,,FALSE,HD,
ecbb625f-e6f0-4aba-8868-19ffe9a053a4,Ironbound Soccer Club U14 HD,Ironbound Soccer Club,490_U14_HD,NJ,New Jersey,u14,Male,,FALSE,HD,
62da8d40-12f4-42b0-ad28-46339c7af79e,Cedar Stars Academy Bergen U14 HD,Cedar Stars Academy Bergen,137_U14_HD,NJ,New Jersey,u14,Male,,FALSE,HD,
3429f049-c84a-445d-b53d-9fbf88826036,Ironbound Soccer Club U14 AD,Ironbound Soccer Club,490_U14_AD,NJ,New Jersey,u14,Male,,FALSE,AD,
a07884ac-ea58-498d-8427-ad8887f24f0c,The Football Academy U14 AD,The Football Academy,1290_U14_AD,NJ,New Jersey,u14,Male,,FALSE,AD,
b14e83f0-2afc-475f-979a-72d83a0918c8,Cedar Stars Academy Newark U14,Cedar Stars Academy Newark,1283_U14_AD,NJ,New Jersey,u14,Male,,FALSE,AD,
39113182-a153-4145-b92a-cc661880903f,Cedar Stars Academy Bergen U14,Cedar Stars Academy Bergen,137_U14_AD,NJ,New Jersey,u14,Male,,FALSE,AD,
f3f19fd2-488b-422f-89b7-f305fd2e965f,Real Futbol Academy U14,Real Futbol Academy,401_U14_AD,NJ,New Jersey,u14,Male,,FALSE,AD,
481fc1cc-4055-4f6b-8182-7fa38dec1034,Cedar Stars Academy Monmouth U14,Cedar Stars Academy Monmouth,138_U14_AD,NJ,New Jersey,u14,Male,,FALSE,AD,
1206f75e-7593-4c61-b00a-e8795281042e,Players Development Academy U14,Players Development Academy,63_U14_AD,NJ,New Jersey,u14,Male,,FALSE,AD,
c889b07b-827b-47d7-8801-57b3372017e4,PDA Hibernian U14,PDA Hibernian,1289_U14_AD,NJ,New Jersey,u14,Male,,FALSE,AD,
c7ceb0de-9b07-442a-ba9c-2a133f6f7cf9,Trenton City Soccer Club U14,Trenton City Soccer Club,1291_U14_AD,NJ,New Jersey,u14,Male,,FALSE,AD,
1ccdc729-b444-4d7e-a13e-e0f09b7beef4,Cedar Stars Academy Monmouth U14,Cedar Stars Academy Monmouth,138_U14_HD,NJ,New Jersey,u14,Male,,FALSE,HD,
8da85aeb-8668-4206-b811-d1b3e8d122ff,Players Development Academy U14,Players Development Academy,63_U14_HD,NJ,New Jersey,u14,Male,,FALSE,HD,
24a1a0a8-5a53-43ce-8291-79cb0f1f491a,Real Futbol Academy U14,Real Futbol Academy,401_U14_HD,NJ,New Jersey,u14,Male,,FALSE,HD,
ce87e4c6-ce36-44e9-8927-53b5f23ee0fd,Classic FC U14 AD,Classic FC,1343_U14_AD,NM,New Mexico,u14,Male,,FALSE,AD,
8d901d8a-5073-4bf6-9ea0-72c84de0f6aa,New Mexico Soccer Academy U14 AD,New Mexico Soccer Academy,1076_U14_AD,NM,New Mexico,u14,Male,,FALSE,AD,
913532b7-20e1-411c-9806-21e72a9f6faf,ALBION SC Las Vegas U14 AD,ALBION SC Las Vegas,"456_U14_AD, 137935",NV,Nevada,u14,Male,2012,FALSE,AD,
5475f4cf-99a8-42dd-add9-f94fb7d79aed,ALBION SC Las Vegas U14 HD,ALBION SC Las Vegas,"456_U14_HD, 280675",NV,Nevada,u14,Male,2012,FALSE,HD,
c9c10044-8422-40ba-b8f1-5354c9c29fb6,Players SC U14 AD,Players SC,1349_U14_AD,NV,Nevada,u14,Male,2012,FALSE,AD,
b767b962-e0ca-4a4b-a177-39177f9d67cc,Las Vegas Sports Academy U14 AD,Las Vegas Sports Academy,467_U14_AD,NV,Nevada,u14,Male,2012,FALSE,AD,
7010b33d-9a72-4fc1-8574-1657b4393d1b,Las Vegas Sports Academy U14 HD,Las Vegas Sports Academy,"260028, 467_U14_HD",NV,Nevada,u14,Male,2012,FALSE,HD,
3974af62-1b87-4884-9320-2b57ddb7a592,Rochester NY FC U14 AD,Rochester NY FC,563876,NY,New York,u14,Male,2012,FALSE,AD,
622eb302-6634-4897-860c-5af8e48f2b95,Long Island Slammers U14 AD,Long Island Slammers,1285_U14_AD,NY,New York,u14,Male,2012,FALSE,AD,
27700ede-0592-4306-9c84-a41af2b3c35a,Metropolitan Oval U14 AD,Metropolitan Oval,52790,NY,New York,u14,Male,2012,FALSE,AD,
67269e05-9ffc-4dac-beab-0fa3f0bb3381,New York SC U14 HD,New York SC,90_U14_HD,NY,New York,u14,Male,2012,FALSE,HD,
d5372b70-a8d2-423e-812a-f6207fb8f532,Long Island Soccer Club U14 AD,Long Island Soccer Club,1146_U14_AD,NY,New York,u14,Male,2012,FALSE,AD,
c0562d4c-d399-4344-a486-ebe2185c8a97,FA Euro New York U14 AD,FA Euro New York,496_U14_AD,NY,New York,u14,Male,2012,FALSE,AD,
8dc773a9-fe39-4f6a-b5a0-e5df58872c18,FC Westchester U14 AD,FC Westchester,119745,NY,New York,u14,Male,2012,FALSE,AD,
a8e05744-6bc2-4c1d-8329-81c4ae894981,New York SC U14 AD,New York SC,90_U14_AD,NY,New York,u14,Male,2012,FALSE,AD,
5d845809-b509-486a-80c2-ae0121ed65ba,Downtown United Soccer Club U14 AD,Downtown United Soccer Club,1143_U14_AD,NY,New York,u14,Male,2012,FALSE,AD,
72b6e5e0-9d74-41cf-b3f0-e766867632c8,Blau Weiss Gottschee U14 AD,Blau Weiss Gottschee,32_U14_AD,NY,New York,u14,Male,2012,FALSE,AD,
2c13deea-aa5e-49c7-8a39-a32bb5e4b479,New York Rush U14 AD,New York Rush,278925,NY,New York,u14,Male,2012,FALSE,AD,
ed24359c-f2d2-49d3-af48-0eea22ad5e6f,Metropolitan Oval U14 HD,Metropolitan Oval,188_U14_HD,NY,New York,u14,Male,2012,FALSE,HD,
dda68cb9-04c8-4f59-9ef8-586134bd44c0,Long Island Soccer Club U14 HD,Long Island Soccer Club,1146_U14_HD,NY,New York,u14,Male,2012,FALSE,HD,
c026dd39-fb2b-477e-a378-5d84cc70cc4b,New York City FC U14 HD,New York City FC,196_U14_HD,NY,New York,u14,Male,2012,FALSE,HD,
39b58d15-1569-470b-a2c7-0b4a3e3e14e3,Syracuse Development Academy U14 AD,Syracuse Development Academy,1282_U14_AD,NY,New York,u14,Male,2012,FALSE,AD,
eef6da67-c5f2-4e8d-a22f-d7348cc24f26,New York Elite Alleycats FC U14 AD,New York Elite Alleycats FC,1279_U14_AD,NY,New York,u14,Male,2012,FALSE,AD,
444ba40d-0abc-4757-9888-6930194507cd,FC Harlem U14 AD,FC Harlem,791_U14_AD,NY,New York,u14,Male,2012,FALSE,AD,
f05e8fe3-4979-4b64-8768-89d01ce940bd,FC Hudson Valley U14 AD,FC Hudson Valley,1284_U14_AD,NY,New York,u14,Male,2012,FALSE,AD,
9572a3b9-5499-413a-a1c6-7370b6ff1116,Rochester NY FC U14 HD,Rochester NY FC,70_U14_HD,NY,New York,u14,Male,2012,FALSE,HD,
00b54932-78bb-4f4e-bf08-d2c307a6ee2a,FA Euro New York U14 HD,FA Euro New York,496_U14_HD,NY,New York,u14,Male,2012,FALSE,HD,
8fb67f4e-6e98-4e43-89fb-92d2c9d9b417,Blau Weiss Gottschee U14 HD,Blau Weiss Gottschee,32_U14_HD,NY,New York,u14,Male,2012,FALSE,HD,
8667a4d0-e9f6-4fd2-a5e6-a79da6553398,FC Westchester U14 HD,FC Westchester,38_U14_HD,NY,New York,u14,Male,2012,FALSE,HD,
2ef93b70-d7fb-4a8c-9e36-24c8de135325,Downtown United Soccer Club U14 HD,Downtown United Soccer Club,1143_U14_HD,NY,New York,u14,Male,2012,FALSE,HD,
f665f140-b531-4018-a4bf-d6fd95ddc98b,New York Red Bulls U14 HD,New York Red Bulls,13_U14_HD,NY,New York,u14,Male,2012,FALSE,HD,
c88f93cc-8d4a-4326-9c36-02e1795f5245,Kings Hammer Cincinnati U14 AD,Kings Hammer Soccer Club,1308_U14_AD,OH,Ohio,u14,Male,2012,FALSE,AD,
b9c7f3b5-2e98-4fe6-bc88-0c6c5c2c1d37,Club Ohio U14 AD,Club Ohio,1307_U14_AD,OH,Ohio,u14,Male,2012,FALSE,AD,
34788f4b-a29b-41ad-ba8d-5e7387f06e7a,Cincinnati United Premier Soccer Club U14 AD,Cincinnati United Premier Soccer Club,369_U14_AD,OH,Ohio,u14,Male,2012,FALSE,AD,
4da8e6f6-89c8-4992-a1f6-d4e662923d3f,Cincinnati United Premier Soccer Club U14 HD,Cincinnati United Premier Soccer Club,369_U14_HD,OH,Ohio,u14,Male,2012,FALSE,HD,
f7dec087-7585-4f30-8f34-fc155a136c1c,FC Cincinnati U14 HD,FC Cincinnati,334_U14_HD,OH,Ohio,u14,Male,2012,FALSE,HD,
92154fd6-a57e-4df4-8df3-da4e22b0fe25,Sporting Oklahoma U14 AD,Sporting Oklahoma,1324_U14_AD,OK,Oklahoma,u14,Male,,FALSE,AD,
13f736a3-d7f7-4d36-ab7f-d6332a4187a9,Tulsa Greenwood SC U14 HD,Tulsa Greenwood SC,1325_U14_HD,OK,Oklahoma,u14,Male,,FALSE,HD,
adaba506-8b2a-4250-b77c-da4c56afaa4d,Tulsa Greenwood SC U14 AD,Tulsa Greenwood SC,1325_U14_AD,OK,Oklahoma,u14,Male,,FALSE,AD,
25098048-9534-442a-a7f0-3d125a114f42,Oregon Surf SC U14 AD,Oregon Surf SC,1333_U14_AD,OR,Oregon,u14,Male,2012,FALSE,AD,
0656ae23-725a-443a-a3e5-268fef5e1912,Westside Metros FC U14 AD,Westside Metros FC,1339_U14_AD,OR,Oregon,u14,Male,2012,FALSE,AD,
9237e39d-08f9-4d6d-8861-d12cd53c6ce6,Westside Metros FC South U14 HD,Westside Metros FC South,1340_U14_HD,OR,Oregon,u14,Male,2012,FALSE,HD,
f24af688-7816-4ee2-814c-6d03e72f6c4c,Keystone FC U14 HD,Keystone FC,1139_U14_HD,PA,Pennsylvania,u14,Male,,FALSE,HD,
d314de99-616f-450a-b945-98b63f34d994,PA Classics U14 HD,PA Classics,29_U14_HD,PA,Pennsylvania,u14,Male,,FALSE,HD,
4ee310eb-8090-4771-a14d-da1c0cbd4780,Beadling SC U14 HD,Beadling SC,459_U14_HD,PA,Pennsylvania,u14,Male,,FALSE,HD,
ef1322d8-112b-41c5-aad3-418959aeb87a,Keystone FC U14 AD,Keystone FC,1139_U14_AD,PA,Pennsylvania,u14,Male,,FALSE,AD,
b9d8b650-65e8-40d1-824f-815d7358ec70,PA Classics U14 AD,PA Classics,29_U14_AD,PA,Pennsylvania,u14,Male,,FALSE,AD,
7803d212-e722-4492-8512-cdb82b35c0af,FC DELCO U14 AD,FC DELCO,597074,PA,Pennsylvania,u14,Male,,FALSE,AD,
72176d3c-6174-483d-854c-8acde1c2d711,PA Classics Harrisburg U14 AD,PA Classics Harrisburg,1288_U14_AD,PA,Pennsylvania,u14,Male,,FALSE,AD,
1736a61e-d7f4-4ffa-89da-9495e0bcbfee,Beadling SC U14 AD,Beadling SC,459_U14_AD,PA,Pennsylvania,u14,Male,,FALSE,AD,
439b0d21-4db3-424f-a649-a55ab3913279,FC DELCO U14 HD,FC DELCO,62_U14_HD,PA,Pennsylvania,u14,Male,,FALSE,HD,
44aa59e7-6186-4c73-b4f8-0b8b99015278,Philadelphia Union U14 HD,Philadelphia Union,21_U14_HD,PA,Pennsylvania,u14,Male,,FALSE,HD,
02d754f3-05b6-4e7c-8754-c9f622833f63,Bayside FC U14 AD,Bayside FC,403_U14_AD,RI,Rhode Island,u14,Male,2012,FALSE,AD,
3a39d3ae-a2d6-4ef1-84a1-ca33ce967258,Bayside FC U14 HD,Bayside FC,403_U14_HD,RI,Rhode Island,u14,Male,2012,FALSE,HD,
9bb7c0e6-c99a-45fe-83f8-713491b989e3,Rhode Island Surf SC U14 AD,Rhode Island Surf SC,1281_U14_AD,RI,Rhode Island,u14,Male,2012,FALSE,AD,
46ba4251-9de9-4c91-b84a-9204eae2eb54,Lowcountry United U14 AD,Lowcountry United,1299_U14_AD,SC,,u14,Male,,FALSE,AD,
9842c1ea-93b9-488e-90cd-5b277f75e16d,Charleston SC U14,Charleston SC,1297_U14_AD,SC,,u14,Male,,FALSE,AD,
c7908916-965c-4047-b635-ab097530fa80,Tormenta FC Academy U14,Tormenta FC Academy,476_U14_HD,SC,South Carolina,u14,Male,,FALSE,HD,
e315ff66-4d18-4671-b89c-ba2a8bfd844f,Tormenta FC Academy U14,Tormenta FC Academy,476_U14_AD,SC,South Carolina,u14,Male,,FALSE,AD,
6b14f75e-5848-4fb0-bc2d-cf0676ca9950,Kings Hammer Nashville U14 AD,Kings Hammer Nashville,1301_U14_AD,TN,Tennessee,u14,Male,,FALSE,AD,
7db4d390-c417-4560-919c-86eacab63002,Chattanooga FC U14 HD,Chattanooga FC,1360_U14_HD,TN,Tennessee,u14,Male,,FALSE,HD,
5fb6810d-377a-43b0-a94d-004e27e135b8,Nashville SC U14 AD,Nashville SC,385_U14_AD,TN,Tennessee,u14,Male,,FALSE,AD,
7c519381-d13c-478b-976b-0c8743371b34,Nashville United Soccer Academy U14 AD,Nashville United Soccer Academy,869_U14_AD,TN,Tennessee,u14,Male,,FALSE,AD,
e59d8947-da07-41a3-8820-99baab7b7324,Nashville SC U14 HD,Nashville SC,385_U14_HD,TN,Tennessee,u14,Male,,FALSE,HD,
f0dc4772-9dfb-4924-8c0c-cf0308dd8b82,One Knoxville SC U14 AD,One Knoxville SC,597_U14_AD,TN,Tennessee,u14,Male,,FALSE,AD,
0601e27d-a79e-4f6c-80df-8a2127550ce1,Nashville United Soccer Academy U14 HD,Nashville United Soccer Academy,869_U14_HD,TN,Tennessee,u14,Male,,FALSE,HD,
cdb52837-69fa-4f39-b7f1-424446935327,Global Football Innovation Academy U14 HD,Global Football Innovation Academy,867_U14_HD,TX,,u14,Male,,FALSE,HD,
0a121e8c-eb68-439c-8e59-22a247e756be,Dallas Hornets U14 HD,Dallas Hornets,519028,TX,Texas,u14,Male,,FALSE,HD,
fb80172f-67f1-47eb-99ce-839450edd89c,956 United U14 AD,956 United,530471,TX,Texas,u14,Male,,FALSE,AD,
a0c39454-1d45-4562-b4fc-94447acac043,GFI Academy North U14 AD,GFI Academy North,941_U14_AD,TX,,u14,Male,,FALSE,AD,
93fd98de-dad2-4175-bff4-1071bfabc0d2,SGA U14 AD,SGA,1420_U14_AD,TX,Texas,u14,Male,,FALSE,AD,
3ab60651-7661-408b-bfc7-34a44045aab5,Houston Futsal Club (HFA) U14 AD,Houston Futsal Club (HFA),1321_U14_AD,TX,,u14,Male,,FALSE,AD,
186950ed-5006-4cd9-9276-cccb552a9743,Capital City North U14 AD,Capital City North,1266_U14_AD,TX,,u14,Male,,FALSE,AD,
1b462456-4adb-4c91-a454-148d06f94cf5,SA United SC U14 AD,SA United SC,1322_U14_AD,TX,Texas,u14,Male,,FALSE,AD,
93a6633b-6aed-4aed-8c60-cf679d429649,Capital City South U14 AD,Capital City South,1267_U14_AD,TX,,u14,Male,,FALSE,AD,
a6f99873-9f02-45ba-a808-45e4527ede54,Dallas Hornets North U14 AD,Dallas Hornets North,1268_U14_AD,TX,,u14,Male,,FALSE,AD,
5d39416a-7324-4497-b73c-119c943452a0,Capital City SC U14 HD,Capital City SC,417234,TX,,u14,Male,,FALSE,HD,
15be838e-5f13-419f-b5d5-46a4a741885c,GFI Academy South U14 AD,GFI Academy South,942_U14_AD,TX,,u14,Male,,FALSE,AD,
5c3588f8-43f9-4cb0-8ec4-5a483a22c123,Houston Rangers U14 AD,Houston Rangers,868_U14_AD,TX,Texas,u14,Male,,FALSE,AD,
c98a5a90-fe80-4b2f-bf96-91d7bfe18638,Aspire FC U14 AD,Aspire FC,451753,TX,Texas,u14,Male,,FALSE,AD,
af0d39ae-a786-4ebf-9b25-3d74320af4ed,Houston Dynamo FC U14 HD,Houston Dynamo FC,44_U14_HD,TX,Texas,u14,Male,,FALSE,HD,
454d3f54-007b-4096-bc9c-83d83b3d692b,Galaxy Soccer Club U14 AD,Galaxy Soccer Club,1250_U14_AD,TX,Texas,u14,Male,,FALSE,AD,
ae2b9029-f8b5-4f4f-b49f-4e8cbd6a2bea,Dallas Hornets East U14 AD,Dallas Hornets East,866_U14_AD,TX,Texas,u14,Male,,FALSE,AD,
2dd611c4-541f-4a9a-97b9-2be18e53a4a5,Austin FC U14 HD,Austin FC,362_U14_HD,TX,Texas,u14,Male,,FALSE,HD,
2d1d0ac1-b578-4ada-9f3f-3ef878a050c5,AC River U14 HD,AC River,1144_U14_HD,TX,Texas,u14,Male,,FALSE,HD,
7e12a5b5-145f-4db5-aea0-8c0f9f62aa3b,Houston Rangers U14 HD,Houston Rangers,868_U14_HD,TX,Texas,u14,Male,,FALSE,HD,
16adf1ab-9a29-4e4b-adc5-a8d3c26a34a9,FC Dallas U14 HD,FC Dallas,10_U14_HD,TX,Texas,u14,Male,,FALSE,HD,
7e21a3ca-57be-4e81-8f39-b231942d1ffa,Wasatch SC U14 AD,Wasatch SC,913_U14_AD,UT,Utah,u14,Male,2012,FALSE,AD,
769f15f1-e5b4-462f-8205-62f058a542e3,City SC Utah U14 AD,City SC Utah,1347_U14_AD,UT,Utah,u14,Male,2012,FALSE,AD,
413bf1ec-4825-4f45-bea7-73ba054a20e1,Sparta United Soccer Club U14 AD,Sparta United Soccer Club,1350_U14_AD,UT,Utah,u14,Male,2012,FALSE,AD,
6e637a5e-82d8-4091-bf7c-71ff9a508cd9,Celtic Storm U14 AD,Utah Celtic,1346_U14_AD,UT,Utah,u14,Male,2012,FALSE,AD,
0acdff45-00d0-4e2e-b4bd-051459ee9063,Springfield SYC U14 AD,Springfield SYC,372_U14_AD,VA,Virginia,u14,Male,2012,FALSE,AD,
7b765e0d-065d-4bb6-9ece-ec6277245067,Springfield SYC U14 HD,Springfield SYC,372_U14_HD,VA,Virginia,u14,Male,2012,FALSE,HD,
2906e024-8ce6-4c05-ae27-5ee122ec6678,FC Richmond 2012 Magic Elite MLS NEXT AD,FC Richmond,271300,VA,Virginia,u14,Male,,FALSE,AD,
c5c327b8-c2e0-448a-8f64-005718885db3,Loudoun MLS Next II 2012B,Loudoun Soccer Club,210001,VA,Virginia,u14,Male,,FALSE,AD,
36c04689-7b37-41e8-88a4-ccec8f671777,The St. James U14 AD,The St. James,635128,VA,Virginia,u14,Male,,FALSE,AD,
4e37eeff-b3b4-4c5d-b34b-fd781f675b2d,Northern Virginia Alliance U14 HD,Northern Virginia Alliance,1407_U14_HD,VA,Virginia,u14,Male,,FALSE,HD,
d8f8e897-d960-49e9-9108-9673f0792273,Alexandria SA U14 HD,Alexandria SA,230435,VA,Virginia,u14,Male,,FALSE,HD,
81123a8e-5fe7-46c0-8297-d7bb48f9ca7d,Alexandria SA U14 AD,Alexandria SA,373_U14_AD,VA,Virginia,u14,Male,,FALSE,AD,
e5563dd0-1c5a-4bbd-8c09-3b2a1bb1ff52,Virginia Revolution SC U14 AD,Virginia Revolution SC,1294_U14_AD,VA,Virginia,u14,Male,,FALSE,AD,
37ee4488-0e9b-4bd7-9f94-b3b788666ca5,McLean Youth Soccer U14/2012 Boys MLS Next AD,McLean YS,642357,VA,Virginia,u14,Male,,FALSE,AD,
e2f9e10e-687a-4ee3-b655-49130b82f7a2,Virginia Rush U14 AD,Virginia Rush SC,1295_U14_AD,VA,Virginia,u14,Male,,FALSE,AD,
ef86c726-475a-4b42-ba1e-9567d76d48e8,Atletico FC U14 AD,Atletico FC,623523,WA,Washington,u14,Male,,FALSE,AD,
3da20414-1515-467d-849d-b4b8369369c0,Washington Rush U14 AD,Washington Rush,251276,WA,Washington,u14,Male,,FALSE,AD,
12f4b431-748f-4a97-a1cb-c87c28a85e23,Whatcom Rangers U14 AD,Whatcom FC Rangers,248565,WA,Washington,u14,Male,,FALSE,AD,
88929209-1277-4098-87f3-e2ae5b99157f,Seattle Celtic U14 AD,Seattle Celtic,902_U14_AD,WA,,u14,Male,,FALSE,AD,
18af09da-6abc-455f-b876-db101d1548f2,Sound FC U14 AD,Sound FC,1336_U14_AD,WA,Washington,u14,Male,,FALSE,AD,
c0c867f5-3290-478c-be9f-4f2d7479de91,Mt. Rainier Futbol Club U14 AD,Mt. Rainier Futbol Club AD,894_U14_AD,WA,Washington,u14,Male,,FALSE,AD,
b1358c50-c38b-4325-8fef-f5e4d62d5a2c,Western Washington Surf SC U14 AD,Western Washington Surf SC,909_U14_AD,WA,Washington,u14,Male,,FALSE,AD,
3cf566ad-1dcf-4722-9251-c27f4184118f,Elmbrook United U14 AD,Elmbrook United,1315_U14_AD,WI,Wisconsin,u14,Male,,FALSE,AD,
2c982aa3-16ac-4876-90cd-82c974c77b24,Bavarian United SC U14 HD,Bavarian United SC,458_U14_HD,WI,Wisconsin,u14,Male,,FALSE,HD,
670a0a35-5930-474c-8b56-df0171eaa8aa,SC Wave U14 HD,SC Wave,473_U14_HD,WI,Wisconsin,u14,Male,,FALSE,HD,
757c90f9-20be-41f5-aa19-a64648171ab0,Forward Madison FC U14 AD,Forward Madison FC,1024_U14_AD,WI,,u14,Male,,FALSE,AD,
7e80747a-be43-4e1e-ad9a-b3139da928fc,Wisconsin United FC U14 AD,Wisconsin United FC,1320_U14_AD,WI,Wisconsin,u14,Male,,FALSE,AD,
bb19d5ac-ee08-4d4f-b3a5-c25bdfc47c6d,SC Wave U14,SC Wave,473_U14_AD,WI,Wisconsin,u14,Male,,FALSE,AD,
19f0083b-faa4-4ecc-81f9-80451fa608f1,Bavarian United SC U14,Bavarian United SC,458_U14_AD,WI,Wisconsin,u14,Male,,FALSE,AD,
bb69acc9-5aaa-4c40-9547-a34eb44619a4,West Virginia Soccer U14 AD,West Virginia Soccer,863_U14_AD,WV,West Virginia,u14,Male,2012,FALSE,AD,
327d5a5d-b90e-4f30-90f8-a48fb70e6894,West Virginia Soccer U14 HD,West Virginia Soccer,863_U14_HD,WV,West Virginia,u14,Male,2012,FALSE,HD,
d55b4adb-72b1-48cc-be2a-8fec15b06cf9,Strikers FC U14,Strikers FC,474_U14_AD,,,u14,Male,,FALSE,AD,
0edab1c2-36e9-4715-bb19-da2bb60264b5,LA Youth U14,LA Youth,1351_U14_AD,,,u14,Male,,FALSE,AD,
ba74b4c8-350a-4809-af86-e3f5f67f6475,Roswell Soccer Club U14,Roswell Soccer Club,1302_U14_AD,GA,,u14,Male,,FALSE,AD,
a2ac7098-db29-447a-88e3-71a623c7be53,Lanier Soccer Association U14,Lanier Soccer Association,382_U14_AD,GA,,u14,Male,,FALSE,AD,
04d12f6f-de91-49db-9bae-791ff7952e17,Los Angeles Soccer Club U14,Los Angeles Soccer Club,1273_U14_AD,CA,,u14,Male,,FALSE,AD,
fb465aef-7392-4f91-bfa9-089dd47a06b3,Sozo FC U14,Sozo FC,1337_U14_AD,WA,,u14,Male,,FALSE,AD,
8c27d4c5-c10f-40b1-8907-011f6e9c6f36,956 United U14,956 United,1274_U14_AD,TX,,u14,Male,,FALSE,AD,
43b0b8cb-b550-41d9-9b5d-5fa8a2da9574,AC River U14,AC River,1144_U14_AD,TX,,u14,Male,,FALSE,AD,
581c1531-e30b-4d67-b4b3-ea301bd46e05,Atletico Santa Rosa U14,Atletico Santa Rosa,457_U14_AD,CA,,u14,Male,,FALSE,AD,
c3d127d4-ae06-44f4-a548-30178ef4b78f,Huntsville City FC U14,Huntsville City FC,1406_U14_HD,AL,,u14,Male,,FALSE,HD,
30dfbfd1-9782-4f62-82ff-49bbaa92e915,Valor Soccer U14,Valor Soccer,1338_U14_AD,WA,,u14,Male,,FALSE,AD,
7029b03d-6f1b-4fa9-bf2d-93569f80873a,Dallas Hornets East U14,Dallas Hornets East,1269_U14_AD,TX,,u14,Male,,FALSE,AD,
894e647f-0388-4569-afbe-f75da80d7dae,ALBION SC Merced U14,ALBION SC Merced,568_U14_AD,CA,,u14,Male,,FALSE,AD,
959b9b04-0948-4654-a567-a142ec25be23,Diablo Valley Futbol Club U14,Diablo Valley Futbol Club,name:diablo-valley-futbol-club_U14_AD,,,u14,Male,,FALSE,AD,
96885271-77ef-44bb-a20d-cf80c98f4a49,Burlingame Soccer Club U14,Burlingame Soccer Club,132_U14_AD,CA,,u14,Male,,FALSE,AD,
64a7fc2e-9ec9-4b9b-975d-deaf062c34b2,Silicon Valley Soccer Academy U14,Silicon Valley Soccer Academy,104_U14_AD,CA,,u14,Male,,FALSE,AD,
d419dfb1-7332-4cf8-a313-c03191d6a6e2,SC Del Sol U14,SC Del Sol,389_U14_AD,AZ,,u14,Male,,FALSE,AD,
aa90af27-eeb9-4d82-af36-d30d235811f5,San Francisco Seals U14,San Francisco Seals,565_U14_AD,CA,,u14,Male,,FALSE,AD,
3957e6a9-586b-48e9-9b70-4f42e6eba004,Lamorinda Soccer Club U14,Lamorinda Soccer Club,411_U14_AD,CA,,u14,Male,,FALSE,AD,
e57ddb6b-5adc-48a5-a13f-4ff84c22ea77,FC Greater Boston Bolts U14,FC Greater Boston Bolts,67_U14_AD,MA,,u14,Male,,FALSE,AD,
60035ee6-d918-4471-8d64-706a67a61106,New England Surf SC U14,New England Surf SC,1278_U14_AD,MA,,u14,Male,,FALSE,AD,
fc4f991f-b769-4426-88bb-d1a0204e9cb8,Louisiana Elite SP U14,Louisiana Elite SP,1419_U14_AD,LA,,u14,Male,,FALSE,AD,
96ca3120-ee67-419e-acb9-d09b6697419c,ASG U14,ASG,1300_U14_AD,,,u14,Male,,FALSE,AD,
