team_id_master,team_name,club_name,age_group,gender,state_code,state,birth_year,is_deprecated,provider_id,division,alias,modular11_alias
d1b5ab5e-a651-405f-b63b-ae678e8279bf,2012 Boys NPL,"AC Delray, Inc.",u14,Male,FL,Florida,,FALSE,e6102baf-6095-4fc8-805a-ed0d71cbee1e,,59850,
f50f33bb-8fa0-4aa7-8ccd-b008725d0c12,ALBION Elite B13/14,ALBION SC Miami,u14,Male,FL,Florida,,FALSE,e6102baf-6095-4fc8-805a-ed0d71cbee1e,,579129,
bad27e92-47af-485e-8692-3d7f5a5e44e8,ALBION SC Miami B2012 Academy,ALBION SC Miami,u14,Male,FL,Florida,,FALSE,e6102baf-6095-4fc8-805a-ed0d71cbee1e,,137450,
727e4af3-3574-4153-bf5a-51061c07fd97,ALBION SC Miami B2012 Premier,ALBION SC Miami,u14,Male,FL,Florida,,FALSE,e6102baf-6095-4fc8-805a-ed0d71cbee1e,,159543,
84aeeb5f-4632-4f75-a008-97d8e157b1e5,Nassau United FC 2012B,Amelia Island YSO,u14,Male,FL,Florida,,FALSE,e6102baf-6095-4fc8-805a-ed0d71cbee1e,,68179,
df9bc9f1-ab45-4a23-a0fa-09ecfdc51344,2012 Boys Red,Ancient City SC,u14,Male,FL,Florida,,FALSE,e6102baf-6095-4fc8-805a-ed0d71cbee1e,,75890,
504552ec-722d-4784-8003-e2aa64b91429,Arsenal Youth FC Lehigh 2012,Arsenal Youth FC,u14,Male,FL,Florida,,FALSE,e6102baf-6095-4fc8-805a-ed0d71cbee1e,,426039,
3805de7d-a0f3-40b4-98cb-baf988a64a9b,LaBelle Premier FC,Arsenal Youth FC,u14,Male,FL,Florida,,FALSE,e6102baf-6095-4fc8-805a-ed0d71cbee1e,,548396,
a5b69634-32c7-4ba9-97a5-77ae8e81e318,2012 Orange,Athletic Club Miami,u14,Male,FL,Florida,,FALSE,e6102baf-6095-4fc8-805a-ed0d71cbee1e,,397234,
abcc59e0-3599-48be-9667-7e71387a30d7,Athletum FC Academy U14 AD,Athletum FC Academy,u14,Male,FL,Florida,,FALSE,b376e2a4-4b81-47be-b2aa-a06ba0616110,AD,856_U14_AD;498622,
a170f131-99a2-4abd-93ef-b8ed5741235b,Athletum FC Academy U14 HD,Athletum FC Academy,u14,Male,FL,Florida,,FALSE,b376e2a4-4b81-47be-b2aa-a06ba0616110,HD,856_U14_HD;583433,
dd912f3b-7fa4-4340-96f5-ec205e70d5b3,Athletum FC Elite 2012,Athletum FC Academy,u14,Male,FL,Florida,,FALSE,e6102baf-6095-4fc8-805a-ed0d71cbee1e,,127867,
9cf6152f-bc00-4250-aa89-443e4a96240d,2012 ANTIC,Atletico de Madrid Academia Miami,u14,Male,FL,Florida,,FALSE,e6102baf-6095-4fc8-805a-ed0d71cbee1e,,397483,
6e21ca77-18b2-40e6-a8b0-384aa9f49013,2012 DE PAUL,Atletico de Madrid Academia Miami,u14,Male,FL,Florida,,FALSE,e6102baf-6095-4fc8-805a-ed0d71cbee1e,,157314,
4880c413-8166-4a3e-8957-6da0b4227001,2012 GIULIANO,Atletico de Madrid Academia Miami,u14,Male,FL,Florida,,FALSE,e6102baf-6095-4fc8-805a-ed0d71cbee1e,,427881,
656070c9-0eb0-4e07-8f5b-618c7c462a06,NMB U13 Torres,Atletico de Madrid Academia Miami,u14,Male,FL,Florida,,FALSE,e6102baf-6095-4fc8-805a-ed0d71cbee1e,,291111,
43babed4-1bd6-4fed-a42a-e7709ffde632,Auburndale Scream 2012 U14 Boys,Auburndale Youth SC,u14,Male,FL,Florida,,FALSE,e6102baf-6095-4fc8-805a-ed0d71cbee1e,,149792,
af7240c9-8b5c-47ca-9190-3d9260505417,Aventura FC Bold Nation 2012B Black,AVENTURA F.C. BOLD NATION,u14,Male,FL,Florida,,FALSE,e6102baf-6095-4fc8-805a-ed0d71cbee1e,,310820,
ddab427f-014a-4fbd-b453-138e2c93e0ce,Aventura FC Bold Nation 2012B Gold,AVENTURA F.C. BOLD NATION,u14,Male,FL,Florida,,FALSE,e6102baf-6095-4fc8-805a-ed0d71cbee1e,,60638,
7d26b71e-45f1-4687-8d19-f89860db592b,Aventura FC Bold Nation 2012B White,AVENTURA F.C. BOLD NATION,u14,Male,FL,Florida,,FALSE,e6102baf-6095-4fc8-805a-ed0d71cbee1e,,60649,
cd7cd0ef-ca02-4a3b-9226-d4d816a732b5,B2012 BLAU,BARCA Academy Pro Miami,u14,Male,FL,Florida,,FALSE,e6102baf-6095-4fc8-805a-ed0d71cbee1e,,525213,
6c115406-8fb5-4865-936d-93420f2c9129,B2012 PRO,BARCA Academy Pro Miami,u14,Male,FL,Florida,,FALSE,e6102baf-6095-4fc8-805a-ed0d71cbee1e,,493460,
c59ae902-968f-430f-8d91-d13c31cc1064,BARÇA ACADEMY PRO MIAMI - B2012 NORTH BLAU,BARCA Academy Pro Miami,u14,Male,FL,Florida,,FALSE,e6102baf-6095-4fc8-805a-ed0d71cbee1e,,525210,
7a1dd2bc-fea5-436f-ad06-d42ead28e9c4,BARÇA ACADEMY PRO MIAMI - B2012 SOUTH GRANA,BARCA Academy Pro Miami,u14,Male,FL,Florida,,FALSE,e6102baf-6095-4fc8-805a-ed0d71cbee1e,,525215,
2104104d-afb6-4a63-b1cd-5345bf895158,BSA U14 ELITE SUNSHINE,Barcelona Soccer Academy,u14,Male,FL,Florida,,FALSE,e6102baf-6095-4fc8-805a-ed0d71cbee1e,,115899;115900,
6b66e757-9537-4721-b10e-eee9f380d650,2012 Elite,Bay Lions Florida Soccer Club,u14,Male,FL,Florida,,FALSE,e6102baf-6095-4fc8-805a-ed0d71cbee1e,,390062,
55f81651-5a80-481c-be08-af8fe9253c83,Bayside Rush 12 Boys Black,Bayside Rush,u14,Male,FL,Florida,,FALSE,e6102baf-6095-4fc8-805a-ed0d71cbee1e,,140083,
5ab70fe2-ae5a-4050-a01f-fe6c36e441ce,Ocala Premier 2012 Boys Blue,Big Sun YSL,u14,Male,FL,Florida,,FALSE,e6102baf-6095-4fc8-805a-ed0d71cbee1e,,284355,
9a07d26c-3a95-4fa3-8666-f0f9344e907c,Ocala Premier 2012 Boys Grey,Big Sun YSL,u14,Male,FL,Florida,,FALSE,e6102baf-6095-4fc8-805a-ed0d71cbee1e,,334308,
5513b2c8-a38a-45e9-87fd-01e35ad77bde,Ocala Premier 2012 Boys White,Big Sun YSL,u14,Male,FL,Florida,,FALSE,e6102baf-6095-4fc8-805a-ed0d71cbee1e,,388412,
7199efbe-b73d-4df2-8ea8-83aa80335e34,Bonita Springs Wildcats (2012 Blue),Bonita Springs Wildcats,u14,Male,FL,Florida,,FALSE,e6102baf-6095-4fc8-805a-ed0d71cbee1e,,391472,
854e848e-fd34-41e1-a73a-518ace8a2467,Bonita Springs WIldcats (2012 Red),Bonita Springs Wildcats,u14,Male,FL,Florida,2012,FALSE,e6102baf-6095-4fc8-805a-ed0d71cbee1e,,135593,
4c092964-cc1d-4a93-9bde-361da966a97c,ANBBK Boynton Beach Knights BBK-2012-B-BLACK,Boynton Beach Knights,u14,Male,FL,Florida,,FALSE,e6102baf-6095-4fc8-805a-ed0d71cbee1e,,149920,
a8bb9cbf-9793-4fde-b3d6-bc99ac1e5f82,ANBBK Boynton Beach Knights BBK-2012-B-RED,Boynton Beach Knights,u14,Male,FL,Florida,,FALSE,e6102baf-6095-4fc8-805a-ed0d71cbee1e,,140023,
6a246774-9536-47e5-ac79-615dd4e672df,Brave SC 12 Elite,Brave Sporting Club,u14,Male,FL,Florida,,FALSE,e6102baf-6095-4fc8-805a-ed0d71cbee1e,,82763,
988077a4-844f-4c82-a5a4-73ce40f6f959,Brave SC 12 Select,Brave Sporting Club,u14,Male,FL,Florida,,FALSE,e6102baf-6095-4fc8-805a-ed0d71cbee1e,,83538,
63c7c776-b842-4718-94ca-0d54249215bd,Lake United FC 2012 Select,Brave Sporting Club,u14,Male,FL,Florida,,FALSE,e6102baf-6095-4fc8-805a-ed0d71cbee1e,,580192,
7dd5ec66-3e9b-43cd-a04d-36ab50c27ec0,Brevard Beachside Impact 2012B,Brevard Beachside Soccer Club Inc,u14,Male,FL,Florida,,FALSE,e6102baf-6095-4fc8-805a-ed0d71cbee1e,,63013,
f9927572-9f47-4f18-8ccf-6492bf5c98ad,2012B Alliance,Brevard SA,u14,Male,FL,Florida,,FALSE,e6102baf-6095-4fc8-805a-ed0d71cbee1e,,60999,
a4b4e0d2-8a6e-42f0-819f-63e99b162d21,2012B Elite,Brevard SA,u14,Male,FL,Florida,,FALSE,e6102baf-6095-4fc8-805a-ed0d71cbee1e,,60997,
230bd6b0-2409-4865-acfe-032850110801,Cape City FC,Cape City FC,u14,Male,FL,Florida,,FALSE,e6102baf-6095-4fc8-805a-ed0d71cbee1e,,361478,
863c24b0-3e1c-4d42-82a5-c5b39552df6a,2012 Cyclones Boys Blue,Cape Coral Soccer,u14,Male,FL,Florida,,FALSE,e6102baf-6095-4fc8-805a-ed0d71cbee1e,,140411,
24e681b5-4f41-45c9-8987-6238d8479c3a,2012 Cyclones Boys RL B12,Cape Coral Soccer,u14,Male,FL,Florida,,FALSE,e6102baf-6095-4fc8-805a-ed0d71cbee1e,,140407,
62789b3e-f513-462e-8d09-dc035e55c744,CBF 2012,CBF School Boca Raton,u14,Male,FL,Florida,,FALSE,e6102baf-6095-4fc8-805a-ed0d71cbee1e,,141115,
b63df122-8970-42b3-9006-eea14c9cd1dc,CBS United 2012 - Navy,Central Brevard Soccer,u14,Male,FL,Florida,,FALSE,e6102baf-6095-4fc8-805a-ed0d71cbee1e,,141763,
aa55d92f-6c5c-4c34-82ea-7e342c206de7,CBS United 2012 - White,Central Brevard Soccer,u14,Male,FL,Florida,,FALSE,e6102baf-6095-4fc8-805a-ed0d71cbee1e,,488064,
f8b207e3-d73d-49cc-8b0b-38507856083c,U14 Boys Red,Central Florida SC,u14,Male,FL,Florida,,FALSE,e6102baf-6095-4fc8-805a-ed0d71cbee1e,,502836,
926e84e9-095c-4942-826a-1b1206b00e3c,Chargers CLW B2012 NAL,Chargers SC CLW,u14,Male,FL,Florida,,FALSE,e6102baf-6095-4fc8-805a-ed0d71cbee1e,,91489,
cfb35b4f-2692-4cf4-ad3f-bb65bb8d40d7,Chargers CLW B2012 Premier,Chargers SC CLW,u14,Male,FL,Florida,,FALSE,e6102baf-6095-4fc8-805a-ed0d71cbee1e,,93914,
19c68d03-9606-484d-a674-cc926c91b4b1,Chargers LWR B2012 EA,Chargers SC LWR,u14,Male,FL,Florida,,FALSE,e6102baf-6095-4fc8-805a-ed0d71cbee1e,,99789,
17ca78bd-5152-4ec8-9163-624af27cf0a5,Chargers LWR B2012 Elite,Chargers SC LWR,u14,Male,FL,Florida,,FALSE,e6102baf-6095-4fc8-805a-ed0d71cbee1e,,99790,
3bb8a7da-2622-4baf-893d-5936257a2901,Chargers TPA B2012 Elite,Chargers SC TPA,u14,Male,FL,Florida,,FALSE,e6102baf-6095-4fc8-805a-ed0d71cbee1e,,97015,
dc6a0c01-22a4-49b2-85a8-11858b637752,Chargers TPA B2012 Premier,Chargers SC TPA,u14,Male,FL,Florida,,FALSE,e6102baf-6095-4fc8-805a-ed0d71cbee1e,,97013,
79d7b7ab-85c8-40ee-9347-318e78aaee4d,Tampa Chargers Soccer Club U14 AD,Chargers Soccer Club,u14,Male,FL,Florida,,FALSE,b376e2a4-4b81-47be-b2aa-a06ba0616110,AD,36_U14_AD,
869990ab-45a9-4c0a-b8ea-c5e16365daeb,Tampa Chargers Soccer Club U14 HD,Chargers Soccer Club,u14,Male,FL,Florida,,FALSE,b376e2a4-4b81-47be-b2aa-a06ba0616110,HD,36_U14_HD;568768,
7b8b8757-da55-42d4-9964-144c4aeeacc8,CSCSF Charlotte Premier 2012 Boys,Charlotte County Soccer Federation,u14,Male,FL,Florida,,FALSE,e6102baf-6095-4fc8-805a-ed0d71cbee1e,,66448,
a725c6c2-9a10-49f5-9991-5e7780a98989,Chivas FC 2012,Chivas FC,u14,Male,FL,Florida,,FALSE,e6102baf-6095-4fc8-805a-ed0d71cbee1e,,180476,
6bc0712e-a450-4c6e-a3fb-cfaba1a01be5,Citrus FC Storm U13,Citrus Futbol Club,u14,Male,FL,Florida,,FALSE,e6102baf-6095-4fc8-805a-ed0d71cbee1e,,351072,
c9d1f523-f8cb-4956-b574-4af9f9ad1b4a,Citrus FC Storm U14(2012),Citrus Futbol Club,u14,Male,FL,Florida,,FALSE,e6102baf-6095-4fc8-805a-ed0d71cbee1e,,615706,
4f66d7d4-40c7-4220-8bd9-80bd2a9ad4b7,Miami Beach Football MBFC 2012,City of Miami Beach Soccer,u14,Male,FL,Florida,,FALSE,e6102baf-6095-4fc8-805a-ed0d71cbee1e,,120964,
8f9ec64c-3bc6-41f6-89e8-3a44010facb1,12/13 USA Rangers Red,Clay County SC United Soccer Alliance,u14,Male,FL,Florida,,FALSE,e6102baf-6095-4fc8-805a-ed0d71cbee1e,,82544,
cbe4cd6d-ea5c-48d8-af14-37277e4e0cb9,United Soccer Alliance U14 AD,Clay County SC United Soccer Alliance,u14,Male,FL,Florida,,FALSE,e6102baf-6095-4fc8-805a-ed0d71cbee1e,AD,82342;634463;252_U14_AD,
37a02014-b115-44b5-bdc3-73a5ece940f4,Coastal Rush 12 Boys,Coastal Rush,u14,Male,FL,Florida,,FALSE,e6102baf-6095-4fc8-805a-ed0d71cbee1e,,180372,
66d6f1b8-1758-43d9-881f-ea52679021b0,Coastal Rush 12 Boys Showcase,Coastal Rush,u14,Male,FL,Florida,,FALSE,e6102baf-6095-4fc8-805a-ed0d71cbee1e,,563781,
a73e7b71-4edf-4119-85f0-0588438b8554,Coastal Rush ECNL RL 2012,Coastal Rush,u14,Male,FL,Florida,,FALSE,ea79aa6e-679f-4b5b-92b1-e9f502df7582,,95552,
2fcf0c8c-db54-497e-9289-30edbd55fd74,GULFSOUTH Rush 12 Boys Blue,Coastal Rush,u14,Male,FL,Florida,,FALSE,e6102baf-6095-4fc8-805a-ed0d71cbee1e,,409363,
ff58dfa0-d53f-43cf-87bc-81efa12714dd,PBFC Rush 12B Blue,Coastal Rush,u14,Male,FL,Florida,,FALSE,e6102baf-6095-4fc8-805a-ed0d71cbee1e,,128933,
2a7ec151-eb97-4258-ae2b-8b44a195c999,Pensacola Rush 2012B Black,Coastal Rush,u14,Male,FL,Florida,,FALSE,e6102baf-6095-4fc8-805a-ed0d71cbee1e,,277354,
ae3dd804-5a9c-403e-9370-94e7e935f496,Coerfontaine FC U14,Coerfontaine FC,u14,Male,FL,Florida,,FALSE,e6102baf-6095-4fc8-805a-ed0d71cbee1e,,537124,
5e9a8127-8e20-4c53-ae5e-540409e21764,2012B Colo,Colo Colo Soccer Academy USA,u14,Male,FL,Florida,,FALSE,e6102baf-6095-4fc8-805a-ed0d71cbee1e,,320690,
72643c71-a2cd-479a-9baf-807587ba8429,CCO COBRAS B 2012,Cooper City Optimist,u14,Male,FL,Florida,,FALSE,e6102baf-6095-4fc8-805a-ed0d71cbee1e,,66342,
b096f9d7-9549-4820-b4bf-da3d25117626,2012 CTC Hialeah City FC BLUE,CTC Bandits FC,u14,Male,FL,Florida,,FALSE,e6102baf-6095-4fc8-805a-ed0d71cbee1e,,301463,
c8bf8bdd-b07d-406f-8514-ae7d009826d4,2012 CTC Loyola,CTC Bandits FC,u14,Male,FL,Florida,,FALSE,e6102baf-6095-4fc8-805a-ed0d71cbee1e,,330520,
d1cbb13b-cff7-477f-8295-afd8cae69def,2012-13 CTC Hialeah City FC WHITE,CTC Bandits FC,u14,Male,FL,Florida,,FALSE,e6102baf-6095-4fc8-805a-ed0d71cbee1e,,303059,
b20d15d6-c1db-4a69-82a5-abb27be6728c,Hollywood - 2012 Red,Cyclones FC,u14,Male,FL,Florida,,FALSE,e6102baf-6095-4fc8-805a-ed0d71cbee1e,,143429,
7f5225f5-d173-402a-8a4e-1e423d2fe8b8,CYS Tampa 2012B,CYS Tampa,u14,Male,FL,Florida,,FALSE,e6102baf-6095-4fc8-805a-ed0d71cbee1e,,236828,
9ef256f3-628b-4129-9e69-871b7e1b4126,2012 Boys Grey,Davie United SC,u14,Male,FL,Florida,,FALSE,e6102baf-6095-4fc8-805a-ed0d71cbee1e,,87287,
38d028a0-b996-43fd-9929-d65723cebefd,Davie United ECNL RL 2012,Davie United SC,u14,Male,FL,Florida,,FALSE,e6102baf-6095-4fc8-805a-ed0d71cbee1e,,87286,
e0c20815-1ab3-473a-9200-bf6b1f607b6a,Diamonds Soccer Academy U14,Diamonds Soccer Academy,u14,Male,FL,Florida,,FALSE,e6102baf-6095-4fc8-805a-ed0d71cbee1e,,394802,
4cdb604c-9955-4ade-a2c4-dc962c56ad36,DME Academy 2012B Blue EA,"DME Academy, Sarasota",u14,Male,FL,Florida,,FALSE,e6102baf-6095-4fc8-805a-ed0d71cbee1e,,620884,
69eea41b-ca3b-4847-8dfe-b76e29d4f6dc,Doral SC ECNL 2012,Doral SC,u14,Male,FL,Florida,,FALSE,e6102baf-6095-4fc8-805a-ed0d71cbee1e,,89685;114363,
04df318c-cf1f-4e85-ba97-301f3cf49658,Doral SC Premier 2012,Doral SC,u14,Male,FL,Florida,,FALSE,e6102baf-6095-4fc8-805a-ed0d71cbee1e,,657232,
69dc804d-f7d5-4ca6-92a3-a04f9a35cd59,ECNL RL B12,Doral SC,u14,Male,FL,Florida,,FALSE,ea79aa6e-679f-4b5b-92b1-e9f502df7582,,,
2d59a70a-0234-4d5b-9c23-5d690e985cc0,DORAL WEST 2012,Doral West Soccer Academy,u14,Male,FL,Florida,,FALSE,e6102baf-6095-4fc8-805a-ed0d71cbee1e,,180583,
eccabf09-951c-4484-9fe4-ca6e3bba2299,Driftwood U14 - Dago,Driftwood Youth Sports Inc,u14,Male,FL,Florida,,FALSE,e6102baf-6095-4fc8-805a-ed0d71cbee1e,,557529,
2065b21d-10e0-433a-bafa-b060c6c45097,DSSC Coed 2012 - USA,Dunedin Stirling SC,u14,Male,FL,Florida,,FALSE,e6102baf-6095-4fc8-805a-ed0d71cbee1e,,248540,
079f9a2e-0460-4ed6-b3cd-12850fbd28c1,DSSC Coed 2012 Green,Dunedin Stirling SC,u14,Male,FL,Florida,,FALSE,e6102baf-6095-4fc8-805a-ed0d71cbee1e,,374390,
7ed50e50-8a61-475e-a043-1ad8b2ddded7,EFU 2012,East Florida United,u14,Male,FL,Florida,,FALSE,e6102baf-6095-4fc8-805a-ed0d71cbee1e,,397820,
3d522e80-2f16-4ac5-af3e-6151ce050979,Edgewater FC u14,Edgewater FC,u14,Male,FL,Florida,,FALSE,e6102baf-6095-4fc8-805a-ed0d71cbee1e,,183587,
19409ebe-7821-4acd-8244-e296b3d9650a,Elite 2012/2013 Black,Elite Soccer Academy (FL),u14,Male,FL,Florida,,FALSE,e6102baf-6095-4fc8-805a-ed0d71cbee1e,,109023,
3f1741b2-cdc9-413f-a5df-df8474873f80,EC Rush 2012 Boys Black,Emerald Coast Rush,u14,Male,FL,Florida,,FALSE,e6102baf-6095-4fc8-805a-ed0d71cbee1e,,522920,
1f02d000-0944-47b1-b618-80fd4c0207b7,2012B West Coast Chaos,Englewood Youth Soccer Association,u14,Male,FL,Florida,,FALSE,e6102baf-6095-4fc8-805a-ed0d71cbee1e,,372748,
1ce782e2-86ed-4f9c-8899-04368b865583,2012B Blue,FC America,u14,Male,FL,Florida,,FALSE,e6102baf-6095-4fc8-805a-ed0d71cbee1e,,368703,
10048fb2-6148-4e98-a84a-4bfbc59076bc,2012B White,FC America,u14,Male,FL,Florida,,FALSE,e6102baf-6095-4fc8-805a-ed0d71cbee1e,,253132,
cd32c6df-a709-43c8-9c3b-306a9759a4e0,FC America ECNL RL 2012,FC America,u14,Male,FL,Florida,,FALSE,ea79aa6e-679f-4b5b-92b1-e9f502df7582,,,
a353fadc-8d0a-4d05-9115-c421588fa306,2012B Black,FC Highland,u14,Male,FL,Florida,,FALSE,e6102baf-6095-4fc8-805a-ed0d71cbee1e,,66123,
4e83ce4c-a7aa-4792-9ce6-9f9d5d4a00d2,FC Prime ECNL B12,FC Prime,u14,Male,FL,Florida,,FALSE,e6102baf-6095-4fc8-805a-ed0d71cbee1e,,145058,
5d90fb5d-b8ee-43b4-89f3-40656335b2fe,FC Prime ECNL RL B12,FC Prime,u14,Male,FL,Florida,,FALSE,e6102baf-6095-4fc8-805a-ed0d71cbee1e,,398750;553152;574303,
b05806b0-e02c-44f4-b71a-731ae32779c0,FCS 2012 Boys Premier - WFPL,FC Sarasota Inc,u14,Male,FL,Florida,,FALSE,e6102baf-6095-4fc8-805a-ed0d71cbee1e,,62975,
fee3de4d-68da-40eb-9316-ac5ce92dcc26,FCS 2012 Boys Select,FC Sarasota Inc,u14,Male,FL,Florida,,FALSE,e6102baf-6095-4fc8-805a-ed0d71cbee1e,,137133,
76c0e83d-f1e0-4ee2-8aab-5ff8f32ffdd2,2012B Newcastle,FC Tampa Rangers,u14,Male,FL,Florida,,FALSE,e6102baf-6095-4fc8-805a-ed0d71cbee1e,,108103,
4c68c2ec-4dcf-47ed-a5a7-c1793e58cd1c,2012B Rangers,FC Tampa Rangers,u14,Male,FL,Florida,,FALSE,e6102baf-6095-4fc8-805a-ed0d71cbee1e,,108102,
25afe22d-a095-4eb7-b9da-7a3b962e5dbf,FCTS 2012B Armada,FC Tampa Rangers,u14,Male,FL,Florida,,FALSE,e6102baf-6095-4fc8-805a-ed0d71cbee1e,,290671,
a01fa37d-7975-4666-bc6e-ef6d7b2c4193,FCTS 2012B Cosmos,FC Tampa Rangers,u14,Male,FL,Florida,,FALSE,e6102baf-6095-4fc8-805a-ed0d71cbee1e,,535507,
02f5542d-36a2-4a03-861a-2ff155442020,2012 NPL,FD Football Club,u14,Male,FL,Florida,,FALSE,e6102baf-6095-4fc8-805a-ed0d71cbee1e,,355949,
5a7c27ef-d653-4ed8-aebe-37983612b418,B12 PH White,Florida Celtic Soccer Club,u14,Male,FL,Florida,,FALSE,e6102baf-6095-4fc8-805a-ed0d71cbee1e,,103831,
be100fcd-ad5b-4177-8dc5-f6816e6e721a,Florida Celtic ECNL RL B12,Florida Celtic Soccer Club,u14,Male,FL,Florida,,FALSE,ea79aa6e-679f-4b5b-92b1-e9f502df7582,,50742,
f3edda42-ae2b-4f45-98ac-e85b135edb9e,FCFC 2012 Boys,Florida Coast Futbol Club,u14,Male,FL,Florida,,FALSE,e6102baf-6095-4fc8-805a-ed0d71cbee1e,,485223,
007a8ac3-3ab7-49c8-873f-e10a64ef1dc1,FHFC 2012 B Blue NPL,Florida Hawks Futbol Club,u14,Male,FL,Florida,,FALSE,e6102baf-6095-4fc8-805a-ed0d71cbee1e,,369738,
2af5f990-ebf7-4a53-9cee-2637383456b5,FHFC 2012 B White,Florida Hawks Futbol Club,u14,Male,FL,Florida,,FALSE,e6102baf-6095-4fc8-805a-ed0d71cbee1e,,369739,
9b88f7d3-9abf-4116-a539-b8f6940b3066,FHFC ECNL RL B12,Florida Hawks Futbol Club,u14,Male,FL,Florida,,FALSE,e6102baf-6095-4fc8-805a-ed0d71cbee1e,,621969,
082a7751-9cae-423a-8579-1eacf9cef089,Florida Keys SC 2012,Florida Keys SC,u14,Male,FL,Florida,,FALSE,e6102baf-6095-4fc8-805a-ed0d71cbee1e,,529739,
3832772c-91d7-4e6a-9feb-f6aca358c08f,12 Kraze Crew,Florida Kraze Krush,u14,Male,FL,Florida,,FALSE,e6102baf-6095-4fc8-805a-ed0d71cbee1e,,336498,
f9c8caf2-ca08-4bba-94fa-92db5fd50523,12 Kraze NPL,Florida Kraze Krush,u14,Male,FL,Florida,,FALSE,e6102baf-6095-4fc8-805a-ed0d71cbee1e,,58672,
f2df857a-3852-4391-8a2d-b69737d63e27,12 Kraze Red,Florida Kraze Krush,u14,Male,FL,Florida,,FALSE,e6102baf-6095-4fc8-805a-ed0d71cbee1e,,381450,
5462ace5-31c7-4afe-8d9f-102879f7383e,Florida Kraze ECNL B12,Florida Kraze Krush,u14,Male,FL,Florida,,FALSE,ea79aa6e-679f-4b5b-92b1-e9f502df7582,,105310;39797,
fdbc5717-ee5b-4fd6-8eb7-c864db126d5e,Florida Kraze ECNL RL B12,Florida Kraze Krush,u14,Male,FL,Florida,,FALSE,ea79aa6e-679f-4b5b-92b1-e9f502df7582,,58668,
5e74c1d1-7713-4911-ae4f-ecacf3a9ba57,FLFC 2012 Boys Premier FSPL,Florida Legends Football Club,u14,Male,FL,Florida,,FALSE,e6102baf-6095-4fc8-805a-ed0d71cbee1e,,503216,
ccc5c920-11c7-4c24-bed1-09eabb6b1a7e,FLFC 2012 Boys Premier Sunshine,Florida Legends Football Club,u14,Male,FL,Florida,,FALSE,e6102baf-6095-4fc8-805a-ed0d71cbee1e,,360828,
cccdbd17-9401-49c5-95dc-35a9ae3ee109,12B FPFC CP FSPL,Florida Premier FC,u14,Male,FL,Florida,,FALSE,e6102baf-6095-4fc8-805a-ed0d71cbee1e,,104569,
d63b57f3-9f2f-4d1d-b04e-f9230cfa815b,12B FPFC TRY ELITE,Florida Premier FC,u14,Male,FL,Florida,,FALSE,e6102baf-6095-4fc8-805a-ed0d71cbee1e,,104574,
c1ee3cbc-46ac-4d41-9434-8390cd27c858,FL Premier FC Black ECNL RL B12,Florida Premier FC,u14,Male,FL,Florida,,FALSE,ea79aa6e-679f-4b5b-92b1-e9f502df7582,,373587,
f62e701a-4115-477b-b1ba-1025edec2efc,FL Premier FC ECNL B12,Florida Premier FC,u14,Male,FL,Florida,,FALSE,ea79aa6e-679f-4b5b-92b1-e9f502df7582,,84177;104564,
92ea159b-e722-4480-9c8f-55e564e10108,FL Premier FC Gold ECNL RL B12,Florida Premier FC,u14,Male,FL,Florida,,FALSE,ea79aa6e-679f-4b5b-92b1-e9f502df7582,,,
d443160a-b5c8-4496-87e5-b79f8ef0a9a8,FPFC 12B CP ELITE,Florida Premier FC,u14,Male,FL,Florida,,FALSE,e6102baf-6095-4fc8-805a-ed0d71cbee1e,,104568,
e053589c-4c14-4d2b-9e24-5ffb7f1631b7,FPFC 12B HERNANDO NPL,Florida Premier FC,u14,Male,FL,Florida,,FALSE,e6102baf-6095-4fc8-805a-ed0d71cbee1e,,250103,
5d27e5e1-b0e6-4e04-8b19-4b90c4bdf273,FPFC 12B TRY NPL,Florida Premier FC,u14,Male,FL,Florida,,FALSE,e6102baf-6095-4fc8-805a-ed0d71cbee1e,,249485,
56a9ee7d-37b4-4aee-b7bc-f8bb5606d074,FPFC 12B TT SPIRIT ELITE,Florida Premier FC,u14,Male,FL,Florida,,FALSE,e6102baf-6095-4fc8-805a-ed0d71cbee1e,,180421,
8241b692-0921-4695-9b71-b02179e79adf,FPFC 12B WC NPL SELECT,Florida Premier FC,u14,Male,FL,Florida,,FALSE,e6102baf-6095-4fc8-805a-ed0d71cbee1e,,369637,
1a603e23-4f75-4a6a-999e-d295bd56e934,FPFC 12B ZEPH NPL,Florida Premier FC,u14,Male,FL,Florida,,FALSE,e6102baf-6095-4fc8-805a-ed0d71cbee1e,,104578,
56798b88-4e5d-41a0-83ac-2851e57f70bb,LCPFC 12B NPL,Florida Premier FC,u14,Male,FL,Florida,,FALSE,e6102baf-6095-4fc8-805a-ed0d71cbee1e,,60341,
b0ec847b-a440-47a6-97dd-9abdf3195f9b,SWFL B12 BLACK,Florida Premier FC,u14,Male,FL,Florida,,FALSE,e6102baf-6095-4fc8-805a-ed0d71cbee1e,,497383,
6fc1fae9-cc10-4200-9541-f208eb6559ae,SWFL B12 GOLD,Florida Premier FC,u14,Male,FL,Florida,,FALSE,e6102baf-6095-4fc8-805a-ed0d71cbee1e,,497384,
eb6f08bb-39a9-4d38-9565-bd56d46e3f43,SWFL B12 WHITE,Florida Premier FC,u14,Male,FL,Florida,,FALSE,e6102baf-6095-4fc8-805a-ed0d71cbee1e,,497385,
34c85a0a-8203-4c0c-bbd2-4bf4af3161cf,SWFL Premier FC ECNL RL B12,Florida Premier FC,u14,Male,FL,Florida,,FALSE,ea79aa6e-679f-4b5b-92b1-e9f502df7582,,497382,
208b19f0-19a8-41d9-aa18-93c44559d6f1,Prime 2012 Boys NAL,Florida Prime Soccer,u14,Male,FL,Florida,,FALSE,e6102baf-6095-4fc8-805a-ed0d71cbee1e,,627097,
1e7dc1be-ec2a-49c4-b7e5-60cbb5d444d2,Prime 2012 Boys Rivertown/St. Johns,Florida Prime Soccer,u14,Male,FL,Florida,,FALSE,e6102baf-6095-4fc8-805a-ed0d71cbee1e,,239103,
4dcf30f9-3780-41fe-a199-1db310d1fc52,Prime OneSports B2012 U13,Florida Prime Soccer,u14,Male,FL,Florida,,FALSE,e6102baf-6095-4fc8-805a-ed0d71cbee1e,,593783,
3ab7de8e-a2e7-4b58-b4b0-dacad1cda8cd,Florida Royal FC U14 BLK (2012),Florida Royal FC,u14,Male,FL,Florida,,FALSE,e6102baf-6095-4fc8-805a-ed0d71cbee1e,,613257,
5c36e691-6699-4a75-94e9-478085f0e278,2012B Elite Tropics,Florida Tropics Academy,u14,Male,FL,Florida,,FALSE,e6102baf-6095-4fc8-805a-ed0d71cbee1e,,392758,
c85e1c0f-0afa-4412-97e1-6dfaf87ed96d,Florida West FC ECNL B12,Florida West FC,u14,Male,FL,Florida,,FALSE,e6102baf-6095-4fc8-805a-ed0d71cbee1e,,247260,
58a76ef5-1e8d-4438-b110-63572c1ad23c,Florida West FC ECNL RL B12,Florida West FC,u14,Male,FL,Florida,,FALSE,e6102baf-6095-4fc8-805a-ed0d71cbee1e,,247263,
659b111d-fa85-40e9-801f-34a3e8d18753,Fort Lauderdale FC 12 Boys Blue,Fort Lauderdale Select FC,u14,Male,FL,Florida,,FALSE,e6102baf-6095-4fc8-805a-ed0d71cbee1e,,77288,
20979884-bd00-41dd-a96c-3a82994e582d,Fort Lauderdale FC 12 Boys White,Fort Lauderdale Select FC,u14,Male,FL,Florida,,FALSE,e6102baf-6095-4fc8-805a-ed0d71cbee1e,,176811,
84c789c4-aef5-4233-ab88-72137a432793,Fort Lauderdale ECNL RL 2012,Fort Lauderdale United FC,u14,Male,FL,Florida,,FALSE,ea79aa6e-679f-4b5b-92b1-e9f502df7582,,,
b0db24bf-10b1-4278-88ad-a7db1a37d7d6,Fort Lauderdale United FC ECNL 2012,Fort Lauderdale United FC,u14,Male,FL,Florida,,FALSE,e6102baf-6095-4fc8-805a-ed0d71cbee1e,,289634,
09672fea-7c3e-498e-8b6f-446f3fbaca1d,FTLUTD 2012 Boys Elite,Fort Lauderdale United FC,u14,Male,FL,Florida,,FALSE,e6102baf-6095-4fc8-805a-ed0d71cbee1e,,449816,
58a73d88-8836-49e3-b3bd-eb73e18580bb,FCFC 2012 BOYS BLACK,Four Corners Football Club,u14,Male,FL,Florida,,FALSE,e6102baf-6095-4fc8-805a-ed0d71cbee1e,,131435,
376941c6-2c67-4952-9035-9e895b119342,FCFC 2012 BOYS RED,Four Corners Football Club,u14,Male,FL,Florida,,FALSE,e6102baf-6095-4fc8-805a-ed0d71cbee1e,,395325,
725be414-251a-4769-96a5-69c37575d4ab,FCFC 2012 BOYS WHITE,Four Corners Football Club,u14,Male,FL,Florida,,FALSE,e6102baf-6095-4fc8-805a-ed0d71cbee1e,,425853,
aeb05b37-1c8c-46c3-bad1-ca31709ff486,FBS-FC 2012 Orange,Futbol Beach Soccer Futsal Club,u14,Male,FL,Florida,,FALSE,e6102baf-6095-4fc8-805a-ed0d71cbee1e,,151593,
cecc4d40-2963-4f72-9a9a-7ef710cc48ff,FBS-FC Teal 2012,Futbol Beach Soccer Futsal Club,u14,Male,FL,Florida,,FALSE,e6102baf-6095-4fc8-805a-ed0d71cbee1e,,208827,
1efa82aa-c922-4903-952d-b53a6153b7b9,FUTSOC Futalan U14 (2012),FUTSOC,u14,Male,FL,Florida,,FALSE,e6102baf-6095-4fc8-805a-ed0d71cbee1e,,337944,
0e5d8be0-81d0-42ae-b4de-90ab95f9de5a,***GALACTICOS 2012/13 BLUE***,Galacticos Soccer Academy,u14,Male,FL,Florida,,FALSE,e6102baf-6095-4fc8-805a-ed0d71cbee1e,,607814,
fd91e238-8976-4d85-8579-efcea53d36ef,Galacticos Soccer Academy U14 AD,Galacticos Soccer Academy,u14,Male,FL,Florida,,FALSE,b376e2a4-4b81-47be-b2aa-a06ba0616110,AD,1303_U14_AD;398859,
ae22ee77-a171-42e2-84a2-42bf823ce61e,GGS 2012 Boys Black,GGS Soccer Academy,u14,Male,FL,Florida,,FALSE,e6102baf-6095-4fc8-805a-ed0d71cbee1e,,57480,
cc9c5272-7baf-4830-8fed-464f6bd493b0,GGS 2012 Boys White,GGS Soccer Academy,u14,Male,FL,Florida,,FALSE,e6102baf-6095-4fc8-805a-ed0d71cbee1e,,199954,
06bfaf53-7381-4a66-b8ea-aae910674640,GGS Brave SC 2012 Boys,GGS Soccer Academy,u14,Male,FL,Florida,,FALSE,e6102baf-6095-4fc8-805a-ed0d71cbee1e,,56200,
4641a931-6f2c-4402-ba93-87be7f3918d0,GOT FC 2012 BLACK,GOT FC,u14,Male,FL,Florida,,FALSE,e6102baf-6095-4fc8-805a-ed0d71cbee1e,,363690,
e2cbdef3-4330-4960-a0c4-fda6638c48ca,GOT FC 2012 GOLD,GOT FC,u14,Male,FL,Florida,,FALSE,e6102baf-6095-4fc8-805a-ed0d71cbee1e,,363692,
a5412b47-832c-4279-9d61-949ec4a0a720,Boca United Boys 2012 Pre Academy,Greater Boca YSA,u14,Male,FL,Florida,,FALSE,e6102baf-6095-4fc8-805a-ed0d71cbee1e,,145008,
4694a6b2-cc21-4183-a3d6-a1df1930413c,SFFA 2012 Boys Elite NAL,Greater Boca YSA,u14,Male,FL,Florida,,FALSE,e6102baf-6095-4fc8-805a-ed0d71cbee1e,,394601,
2ee5d651-9c02-451a-b35c-0b42b7cc43ca,GBFA Breakers '12 Boys,Gulf Breeze Futbol Academy,u14,Male,FL,Florida,,FALSE,e6102baf-6095-4fc8-805a-ed0d71cbee1e,,450231,
0b74f232-fc87-4dbc-bd9b-acca8db3568f,2012 BOYS,Hernando SC,u14,Male,FL,Florida,,FALSE,e6102baf-6095-4fc8-805a-ed0d71cbee1e,,381137,
6f96d5d4-a273-467c-b360-3a236813ff62,Hobe Sound Cobras - 2012 Boys Red,Hobe Sound SC,u14,Male,FL,Florida,,FALSE,e6102baf-6095-4fc8-805a-ed0d71cbee1e,,532582,
cd90901a-42bf-49f6-8587-e3bf8323c077,HFC Boys 2012 SELECT,Hollywood FC,u14,Male,FL,Florida,,FALSE,e6102baf-6095-4fc8-805a-ed0d71cbee1e,,60431,
9db2b20d-ed1f-4881-85fc-20174ada47f0,HFC Boys U14 PRE-USL,Hollywood FC,u14,Male,FL,Florida,,FALSE,e6102baf-6095-4fc8-805a-ed0d71cbee1e,,58528,
2f6919a7-1a82-4a99-9160-e2f364fb3ea1,HCSC 2012 Yellow,Hunter's Creek SC,u14,Male,FL,Florida,,FALSE,e6102baf-6095-4fc8-805a-ed0d71cbee1e,,100617,
0405ebb9-1853-4d9c-ad48-d8c8b5fe4d50,Iconz Elite Boys 2012,Iconz Experience,u14,Male,FL,Florida,,FALSE,e6102baf-6095-4fc8-805a-ed0d71cbee1e,,555789,
04133847-0b2c-4b34-83c0-528206ebfe79,IdeaSport 2012 Elite,IdeaSport SA,u14,Male,FL,Florida,,FALSE,e6102baf-6095-4fc8-805a-ed0d71cbee1e,,105457,
861c5acb-c231-40ea-a99d-34b8e173fb18,IdeaSport 2012 NAL,IdeaSport SA,u14,Male,FL,Florida,,FALSE,e6102baf-6095-4fc8-805a-ed0d71cbee1e,,105444,
e3e13d22-e876-40ff-9a54-4b9b187ea8fa,IdeaSport 2012 Sunshine,IdeaSport SA,u14,Male,FL,Florida,,FALSE,e6102baf-6095-4fc8-805a-ed0d71cbee1e,,367605,
82681815-e422-4936-9ff0-5f738a31428c,IdeaSport SA U14 AD,IdeaSport SA,u14,Male,FL,Florida,,FALSE,b376e2a4-4b81-47be-b2aa-a06ba0616110,AD,261432;463_U14_AD,
1a10f671-a59a-4af5-8c54-70dd1f994755,IdeaSport SA U14 HD,IdeaSport SA,u14,Male,FL,Florida,,FALSE,b376e2a4-4b81-47be-b2aa-a06ba0616110,HD,463_U14_HD;105455,
d478ecba-0b73-4c62-976e-0f5a358b06b8,IMG Academy Ascenders 2012 Boys,IMG Academy,u14,Male,FL,Florida,,FALSE,e6102baf-6095-4fc8-805a-ed0d71cbee1e,,566004,
5e9ceb33-bb64-41db-8afd-3f240d01009f,IMG Academy Select 2012 Boys,IMG Academy,u14,Male,FL,Florida,,FALSE,e6102baf-6095-4fc8-805a-ed0d71cbee1e,,428994,
f53bb8bb-dcab-4111-bf08-0eaf95cc19db,IMG U14 AD,IMG Academy,u14,Male,FL,Florida,,FALSE,b376e2a4-4b81-47be-b2aa-a06ba0616110,AD,127089;37_U14_AD,
952c92c5-3900-475f-abfb-90ee5dd52eaf,IMG U14 HD,IMG Academy,u14,Male,FL,Florida,,FALSE,b376e2a4-4b81-47be-b2aa-a06ba0616110,HD,37_U14_HD;31712,
f8872ce4-8e78-40d7-9659-9f36f0486155,Immokalee Cobras Academy 2012,Immokalee Soccer Pit Cobras Inc,u14,Male,FL,Florida,,FALSE,e6102baf-6095-4fc8-805a-ed0d71cbee1e,,417335,
36beae48-b74e-488b-83f7-146b80fb9a76,FORCE BOYS 2012 BLACK,Indialantic Youth Soccer Association,u14,Male,FL,Florida,,FALSE,e6102baf-6095-4fc8-805a-ed0d71cbee1e,,90585,
46c16610-5154-4ce6-9962-2ef76d6bfd57,IRSA 2012 BOYS (U14),Indian River Soccer Association,u14,Male,FL,Florida,,FALSE,e6102baf-6095-4fc8-805a-ed0d71cbee1e,,102944,
16fd6500-fc23-42f5-8e75-67678a992b80,ANIWS Indiantown Okeechobee 13U boys team,Indiantown Warriors Soccer Club,u14,Male,FL,Florida,,FALSE,e6102baf-6095-4fc8-805a-ed0d71cbee1e,,413724,
aee8b3bc-98da-475f-92ab-ddb678e8d78a,Inter Miami CF U14 AD,Inter Miami CF,u14,Male,FL,Florida,,FALSE,b376e2a4-4b81-47be-b2aa-a06ba0616110,AD,583198;335_U14_AD,
135364e5-934c-4e9f-8af9-62edec3916a4,Inter Miami CF U14 HD,Inter Miami CF,u14,Male,FL,Florida,,FALSE,b376e2a4-4b81-47be-b2aa-a06ba0616110,HD,335_U14_HD,
f8f9f840-ea53-41f4-9875-4bfd02a9e12a,SCHULZ ACADEMY 2012 ISA,International Soccer Association,u14,Male,FL,Florida,,FALSE,e6102baf-6095-4fc8-805a-ed0d71cbee1e,,166592,
37b0e9d3-60d2-4918-8253-eee1b19633aa,U14 Black 2012,International Soccer Club,u14,Male,FL,Florida,,FALSE,e6102baf-6095-4fc8-805a-ed0d71cbee1e,,198150,
ce274fa9-2743-4b81-8cda-f0dde4bc368a,J Petrov Academy 2012/13,J Petrov Academy,u14,Male,FL,Florida,,FALSE,e6102baf-6095-4fc8-805a-ed0d71cbee1e,,325333,
45af5eb4-0616-4147-b04b-a8bc3f92a557,Jacksonville FC U14 AD,Jacksonville FC,u14,Male,FL,Florida,,FALSE,b376e2a4-4b81-47be-b2aa-a06ba0616110,AD,485740;1243_U14_AD,
82c754e1-cdd9-46a4-8b22-9e52242e7229,Jacksonville FC U14 HD,Jacksonville FC,u14,Male,FL,Florida,,FALSE,b376e2a4-4b81-47be-b2aa-a06ba0616110,HD,1243_U14_HD;485735,
3ba76c04-e8c2-4c38-9636-0c4b262a9e5c,JFC 12B REC WATERS,Jacksonville FC,u14,Male,FL,Florida,,FALSE,e6102baf-6095-4fc8-805a-ed0d71cbee1e,,178577,
2f20883f-3e8f-44b1-8a03-c6f726b91157,JFC 2012B Elite Blue,Jacksonville FC,u14,Male,FL,Florida,,FALSE,e6102baf-6095-4fc8-805a-ed0d71cbee1e,,59768,
55421b3a-a80d-4aba-a5cf-49d3f6159247,JFC 2012B Elite White,Jacksonville FC,u14,Male,FL,Florida,,FALSE,e6102baf-6095-4fc8-805a-ed0d71cbee1e,,59769,
b21dca14-40ec-4836-b7cb-0b49ffec36d8,JFC 2012B NPL,Jacksonville FC,u14,Male,FL,Florida,,FALSE,e6102baf-6095-4fc8-805a-ed0d71cbee1e,,485760,
862d5e63-8f20-4101-922e-6694b3fe43ec,JFC 2012B Storm Blue,Jacksonville FC,u14,Male,FL,Florida,,FALSE,e6102baf-6095-4fc8-805a-ed0d71cbee1e,,59771,
4ac81b6d-44ab-4e3c-98f8-eb51955cc671,JFC 2012B Storm Silver,Jacksonville FC,u14,Male,FL,Florida,,FALSE,e6102baf-6095-4fc8-805a-ed0d71cbee1e,,63687,
ec5d2ebc-705a-4482-a11a-7ad89c1f2f75,JFC 2012B Storm White,Jacksonville FC,u14,Male,FL,Florida,,FALSE,e6102baf-6095-4fc8-805a-ed0d71cbee1e,,59772,
5a5eecab-174e-4011-8721-ea172c665fc8,Junior Elite Soccer Academy 2012,Junior Elite Soccer Academy,u14,Male,FL,Florida,,FALSE,e6102baf-6095-4fc8-805a-ed0d71cbee1e,,340155,
9e00071d-1eff-4501-a574-ce7d90b2feda,Jupiter United 2012 Boys Premier,Jupiter United Soccer,u14,Male,FL,Florida,,FALSE,e6102baf-6095-4fc8-805a-ed0d71cbee1e,,113629,
c654805b-00e1-4dd3-b19f-1b2bf3dfb408,JAM Broward - De Ligt,Juventus Academy Miami,u14,Male,FL,Florida,,FALSE,e6102baf-6095-4fc8-805a-ed0d71cbee1e,,154812,
0710bcb7-4cec-4e9b-98e3-a384b91d8fdd,JAM Doral - Salas,Juventus Academy Miami,u14,Male,FL,Florida,,FALSE,e6102baf-6095-4fc8-805a-ed0d71cbee1e,,644975,
2c80f5d6-b43b-4464-86e3-f979b2e6aa5f,KBSC Academy 2012,Key Biscayne SC,u14,Male,FL,Florida,,FALSE,e6102baf-6095-4fc8-805a-ed0d71cbee1e,,106176,
dbca353c-705d-4e84-9a7c-003136476e86,KBSC Elite 2012,Key Biscayne SC,u14,Male,FL,Florida,,FALSE,e6102baf-6095-4fc8-805a-ed0d71cbee1e,,128741,
effdf7cc-bfc4-4761-bda3-4168272c72bd,KBSC Premier 2012,Key Biscayne SC,u14,Male,FL,Florida,,FALSE,e6102baf-6095-4fc8-805a-ed0d71cbee1e,,128742,
41f0fab7-dcac-4caa-8482-033e16923e97,KHO Lions U14 Elite,KHO Lions,u14,Male,FL,Florida,,FALSE,e6102baf-6095-4fc8-805a-ed0d71cbee1e,,307264,
353c081a-1fe4-4667-b218-70af209de01a,KH Bay United B12,Kings Hammer Bay United Soccer Club,u14,Male,FL,Florida,,FALSE,e6102baf-6095-4fc8-805a-ed0d71cbee1e,,218667,
84a5558f-6009-4169-957d-caa17d56d7a3,KH Elite Swan City B12-R,Kings Hammer Swan City Soccer Club,u14,Male,FL,Florida,,FALSE,e6102baf-6095-4fc8-805a-ed0d71cbee1e,,105312,
e98f7d77-5d4e-4189-9824-5700b1a68425,Labelle Heat FC 2012,Labelle Heat,u14,Male,FL,Florida,,FALSE,e6102baf-6095-4fc8-805a-ed0d71cbee1e,,413678,
ff517bd9-135f-42af-a690-7a54020ba6f0,Lake Worth Sharks 2012 NL P1,Lake Worth Sharks,u14,Male,FL,Florida,,FALSE,e6102baf-6095-4fc8-805a-ed0d71cbee1e,,398320,
594db181-0128-447e-9ea8-10eeaf552cab,Mako 2012 BOYS BLUE,Mako Soccer Club,u14,Male,FL,Florida,,FALSE,e6102baf-6095-4fc8-805a-ed0d71cbee1e,,221195,
a4dab693-63ca-4cfd-bba7-cf516c0f0967,MAKO 2012 BOYS GRAY,Mako Soccer Club,u14,Male,FL,Florida,,FALSE,e6102baf-6095-4fc8-805a-ed0d71cbee1e,,389541,
74641fbc-841c-4516-8175-e8762ac5b991,Mako 2012 BOYS GREEN,Mako Soccer Club,u14,Male,FL,Florida,,FALSE,e6102baf-6095-4fc8-805a-ed0d71cbee1e,,92832,
8f644b07-2d12-440e-9604-e85ac2662667,MANASOTA 2012 RED,Manasota Youth Soccer,u14,Male,FL,Florida,,FALSE,e6102baf-6095-4fc8-805a-ed0d71cbee1e,,488090,
900461ef-988a-4be7-9c5b-63e2784c4fc2,MANASOTA 2012 WHITE,Manasota Youth Soccer,u14,Male,FL,Florida,,FALSE,e6102baf-6095-4fc8-805a-ed0d71cbee1e,,488398,
f6b43847-7cec-44a1-bb98-0b7a6051889c,Margate United FC 2012,Margate Soccer Club,u14,Male,FL,Florida,,FALSE,e6102baf-6095-4fc8-805a-ed0d71cbee1e,,167165,
3ac4021b-c2f5-4d7b-addf-f8624c5dbd31,ACADEMIA METODO COIRA 2012 ELITE,Miami Athletic Club,u14,Male,FL,Florida,,FALSE,e6102baf-6095-4fc8-805a-ed0d71cbee1e,,290479,
00b3a2d1-0a9d-4c61-8001-daea5753ec26,Florida City International U14 Elite,Miami Athletic Club,u14,Male,FL,Florida,,FALSE,e6102baf-6095-4fc8-805a-ed0d71cbee1e,,555820,
0bc560d7-0f13-426c-9644-3add3c6daf5b,GOTFC 2012 Elite,Miami Athletic Club,u14,Male,FL,Florida,,FALSE,e6102baf-6095-4fc8-805a-ed0d71cbee1e,,386609,
b47adea9-e125-4be6-8567-cfaf3d01edb0,GOTFC 2012 Elite 1,Miami Athletic Club,u14,Male,FL,Florida,,FALSE,e6102baf-6095-4fc8-805a-ed0d71cbee1e,,419467,
daf323a6-d5df-4eb8-abf2-b067cad4b815,Key West U14B,Miami Athletic Club,u14,Male,FL,Florida,,FALSE,e6102baf-6095-4fc8-805a-ed0d71cbee1e,,338598,
981557a9-eb84-4114-a59d-948054e5ceb3,La Cantera U14 Elite,Miami Athletic Club,u14,Male,FL,Florida,,FALSE,e6102baf-6095-4fc8-805a-ed0d71cbee1e,,296459,
76010b60-a646-4740-ae81-bf30fea96733,Miami International Academy 2012 Elite,Miami Athletic Club,u14,Male,FL,Florida,,FALSE,e6102baf-6095-4fc8-805a-ed0d71cbee1e,,321840,
10af4319-cb55-4372-a543-944379b6af09,Miami Skies FC 2012 Black,Miami Athletic Club,u14,Male,FL,Florida,,FALSE,e6102baf-6095-4fc8-805a-ed0d71cbee1e,,418082,
b5303b9f-ab99-4c34-8417-2aed95da9908,2012B BLACK,Miami Breakers FC,u14,Male,FL,Florida,,FALSE,e6102baf-6095-4fc8-805a-ed0d71cbee1e,,516906,
06722d56-165e-4c17-890a-7398bd69f7f2,2012B NAVY,Miami Breakers FC,u14,Male,FL,Florida,,FALSE,e6102baf-6095-4fc8-805a-ed0d71cbee1e,,299424,
59e75025-1ad6-45b8-8a16-df7dda70e675,2012B WHITE,Miami Breakers FC,u14,Male,FL,Florida,,FALSE,e6102baf-6095-4fc8-805a-ed0d71cbee1e,,163920,
25d02b69-b7b5-442b-b461-1bf0181e04c8,Miami Breakers FC 2012B Elite NL (FL),Miami Breakers FC,u14,Male,FL,Florida,,FALSE,e6102baf-6095-4fc8-805a-ed0d71cbee1e,,82200,
df678fd8-dea6-47a5-b705-a01f22ee23e6,2012 (U14) NAL,Miami Futbol Academy Rush,u14,Male,FL,Florida,,FALSE,e6102baf-6095-4fc8-805a-ed0d71cbee1e,,121337,
3908a9ac-1994-4a30-9d04-044e0ee2e9eb,DSA 2012 PREMIER BLUE RK,Miami Futbol Academy Rush,u14,Male,FL,Florida,,FALSE,e6102baf-6095-4fc8-805a-ed0d71cbee1e,,526017,
a34328b3-cf60-4936-a4d6-99139064fa0c,Lions U13 Red (2012),Miami Futbol Academy Rush,u14,Male,FL,Florida,,FALSE,e6102baf-6095-4fc8-805a-ed0d71cbee1e,,539723,
c4b1f3d4-d71c-4d46-9001-689afbe18a29,Miami Futbol Academy Rush U14 AD,Miami Futbol Academy Rush,u14,Male,FL,Florida,,FALSE,b376e2a4-4b81-47be-b2aa-a06ba0616110,AD,35_U14_AD,
c2c6701b-8a23-4032-8a46-b81b323786fc,Miami Futbol Academy Rush U14 HD,Miami Futbol Academy Rush,u14,Male,FL,Florida,,FALSE,b376e2a4-4b81-47be-b2aa-a06ba0616110,HD,35_U14_HD;510327,
c83c4575-36b4-4805-96de-41360926ac25,Miami Lakes United 2012 Boys Black,Miami Lakes United Soccer Club,u14,Male,FL,Florida,,FALSE,e6102baf-6095-4fc8-805a-ed0d71cbee1e,,116771,
3bb299a6-069b-4175-9dbb-afb5c1b721b7,Miami Lakes United 2013-2012 Boys Orange,Miami Lakes United Soccer Club,u14,Male,FL,Florida,,FALSE,e6102baf-6095-4fc8-805a-ed0d71cbee1e,,522690,
d779f1ac-27f4-4b3b-8e07-b67925d5c928,2012-BOYS TEAM ORANGE,Miami Shores Soccer Club,u14,Male,FL,Florida,,FALSE,e6102baf-6095-4fc8-805a-ed0d71cbee1e,,60631,
1551bddc-c0ec-4bbc-b058-dc734da02c7c,MSVG 2012 Boys Blue,Miami Springs Soccer,u14,Male,FL,Florida,,FALSE,e6102baf-6095-4fc8-805a-ed0d71cbee1e,,127116,
9bdc5ce5-4ff9-4059-89fb-dacba05bbb1e,Deportivo Cali Pembroke 2012 Dudamel,Miami Stars Soccer,u14,Male,FL,Florida,,FALSE,e6102baf-6095-4fc8-805a-ed0d71cbee1e,,453669,
b7709140-1fc8-4717-8d9e-56e6860f9c62,HOMESTEAD LIONS U14,Miami Stars Soccer,u14,Male,FL,Florida,,FALSE,e6102baf-6095-4fc8-805a-ed0d71cbee1e,,556179,
e4a8fe1e-e7d7-4f38-9129-21d037ff847e,INTEGRAL WELLNESS S A 2012,Miami Stars Soccer,u14,Male,FL,Florida,,FALSE,e6102baf-6095-4fc8-805a-ed0d71cbee1e,,578264,
5ba16755-8053-4558-9a11-efe7b1676ec6,INTER DE MIAMI 2012,Miami Stars Soccer,u14,Male,FL,Florida,,FALSE,e6102baf-6095-4fc8-805a-ed0d71cbee1e,,120364,
9c6cb279-aa4a-4319-a6e4-9636f76f2327,MIAMI UNITED FC 2012 ELITE,Miami Stars Soccer,u14,Male,FL,Florida,,FALSE,e6102baf-6095-4fc8-805a-ed0d71cbee1e,,407192,
01efe840-5527-46fb-9f5f-210200dd1a4b,MIAMI VIPERS 2012,Miami Stars Soccer,u14,Male,FL,Florida,,FALSE,e6102baf-6095-4fc8-805a-ed0d71cbee1e,,541128,
6a67112f-b823-4768-b95b-e18c4588a80b,SHENANDOAH SOCCER 2012,Miami Stars Soccer,u14,Male,FL,Florida,,FALSE,e6102baf-6095-4fc8-805a-ed0d71cbee1e,,548429,
203bda3f-bd07-40a6-a8a9-7cd5fe7b3e07,UNITED STARS 2012,Miami Stars Soccer,u14,Male,FL,Florida,,FALSE,e6102baf-6095-4fc8-805a-ed0d71cbee1e,,549924,
0ec8cfd7-c13b-41a8-b240-83719d095c32,MERAKI STREET FC 2012 ELITE,MILAN OF MIAMI F.C INC,u14,Male,FL,Florida,,FALSE,e6102baf-6095-4fc8-805a-ed0d71cbee1e,,646271,
f798330d-d658-4404-8fd8-6e2473cdc887,MILAN DE MIAMI PREMIER 2012,MILAN OF MIAMI F.C INC,u14,Male,FL,Florida,,FALSE,e6102baf-6095-4fc8-805a-ed0d71cbee1e,,120359,
70b492ba-bb14-4de6-a3ac-6e38676940b6,MILAN DE MIAMI RUBI 2012,MILAN OF MIAMI F.C INC,u14,Male,FL,Florida,,FALSE,e6102baf-6095-4fc8-805a-ed0d71cbee1e,,200199,
684736dd-c427-4dd6-bc04-20c140f3e2a4,FC Florida Prep 2012,Miramar Optimist,u14,Male,FL,Florida,,FALSE,e6102baf-6095-4fc8-805a-ed0d71cbee1e,,393818,
7602445e-709b-4f5d-86fd-b370854e8e12,U13,Monroe Premier,u14,Male,FL,Florida,,FALSE,e6102baf-6095-4fc8-805a-ed0d71cbee1e,,553781,
b8d45f50-b8ad-497c-95fb-3630e9fa3486,SIMA Pre-Academy 2012/13,Montverde Soccer Club,u14,Male,FL,Florida,,FALSE,e6102baf-6095-4fc8-805a-ed0d71cbee1e,,384080,
0b657cd4-93de-4e44-83f0-b6b0a2dc95a2,Naples Elite SC 2012 Blue NPL,Naples Elite Soccer Club,u14,Male,FL,Florida,,FALSE,e6102baf-6095-4fc8-805a-ed0d71cbee1e,,392300,
c3e92761-6d4a-4e63-8322-5429616df9d9,Naples Elite SC 2012 Red EDP,Naples Elite Soccer Club,u14,Male,FL,Florida,,FALSE,e6102baf-6095-4fc8-805a-ed0d71cbee1e,,392299,
446b2848-db48-4b63-aade-eae2a57b34da,Nature Coast SC 2012 TK,"Nature Coast Soccer Club, Inc.",u14,Male,FL,Florida,,FALSE,e6102baf-6095-4fc8-805a-ed0d71cbee1e,,385720,
25a6792e-3bd5-4475-8274-62e4f3212bcb,NUFC 2012 Boys,Navarre United Futbol Club,u14,Male,FL,Florida,,FALSE,e6102baf-6095-4fc8-805a-ed0d71cbee1e,,252133,
ecb3e395-3edd-40d7-990c-f35336e53611,Nona FC 2012 Boys Black NAL,Nona Soccer Academy,u14,Male,FL,Florida,,FALSE,e6102baf-6095-4fc8-805a-ed0d71cbee1e,,54963,
6858f36a-dee8-4cb7-a122-08ec2c755b0b,Nona Soccer 2012 Boys Grey,Nona Soccer Academy,u14,Male,FL,Florida,,FALSE,e6102baf-6095-4fc8-805a-ed0d71cbee1e,,486600,
ec27e53f-ee46-43aa-9cfb-62f6acdd9244,Nona Soccer 2012 Boys Orange,Nona Soccer Academy,u14,Male,FL,Florida,,FALSE,e6102baf-6095-4fc8-805a-ed0d71cbee1e,,54964,
db4dcc81-0b98-46fd-9f0d-f447db532346,NONA Soccer Academy U14 AD,Nona Soccer Academy,u14,Male,FL,Florida,,FALSE,b376e2a4-4b81-47be-b2aa-a06ba0616110,AD,644103;585_U14_AD,
9a25d0f5-d0ff-472d-8401-41651063576a,North Port Fusion FC 2012B,North Port Fusion FC,u14,Male,FL,Florida,,FALSE,e6102baf-6095-4fc8-805a-ed0d71cbee1e,,101159,
7a91e840-9dc5-4869-bc55-fe8578b31618,North Port Fusion FC 2012B Silver - Bailey,North Port Fusion FC,u14,Male,FL,Florida,,FALSE,e6102baf-6095-4fc8-805a-ed0d71cbee1e,,382472,
3b951007-a81b-4c73-bd01-4e60330c30fb,OCSS-SOUTH U13 MLS next,OCSS - South,u14,Male,FL,Florida,,FALSE,e6102baf-6095-4fc8-805a-ed0d71cbee1e,,137893,
b08cc04c-ef40-443d-8363-23681df46f45,Orlando City Soccer School Windermere and Clermont 2012 Purple,OCSS Windermere & Clermont,u14,Male,FL,Florida,,FALSE,e6102baf-6095-4fc8-805a-ed0d71cbee1e,,298425,
aa535bbd-816b-4354-96d8-56a895520354,Orlando City Soccer School Windermere and Clermont 2012 White,OCSS Windermere & Clermont,u14,Male,FL,Florida,,FALSE,e6102baf-6095-4fc8-805a-ed0d71cbee1e,,454197,
c44d6f18-8b44-42cd-8512-4538db45e62d,Oldsmar SC 2012B Blue,Oldsmar SC,u14,Male,FL,Florida,,FALSE,e6102baf-6095-4fc8-805a-ed0d71cbee1e,,485961,
15140b02-1706-4a15-9a29-e0a792456f6f,ONE FC B2012 BLACK,One FC,u14,Male,FL,Florida,,FALSE,e6102baf-6095-4fc8-805a-ed0d71cbee1e,,120987,
75604916-ba09-4a5e-84a2-c9df07023c99,ONE FC B2012 BLUE,One FC,u14,Male,FL,Florida,,FALSE,e6102baf-6095-4fc8-805a-ed0d71cbee1e,,121001,
9c76da26-6c5e-435c-a9e9-bebd97ef0dd2,One FC U14 AD,One FC,u14,Male,FL,Florida,,FALSE,b376e2a4-4b81-47be-b2aa-a06ba0616110,AD,1304_U14_AD;1304_U14_HD,
197a6966-194a-4675-9c90-f93814a94e62,Orlando City SC U14 HD,Orlando City SC,u14,Male,FL,Florida,,FALSE,b376e2a4-4b81-47be-b2aa-a06ba0616110,HD,22_U14_HD;394064,
9f510935-7e71-491e-806f-b6d0818b55ec,OCSS Celebration 2012,Orlando City Soccer Club,u14,Male,FL,Florida,,FALSE,e6102baf-6095-4fc8-805a-ed0d71cbee1e,,556030,
e2c187f7-7f6f-4d8a-867c-c4109e8030e6,OCLN 2012 Boys Gold,Orlando City Soccer School Lake Nona,u14,Male,FL,Florida,,FALSE,e6102baf-6095-4fc8-805a-ed0d71cbee1e,,504937,
051d359a-496f-414f-bf88-992b7e34560b,OCLN 2012 Boys Purple,Orlando City Soccer School Lake Nona,u14,Male,FL,Florida,,FALSE,e6102baf-6095-4fc8-805a-ed0d71cbee1e,,245075,
0b6da9cc-b975-4f1c-870f-a18bd841c8f5,OCLN 2012 Boys White,Orlando City Soccer School Lake Nona,u14,Male,FL,Florida,,FALSE,e6102baf-6095-4fc8-805a-ed0d71cbee1e,,245076,
ed22c898-7665-4792-b1a2-25cd8705f8de,OCSS-Seminole 2012 MLS 2,Orlando City Soccer School Seminole,u14,Male,FL,Florida,,FALSE,e6102baf-6095-4fc8-805a-ed0d71cbee1e,,498453,
db622879-fb60-4ed8-9e67-b00b2e90e225,OCSS-Seminole 2012B Elite,Orlando City Soccer School Seminole,u14,Male,FL,Florida,,FALSE,e6102baf-6095-4fc8-805a-ed0d71cbee1e,,133922,
2ee49323-318f-4d67-9097-b18b687cbd69,Orlando City Soccer School South U14 AD,Orlando City Soccer School South,u14,Male,FL,Florida,,FALSE,b376e2a4-4b81-47be-b2aa-a06ba0616110,AD,471_U14_AD,
5f1a87cc-99e8-48a1-b147-6b6d89879aaf,Orlando City Soccer School South U14 HD,Orlando City Soccer School South,u14,Male,FL,Florida,,FALSE,b376e2a4-4b81-47be-b2aa-a06ba0616110,HD,471_U14_HD;502523,
f3bbaf94-cdbf-49a0-a1f2-af819d30e2b1,Orlando City Youth SC U14 AD,Orlando City Youth SC,u14,Male,FL,Florida,,FALSE,b376e2a4-4b81-47be-b2aa-a06ba0616110,AD,364_U14_AD,
d5da10d3-dc49-44a6-9d44-2bacd680faad,Orlando City Youth SC U14 HD,Orlando City Youth SC,u14,Male,FL,Florida,,FALSE,b376e2a4-4b81-47be-b2aa-a06ba0616110,HD,364_U14_HD,
c30a4660-a39e-428d-88ee-32e3b9484206,OCSS-Seminole 12 MLS Next,Orlando City Youth Soccer,u14,Male,FL,Florida,,FALSE,e6102baf-6095-4fc8-805a-ed0d71cbee1e,,550302,
71eb5411-67f5-4806-a9f7-d3962e55cad3,OCSS-Seminole 2012 NAL,Orlando City Youth Soccer,u14,Male,FL,Florida,,FALSE,e6102baf-6095-4fc8-805a-ed0d71cbee1e,,497548,
f7718a8d-d8d3-41c6-8982-cdc66f2f6e30,Orlando City Lake Nona ECNL RL B12,Orlando Soccer School Lake Nona,u14,Male,FL,Florida,,FALSE,ea79aa6e-679f-4b5b-92b1-e9f502df7582,,245073,
96c66411-9b98-4be4-a02d-a697132e7623,OBSC 2012 Boys Red NPL,Ormond Beach Soccer Club,u14,Male,FL,Florida,,FALSE,e6102baf-6095-4fc8-805a-ed0d71cbee1e,,392262,
7932dc48-a704-452c-bae5-a064637fd6d5,PBG 12-13 BOYS ELITE,Palm Beach Kicks,u14,Male,FL,Florida,,FALSE,e6102baf-6095-4fc8-805a-ed0d71cbee1e,,424646,
7cb0fc2b-3dfe-47bb-a874-46e05f465a31,PBU 2012 BOYS NL,Palm Beach Kicks,u14,Male,FL,Florida,,FALSE,e6102baf-6095-4fc8-805a-ed0d71cbee1e,,169953,
59060ff1-92af-4f39-a3b4-9d63dc63bea4,PBU 2012 BOYS NPL,Palm Beach Kicks,u14,Male,FL,Florida,,FALSE,e6102baf-6095-4fc8-805a-ed0d71cbee1e,,172768,
05aeb75a-da51-4718-89cd-acaf66cc5c44,Palm Beach Rush 2012B,Palm Beach Rush Soccer Club,u14,Male,FL,Florida,,FALSE,e6102baf-6095-4fc8-805a-ed0d71cbee1e,,286428,
8cb14d6b-8289-42f3-a2bf-4831eee03e96,Palm Beach United ECNL 2012,Palm Beach United,u14,Male,FL,Florida,,FALSE,ea79aa6e-679f-4b5b-92b1-e9f502df7582,,,
76e24e32-f5cb-4ef1-bdc7-36d89efa3053,U14 GOLDEN,Paris Saint Germain Academy Orlando,u14,Male,FL,Florida,,FALSE,e6102baf-6095-4fc8-805a-ed0d71cbee1e,,580745,
a287c514-6efe-47e0-a0d7-82368fea0e6d,Parkland SC ECNL B12,Parkland Soccer Club,u14,Male,FL,Florida,,FALSE,e6102baf-6095-4fc8-805a-ed0d71cbee1e,,113414;67571,
7829ea48-7527-4ac0-a0c2-2c597e0de2a9,Parkland SC ECNL RL B12,Parkland Soccer Club,u14,Male,FL,Florida,,FALSE,ea79aa6e-679f-4b5b-92b1-e9f502df7582,,552028,
091d1771-56e9-4469-a7e9-95f9560aa0dc,Parkland SC Premier B12,Parkland Soccer Club,u14,Male,FL,Florida,,FALSE,e6102baf-6095-4fc8-805a-ed0d71cbee1e,,113432,
ac0b9239-f10a-49eb-a64b-50789c5e95cc,Pensacola Rush 12B,Pensacola Futbol Club,u14,Male,FL,Florida,,FALSE,e6102baf-6095-4fc8-805a-ed0d71cbee1e,,46896,
1e15864e-b0dd-4a71-8c65-10fdc9ca15cc,2012 Boys Blue,Pinecrest Premier Soccer,u14,Male,FL,Florida,,FALSE,e6102baf-6095-4fc8-805a-ed0d71cbee1e,,157019,
c1f273ee-411e-447a-9a68-4c125e43d124,2012 Boys White,Pinecrest Premier Soccer,u14,Male,FL,Florida,,FALSE,e6102baf-6095-4fc8-805a-ed0d71cbee1e,,157026,
d08e9220-6adb-43d1-a932-519568d9b73c,2012 Blue,Pinellas County United SC,u14,Male,FL,Florida,,FALSE,e6102baf-6095-4fc8-805a-ed0d71cbee1e,,104067,
c60a2d41-9561-4ef5-b27d-7b01bd94d53f,Azalea U12 Boys Fisher,Pinellas County United SC,u14,Male,FL,Florida,,FALSE,e6102baf-6095-4fc8-805a-ed0d71cbee1e,,561581,
2cb03984-ebcd-42b5-950c-485bebc2e1a9,U14B PCU SC 2012 White,Pinellas County United SC,u14,Male,FL,Florida,,FALSE,e6102baf-6095-4fc8-805a-ed0d71cbee1e,,613877,
682a8033-9cb2-496a-ad5e-a7157168d909,Plant City 2012B Premier,Plant City FC,u14,Male,FL,Florida,,FALSE,e6102baf-6095-4fc8-805a-ed0d71cbee1e,,95363,
9e350391-5068-420b-a240-f76a166176e5,NAL 2012 WRONG,Plantation F.C.,u14,Male,FL,Florida,,FALSE,e6102baf-6095-4fc8-805a-ed0d71cbee1e,,428317,
e84ce671-d010-4593-93f7-3eaa8cf30538,NAL. 2012 B,Plantation F.C.,u14,Male,FL,Florida,,FALSE,e6102baf-6095-4fc8-805a-ed0d71cbee1e,,93676,
e8aa2427-a457-40a2-b314-8f026daf2080,Plantation FC Rush U14 AD,Plantation F.C.,u14,Male,FL,Florida,,FALSE,b376e2a4-4b81-47be-b2aa-a06ba0616110,AD,1305_U14_AD,
f923ff9e-32d0-4bc4-b861-98a823cfb3c4,Players Club of Tampa Bay Silva Select,Players Club of Tampa Bay,u14,Male,FL,Florida,,FALSE,e6102baf-6095-4fc8-805a-ed0d71cbee1e,,493061,
1e2ed73b-c858-4fb8-a5ec-f87c92a5d9a5,Inter Soccer USA - 2012,Players Club of Tampa Bay,u14,Male,FL,Florida,,FALSE,e6102baf-6095-4fc8-805a-ed0d71cbee1e,,454457,
d75495c1-1644-4eea-8907-402f27ddef34,Silva Select 2012,Players Club of Tampa Bay,u14,Male,FL,Florida,,FALSE,e6102baf-6095-4fc8-805a-ed0d71cbee1e,,393369,
c5abd9b4-d1c6-4be1-9165-dbb3700e8fc1,Port Orange 2012 Boys,Port Orange Soccer Club,u14,Male,FL,Florida,,FALSE,e6102baf-6095-4fc8-805a-ed0d71cbee1e,,388210,
83ce9975-38e6-4cbd-b145-40d8292d2f4c,PSG ACADEMY FL1 2012 MBAPPE,PSG Academy FL,u14,Male,FL,Florida,,FALSE,e6102baf-6095-4fc8-805a-ed0d71cbee1e,,98585,
57c053bf-a82a-4f95-9c0e-0f6e5bdfeb93,PSG ACADEMY FL2 U13 PAULETA,PSG Academy FL,u14,Male,FL,Florida,,FALSE,e6102baf-6095-4fc8-805a-ed0d71cbee1e,,98572,
c09ffa3f-9f68-41f2-9215-d9233c39b4db,PSG ACADEMY FL2 U13 SARABIA,PSG Academy FL,u14,Male,FL,Florida,,FALSE,e6102baf-6095-4fc8-805a-ed0d71cbee1e,,327412,
14b8fdc6-f4d0-4767-b8f8-b904043ac9ef,PSL Hurricanes FC 2012 Boys NPL,"PSL Soccer Club/Hurricanes, Inc.",u14,Male,FL,Florida,,FALSE,e6102baf-6095-4fc8-805a-ed0d71cbee1e,,405783,
ad20ceee-daed-4e62-9de5-6135218c0a97,PSL Hurricanes FC 2012B Elite,"PSL Soccer Club/Hurricanes, Inc.",u14,Male,FL,Florida,,FALSE,e6102baf-6095-4fc8-805a-ed0d71cbee1e,,662241,
096cf768-167a-4874-85b5-8d38cddd244b,PSL Hurricanes FC-National Club P2- 12B (FL),"PSL Soccer Club/Hurricanes, Inc.",u14,Male,FL,Florida,,FALSE,e6102baf-6095-4fc8-805a-ed0d71cbee1e,,283653,
a136fbab-dd62-4a95-acde-e476ad3c3a14,R.W. Soccer Academy 2012,R.W. Soccer Academy,u14,Male,FL,Florida,,FALSE,e6102baf-6095-4fc8-805a-ed0d71cbee1e,,654670,
420b371d-9d71-4e51-9171-b64c7667ed49,Rise FC 2012 Boys,Rise FC,u14,Male,FL,Florida,,FALSE,e6102baf-6095-4fc8-805a-ed0d71cbee1e,,192528,
6a283324-dc6b-49b0-b72f-e8a351aa03ac,Ronaldo Academy Tampa 2012 Black WFPL,RONALDO ACADEMY TAMPA BAY,u14,Male,FL,Florida,,FALSE,e6102baf-6095-4fc8-805a-ed0d71cbee1e,,155570,
e7a78b04-143f-4af4-bbab-2f1908fd5b8e,Royal Palm Beach Strikers RPB U14B (2012) BLACK,Royal Palm Beach Strikers,u14,Male,FL,Florida,,FALSE,e6102baf-6095-4fc8-805a-ed0d71cbee1e,,119466,
ec45dabb-aee8-4fb3-8c9a-d3180114c397,Royal Palm Beach Strikers RPB U14B (2012) White,Royal Palm Beach Strikers,u14,Male,FL,Florida,,FALSE,e6102baf-6095-4fc8-805a-ed0d71cbee1e,,416780,
ef8da55d-21c8-49d3-a4d1-2b9923d452f2,Wimauma Warriors Select 2012,Rural YSA,u14,Male,FL,Florida,,FALSE,e6102baf-6095-4fc8-805a-ed0d71cbee1e,,197637,
84935165-9072-4bff-9d5a-871145871c88,Rush South Florida Select 12B,Rush Soccer Global,u14,Male,FL,Florida,,FALSE,e6102baf-6095-4fc8-805a-ed0d71cbee1e,,608643,
fb9386dd-4e69-4bd6-8551-ad0cbea2573f,2012B NPL,SABR - Team Boca,u14,Male,FL,Florida,,FALSE,e6102baf-6095-4fc8-805a-ed0d71cbee1e,,179292,
ef46f079-0bac-4209-8431-235a70b86656,Team Boca 12B White (FL),SABR - Team Boca,u14,Male,FL,Florida,,FALSE,e6102baf-6095-4fc8-805a-ed0d71cbee1e,,118590,
cc5fbd18-8ead-49a1-9cb5-253d2659ef2b,San Carlos Park Scorpion SC U13B BLACK,San Carlos Park Scorpion SC,u14,Male,FL,Florida,,FALSE,e6102baf-6095-4fc8-805a-ed0d71cbee1e,,131228,
feb86be8-6dde-4ff0-a65c-4c9312f973c8,SANTOS ACADEMY 2012,Santos Academy Miami,u14,Male,FL,Florida,,FALSE,e6102baf-6095-4fc8-805a-ed0d71cbee1e,,228814,
13d92566-eb1e-42d3-9617-e6ae1dc23007,Santos Academy FC U12,Santos Academy Miami,u14,Male,FL,Florida,,FALSE,e6102baf-6095-4fc8-805a-ed0d71cbee1e,,314078,
317eca00-68ec-45cb-971b-abf05eb6e60d,RJE Elite Spartans 2012,Sarasota Spartans,u14,Male,FL,Florida,,FALSE,e6102baf-6095-4fc8-805a-ed0d71cbee1e,,538639,
51871aaa-ca36-4755-bc99-020c884ccfe1,Sarasota Spartans 2012B Premier,Sarasota Spartans,u14,Male,FL,Florida,,FALSE,e6102baf-6095-4fc8-805a-ed0d71cbee1e,,141835,
afe8e573-d5c1-4f9d-8fb9-532cbdb95b20,Skillz Soccer Bahamas 2012,Skillz Soccer_ Bahamas At Large Passes,u14,Male,FL,Florida,,FALSE,e6102baf-6095-4fc8-805a-ed0d71cbee1e,,444463,
2259afa1-1294-42a9-952b-7e325be6c857,S5A AMELIA U14 RED,Soccer 5 Academy,u14,Male,FL,Florida,,FALSE,e6102baf-6095-4fc8-805a-ed0d71cbee1e,,419707,
86bd49e5-ec0e-449c-b294-282136ac5b72,S5A TROPICAL U14 ELITE,Soccer 5 Academy,u14,Male,FL,Florida,,FALSE,e6102baf-6095-4fc8-805a-ed0d71cbee1e,,450304,
2853d7aa-22e0-468e-86ea-0b25b6ce0770,2012 B SCSC,Soccer Club of St Cloud,u14,Male,FL,Florida,,FALSE,e6102baf-6095-4fc8-805a-ed0d71cbee1e,,108048,
bca00705-827e-4412-b3b9-d0abe2187835,SPSI 2012B WHITE,"Soccer Performance and Science Institute, Inc",u14,Male,FL,Florida,,FALSE,e6102baf-6095-4fc8-805a-ed0d71cbee1e,,443365,
e733f4c2-39a3-46e7-ac54-d48faea56c16,Florida Rush 2012 Next,Sol SC Florida,u14,Male,FL,Florida,,FALSE,e6102baf-6095-4fc8-805a-ed0d71cbee1e,,522761,
f49b6c03-4b2e-4f51-a974-deec24698c97,Sol SC Florida 2012B Navy 1,Sol SC Florida,u14,Male,FL,Florida,,FALSE,e6102baf-6095-4fc8-805a-ed0d71cbee1e,,125769,
56981656-d30f-4758-8b9e-12aece8d6e3f,Sol SC Florida U14 AD,Sol SC Florida,u14,Male,FL,Florida,,FALSE,e6102baf-6095-4fc8-805a-ed0d71cbee1e,AD,54079;363_U14_AD,
27371dfc-3877-4997-9b5c-91650c787c4e,Sol SC Florida U14 HD,Sol SC Florida,u14,Male,FL,Florida,,FALSE,b376e2a4-4b81-47be-b2aa-a06ba0616110,HD,363_U14_HD,
568fd6e3-d437-4862-ab90-7f5bf3bd85b6,Sol SC Lake County 2012B - Tavares,Sol SC Florida,u14,Male,FL,Florida,,FALSE,e6102baf-6095-4fc8-805a-ed0d71cbee1e,,272775,
a22330d4-a320-449f-a3bd-7309187417ef,Miami Krew U14,South Dade United,u14,Male,FL,Florida,,FALSE,e6102baf-6095-4fc8-805a-ed0d71cbee1e,,174778,
564e2c65-de1a-4a0d-b763-0e3f4dedaba9,South Florida Football Academy U14 AD,South Florida Football Academy,u14,Male,FL,Florida,,FALSE,b376e2a4-4b81-47be-b2aa-a06ba0616110,AD,278_U14_AD;575978,
ad9d9a57-d042-4851-b1af-8484d9e6c2a6,South Florida Football Academy U14 HD,South Florida Football Academy,u14,Male,FL,Florida,,FALSE,b376e2a4-4b81-47be-b2aa-a06ba0616110,HD,278_U14_HD,
1a76898e-2963-4b89-b90c-61c87d3515b3,SK SUNBLAZER 14 GOLD,"South Kendall Sunblazer Soccer Club, Inc.",u14,Male,FL,Florida,,FALSE,e6102baf-6095-4fc8-805a-ed0d71cbee1e,,163512,
13d43143-1a92-428f-9b53-fbafe662ccc5,SK Sunblazer U14 Royal,"South Kendall Sunblazer Soccer Club, Inc.",u14,Male,FL,Florida,,FALSE,e6102baf-6095-4fc8-805a-ed0d71cbee1e,,304555,
c120a8e5-82e6-4e90-939b-f49ca3d444ef,2012 Black NPL,South Miami United FC,u14,Male,FL,Florida,,FALSE,e6102baf-6095-4fc8-805a-ed0d71cbee1e,,287758,
ac2a2571-6470-48ed-85a6-4a390282d88e,2012 Green,South Miami United FC,u14,Male,FL,Florida,,FALSE,e6102baf-6095-4fc8-805a-ed0d71cbee1e,,287759,
e778230c-3a45-423f-bb34-4dc9b185c753,2012 White,South Miami United FC,u14,Male,FL,Florida,,FALSE,e6102baf-6095-4fc8-805a-ed0d71cbee1e,,287760,
7a197af0-2c8f-484b-bd9e-bc3ff6df7eaf,South Orlando SC SOSC 2012B ECNL-RL,South Orlando SC,u14,Male,FL,Florida,,FALSE,e6102baf-6095-4fc8-805a-ed0d71cbee1e,,95591,
7704539b-3f4e-47d5-8136-83719009c0d2,South Orlando SC SOSC 2012B Green,South Orlando SC,u14,Male,FL,Florida,,FALSE,e6102baf-6095-4fc8-805a-ed0d71cbee1e,,291900,
1bab6727-3d33-4d66-9b4d-af6c26b853a8,South Orlando SC SOSC 2012B Premier,South Orlando SC,u14,Male,FL,Florida,,FALSE,e6102baf-6095-4fc8-805a-ed0d71cbee1e,,159990,
5d74ba09-f3d5-4934-9269-a2be55c3ec51,Current FC U14,Southeast Volusia SC,u14,Male,FL,Florida,,FALSE,e6102baf-6095-4fc8-805a-ed0d71cbee1e,,620992,
0c96aced-9c78-4994-b768-0e4473b5db5f,2012 Southern Homestead NAL,Southern Homestead Soccer Academy,u14,Male,FL,Florida,,FALSE,e6102baf-6095-4fc8-805a-ed0d71cbee1e,,99759,
d3bbb6cb-fbcb-40d7-ac3e-854babc8828d,2012 Southern Homestead Reserve,Southern Homestead Soccer Academy,u14,Male,FL,Florida,,FALSE,e6102baf-6095-4fc8-805a-ed0d71cbee1e,,395256,
26afa704-380e-4ae3-b44a-2acabb420d60,SCU 2012 Boys ECNL,Space Coast United,u14,Male,FL,Florida,,FALSE,e6102baf-6095-4fc8-805a-ed0d71cbee1e,,92556,
830152ed-c193-44e2-957c-7e74ea313a8a,SCU 2012 Boys ECNL RL,Space Coast United,u14,Male,FL,Florida,,FALSE,e6102baf-6095-4fc8-805a-ed0d71cbee1e,,92557,
45b5d1ad-f112-4455-890f-e39748284115,SCU 2012 Boys NPL,Space Coast United,u14,Male,FL,Florida,,FALSE,e6102baf-6095-4fc8-805a-ed0d71cbee1e,,251162,
63f0e43d-050c-4255-8f50-857d666f66c1,Sporting Club Tallahassee ECNL RL 2012,Sporting Club Tallahassee,u14,Male,FL,Florida,,FALSE,ea79aa6e-679f-4b5b-92b1-e9f502df7582,,454028,
acd150a0-f934-44c5-a99c-289c198c2117,Sporting Gainesville 2012B NFPL,Sporting Gainesville Soccer Academy,u14,Male,FL,Florida,,FALSE,e6102baf-6095-4fc8-805a-ed0d71cbee1e,,632351,
c57ccffc-6e12-4438-91cf-f36c20681ff7,Sporting Gainesville 2012B NPL,Sporting Gainesville Soccer Academy,u14,Male,FL,Florida,,FALSE,e6102baf-6095-4fc8-805a-ed0d71cbee1e,,77618,
391095de-a439-4cb3-8ab0-611697b1adfb,2012 BOYS ELITE,Sporting Jax Soccer Academy,u14,Male,FL,Florida,,FALSE,e6102baf-6095-4fc8-805a-ed0d71cbee1e,,76630,
a83a7997-9a3a-48ed-9a36-ae15e1d52fd2,2012 BOYS NPL,Sporting Jax Soccer Academy,u14,Male,FL,Florida,,FALSE,e6102baf-6095-4fc8-805a-ed0d71cbee1e,,76628,
7f39c0fe-bed4-452c-8b30-5f1bb76d0bed,2012 BOYS PREMIER,Sporting Jax Soccer Academy,u14,Male,FL,Florida,,FALSE,e6102baf-6095-4fc8-805a-ed0d71cbee1e,,621526,
b5069beb-8b70-4981-b23c-336af8b081d5,2012 Boys South Perkins,Sporting Jax Soccer Academy,u14,Male,FL,Florida,2012,FALSE,e6102baf-6095-4fc8-805a-ed0d71cbee1e,,607513,
0c267413-a624-4ef8-ba8f-7ea36aca4a39,2012 Predators,Sporting Jax Soccer Academy,u14,Male,FL,Florida,,FALSE,e6102baf-6095-4fc8-805a-ed0d71cbee1e,,426193,
3e2c3149-5055-4023-877c-3e9aa7b48969,Sporting Jax ECNL B12,Sporting Jax Soccer Academy,u14,Male,FL,Florida,,FALSE,ea79aa6e-679f-4b5b-92b1-e9f502df7582,,94388;76626,
e943fe56-b4ca-468c-b7d7-3601ca304959,Sporting Jax ECNL RL B12,Sporting Jax Soccer Academy,u14,Male,FL,Florida,,FALSE,ea79aa6e-679f-4b5b-92b1-e9f502df7582,,76627,
54b78c6c-2dcd-4902-9a8b-b2643278833f,Sporting Oakleaf 2012 Boys Elite,Sporting Jax Soccer Academy,u14,Male,FL,Florida,,FALSE,e6102baf-6095-4fc8-805a-ed0d71cbee1e,,627862,
fbb8c07e-e43b-4813-9192-fdf39cc2db98,Sporting Palm Coast 2012 Boys Elite,Sporting Jax Soccer Academy,u14,Male,FL,Florida,,FALSE,e6102baf-6095-4fc8-805a-ed0d71cbee1e,,76760,
d4b5b6d0-9c30-4775-b882-06f88e4b22b6,Sporting Palm Coast 2012 Boys Premier,Sporting Jax Soccer Academy,u14,Male,FL,Florida,,FALSE,e6102baf-6095-4fc8-805a-ed0d71cbee1e,,76703,
31c7b28c-fe3f-4b86-977a-6a23daaa5da9,2012/13 Boys Premier,Sporting Tallahassee Soccer Academy,u14,Male,FL,Florida,,FALSE,e6102baf-6095-4fc8-805a-ed0d71cbee1e,,155539,
8443c1f1-f4f4-4e4f-8f88-c8e69f76775a,Central Orlando Soccer Club,Sports Paradize Soccer Academy,u14,Male,FL,Florida,,FALSE,e6102baf-6095-4fc8-805a-ed0d71cbee1e,,397570,
28180c44-0527-49c4-95a9-5fbf8e596689,Junior Elite Soccer Academy 2012 EDP,Sports Paradize Soccer Academy,u14,Male,FL,Florida,,FALSE,e6102baf-6095-4fc8-805a-ed0d71cbee1e,,384128,
1b030fec-589f-4b49-9806-473b9708e849,Junior Elite Soccer Academy Black 2012,Sports Paradize Soccer Academy,u14,Male,FL,Florida,,FALSE,e6102baf-6095-4fc8-805a-ed0d71cbee1e,,524480,
b67354a7-4153-465f-8628-72ef2db928ea,Soccer NextGen 2012,Sports Paradize Soccer Academy,u14,Male,FL,Florida,,FALSE,e6102baf-6095-4fc8-805a-ed0d71cbee1e,,532386,
69c00015-037d-42f6-8f4d-ad6656542709,Soccer NextGen U13 Boys,Sports Paradize Soccer Academy,u14,Male,FL,Florida,,FALSE,e6102baf-6095-4fc8-805a-ed0d71cbee1e,,560058,
0563ebc2-c473-4f71-a692-6c3579ec8f23,Springs SC 2012B NPL,Springs Soccer Club,u14,Male,FL,Florida,,FALSE,e6102baf-6095-4fc8-805a-ed0d71cbee1e,,278066,
aab7990b-fe40-4410-9a16-0b7c1d78d34a,Springs SC 2012B RL,Springs Soccer Club,u14,Male,FL,Florida,,FALSE,e6102baf-6095-4fc8-805a-ed0d71cbee1e,,278063,
dce1dd5e-ae2a-446e-b0de-dc873a21b21e,St. Pete Raiders 2012B Elite (Scharff),St Pete Raiders,u14,Male,FL,Florida,,FALSE,e6102baf-6095-4fc8-805a-ed0d71cbee1e,,505236,
376be9be-f835-439f-9e5d-99b72dc65169,St Petersburg FC Boys 2012 SPFC,St. Petersburg Football Club,u14,Male,FL,Florida,,FALSE,e6102baf-6095-4fc8-805a-ed0d71cbee1e,,113768,
a91a6e86-83f4-4b3b-bbad-a39c5147f2b9,GOSA 2012 Boys,Stetson FA,u14,Male,FL,Florida,,FALSE,e6102baf-6095-4fc8-805a-ed0d71cbee1e,,531747,
99c0255d-f846-4dfc-9b0e-cb82872f8f77,Strikers Miami FC 2012 Elite,Strikers Miami FC,u14,Male,FL,Florida,,FALSE,e6102baf-6095-4fc8-805a-ed0d71cbee1e,,387763,
0ddee43c-f3af-4c11-8056-77d946f77b37,Strikers Miami FC 2012 NL,Strikers Miami FC,u14,Male,FL,Florida,,FALSE,e6102baf-6095-4fc8-805a-ed0d71cbee1e,,503906,
be541ecc-f98b-4c80-9558-5a8ac0ef19ab,Strikers Miami FC 2012 NRL,Strikers Miami FC,u14,Male,FL,Florida,,FALSE,e6102baf-6095-4fc8-805a-ed0d71cbee1e,,624083,
f3565662-e37e-45b5-be9a-0b17cfdc9692,Sunrise Surf 2012 - not active,Sunrise Soccer Club,u14,Male,FL,Florida,,FALSE,e6102baf-6095-4fc8-805a-ed0d71cbee1e,,631620,
ab253977-02cf-4e94-8abb-752b09be17c8,Sunrise Surf 2012 NPL Boys,Sunrise Soccer Club,u14,Male,FL,Florida,,FALSE,e6102baf-6095-4fc8-805a-ed0d71cbee1e,,508123,
f712c541-569c-4915-ad9d-94fdb496c4cc,SWFL Soccer Academy 2012 White,SWFL Soccer Academy,u14,Male,FL,Florida,,FALSE,e6102baf-6095-4fc8-805a-ed0d71cbee1e,,589900,
153b11d2-ea79-476d-b168-6e873e63f530,Tampa Bay United U14 AD,Tampa Bay United,u14,Male,FL,Florida,,FALSE,b376e2a4-4b81-47be-b2aa-a06ba0616110,AD,387_U14_AD;114652,
6c8ddbcf-a7c3-439d-9cea-82d6ee6c19fb,Tampa Bay United U14 HD,Tampa Bay United,u14,Male,FL,Florida,,FALSE,b376e2a4-4b81-47be-b2aa-a06ba0616110,HD,387_U14_HD,
1222c351-df16-44eb-b506-05dc1d3bd526,TBU 2012B Elite North WFPL,Tampa Bay United,u14,Male,FL,Florida,,FALSE,e6102baf-6095-4fc8-805a-ed0d71cbee1e,,620285,
f06c7e68-f959-4539-bda4-7fea7759c752,TBU 2012B Elite Wesley Chapel CDL,Tampa Bay United,u14,Male,FL,Florida,,FALSE,e6102baf-6095-4fc8-805a-ed0d71cbee1e,,372778,
24411090-cdbf-4f95-b9b6-7b6fc047b685,TBU 2012B NAL,Tampa Bay United,u14,Male,FL,Florida,,FALSE,e6102baf-6095-4fc8-805a-ed0d71cbee1e,,114666,
bc2e5e4c-8af5-4f4d-bd3b-24af2144fbf1,TBU 2012B Premier North NPL,Tampa Bay United,u14,Male,FL,Florida,,FALSE,e6102baf-6095-4fc8-805a-ed0d71cbee1e,,89248,
fbe31a88-6039-445a-afef-17b3507d7d2c,TBU 2012B Premier South NPL,Tampa Bay United,u14,Male,FL,Florida,,FALSE,e6102baf-6095-4fc8-805a-ed0d71cbee1e,,172620,
3521a47e-a69b-410a-92e9-af88ee1fc75b,Tampa Dynamo FC 2012B Red,Tampa Dynamo FC,u14,Male,FL,Florida,,FALSE,e6102baf-6095-4fc8-805a-ed0d71cbee1e,,79969,
02f69d1e-6b11-4a10-97fc-76098659e035,Tampa Dynamo FC 2012B White,Tampa Dynamo FC,u14,Male,FL,Florida,,FALSE,e6102baf-6095-4fc8-805a-ed0d71cbee1e,,93589,
6e35d875-966e-4b1a-86b7-a377cfe16375,Tampa Raiders 2012 Boys Blue,Tampa Raiders,u14,Male,FL,Florida,,FALSE,e6102baf-6095-4fc8-805a-ed0d71cbee1e,,179118,
059e8d3a-dafa-4952-b8dc-8f7b43a1613a,2012 Cobras,Titusville Soccer Club,u14,Male,FL,Florida,,FALSE,e6102baf-6095-4fc8-805a-ed0d71cbee1e,,274135,
e4c96595-9abe-48df-9f26-15f8969c67f8,Titusville SC 2012 Boys,Titusville Soccer Club,u14,Male,FL,Florida,,FALSE,e6102baf-6095-4fc8-805a-ed0d71cbee1e,,614791,
f6c7026f-d94e-4587-a74f-eb6e65ac0d44,Tropical 2911FC B2012,Tropical Soccer,u14,Male,FL,Florida,,FALSE,e6102baf-6095-4fc8-805a-ed0d71cbee1e,,629466,
df3bc909-7425-4340-9c2a-41104ca330e1,Tropical FC 2012B,Tropical Soccer,u14,Male,FL,Florida,,FALSE,e6102baf-6095-4fc8-805a-ed0d71cbee1e,,266755,
d9d88fda-5b38-4fa8-aec3-b6c2b066a92e,ECNL RL B12,Tropical Soccer Club,u14,Male,FL,Florida,,FALSE,ea79aa6e-679f-4b5b-92b1-e9f502df7582,,,
fa3b40e1-bac9-49ff-b5cb-e73cb8a63b25,Venice 2012 Boys,VENICE SC,u14,Male,FL,Florida,,FALSE,e6102baf-6095-4fc8-805a-ed0d71cbee1e,,161048,
ffdfe832-fe5c-4b78-b9f8-580b1bee984d,2012 ULTRA - NAL & NLP2,W&H America,u14,Male,FL,Florida,,FALSE,e6102baf-6095-4fc8-805a-ed0d71cbee1e,,12088,
2e4254ec-13ed-4378-a5d4-53aad81377ce,WUFC Garnet,Wakulla United Futbol Club,u14,Male,FL,Florida,,FALSE,e6102baf-6095-4fc8-805a-ed0d71cbee1e,,543937,
6df82ff9-0392-46a9-b94c-912fa0915369,ASG 2012B Regional,Warner Soccer Club,u14,Male,FL,Florida,,FALSE,e6102baf-6095-4fc8-805a-ed0d71cbee1e,,508538,
cc8ad182-934c-4c83-a1fa-568c2e9776fb,ASG FL 2012B,Warner Soccer Club,u14,Male,FL,Florida,,FALSE,e6102baf-6095-4fc8-805a-ed0d71cbee1e,,88650,
1bb46cec-40c5-4577-bcf0-3bca381f3d93,CLA B Black,Warner Soccer Club,u14,Male,FL,Florida,,FALSE,e6102baf-6095-4fc8-805a-ed0d71cbee1e,,422184,
6f4e2871-d34f-4ebb-88cb-85bb68caef3d,CLA B Blue,Warner Soccer Club,u14,Male,FL,Florida,,FALSE,e6102baf-6095-4fc8-805a-ed0d71cbee1e,,422191,
39f4a2a6-72cc-4518-bfe5-f6a8b641b09b,ANWSC Wellington SC 2012B Elite,Wellington SC,u14,Male,FL,Florida,,FALSE,e6102baf-6095-4fc8-805a-ed0d71cbee1e,,80326,
972a76f9-1053-4130-a153-ea5479f79c9d,ANWSC Wellington SC 2012B Premier,Wellington SC,u14,Male,FL,Florida,,FALSE,e6102baf-6095-4fc8-805a-ed0d71cbee1e,,98944,
e06742ab-a4aa-4612-9fa7-475491ace6b2,Wellington ECNL RL B12,Wellington Soccer Club,u14,Male,FL,Florida,,FALSE,e6102baf-6095-4fc8-805a-ed0d71cbee1e,,247653,
31b0da78-b62f-4c4c-8290-951ab60ede4a,Wellington ECNL RL B12,Wellington Soccer Club,u14,Male,FL,Florida,,FALSE,ea79aa6e-679f-4b5b-92b1-e9f502df7582,,,
f658a32b-2e32-4673-9034-585df72c755a,2012 NAL,West Florida Flames,u14,Male,FL,Florida,,FALSE,e6102baf-6095-4fc8-805a-ed0d71cbee1e,,95129,
a51d29b7-6a76-499a-bc32-0b12b6a5a109,2012B Brandon NPL,West Florida Flames,u14,Male,FL,Florida,,FALSE,e6102baf-6095-4fc8-805a-ed0d71cbee1e,,95109,
faf40d93-5bf1-4e48-a2a1-1aaf112c1049,West Florida Flames U14 AD,West Florida Flames,u14,Male,FL,Florida,,FALSE,e6102baf-6095-4fc8-805a-ed0d71cbee1e,AD,95108;399_U14_AD,
00fdcc29-fe52-40a9-a8c2-5991f7d592ac,West Florida Flames U14 HD,West Florida Flames,u14,Male,FL,Florida,,FALSE,b376e2a4-4b81-47be-b2aa-a06ba0616110,HD,95090;399_U14_HD,
d4842218-051c-4c3c-8f9d-008b3640375d,West Pines United FC 2012 Elite,West Pines United FC,u14,Male,FL,Florida,,FALSE,e6102baf-6095-4fc8-805a-ed0d71cbee1e,,148533,
82503a91-1227-465f-9b08-e75ad50d2583,West Pines United FC 2012 Premier,West Pines United FC,u14,Male,FL,Florida,,FALSE,e6102baf-6095-4fc8-805a-ed0d71cbee1e,,518493,
48ee6c9f-bd2b-442b-be76-a1ce090c30cd,Weston FC 2012 Boys Black,Weston FC,u14,Male,FL,Florida,,FALSE,e6102baf-6095-4fc8-805a-ed0d71cbee1e,,108825,
f9f4b5c2-9ba3-42a9-81f7-0cc65bca1f7c,Weston FC 2012 Boys Blue,Weston FC,u14,Male,FL,Florida,,FALSE,e6102baf-6095-4fc8-805a-ed0d71cbee1e,,482586,
fced7d2b-1a94-4636-9b28-683e8d5bd143,Weston FC 2012 Boys White,Weston FC,u14,Male,FL,Florida,,FALSE,e6102baf-6095-4fc8-805a-ed0d71cbee1e,,108826,
779afbae-b869-41c4-a476-c0efa61507cb,Weston FC U14 AD,Weston FC,u14,Male,FL,Florida,,FALSE,b376e2a4-4b81-47be-b2aa-a06ba0616110,AD,108824;11_U14_AD,
58a3b0b1-6845-45e5-8e1c-ab495bdd06e0,Weston FC U14 HD,Weston FC,u14,Male,FL,Florida,,FALSE,b376e2a4-4b81-47be-b2aa-a06ba0616110,HD,11_U14_HD;108822,
eec869cd-b310-45ea-8fa0-784780702f5f,WS 2012B Gold,Weston Select Soccer Club,u14,Male,FL,Florida,,FALSE,e6102baf-6095-4fc8-805a-ed0d71cbee1e,,520175,
969b2aaf-c3aa-437f-9711-39b5eedabf8e,WS 2012B Purple,Weston Select Soccer Club,u14,Male,FL,Florida,,FALSE,e6102baf-6095-4fc8-805a-ed0d71cbee1e,,520176,
a23d1ab4-1315-4db6-8c31-e66f485234a8,2012 Boys Elite,Winter Haven SC,u14,Male,FL,Florida,,FALSE,e6102baf-6095-4fc8-805a-ed0d71cbee1e,,156334,
37646198-70c0-4560-9586-b18c07cd2d1c,2012 Select Boys,Winter Park FC,u14,Male,FL,Florida,,FALSE,e6102baf-6095-4fc8-805a-ed0d71cbee1e,,103670,
e9af47e5-4fe5-49ee-9689-0b3dc0140f05,***GALACTICOS SOCCER ACADEMY 2012 ELITE,,u14,Male,FL,Florida,,FALSE,e6102baf-6095-4fc8-805a-ed0d71cbee1e,,288976,
064651b2-ffb0-462c-a9d5-c841590fed46,Chivas BU14,,u14,Male,FL,Florida,,FALSE,e6102baf-6095-4fc8-805a-ed0d71cbee1e,,545018,
2e95f741-2201-4390-9490-624454e7bc9e,Florida Royal FC U13 (2012),,u14,Male,FL,Florida,,FALSE,e6102baf-6095-4fc8-805a-ed0d71cbee1e,,609896,
cccdf8fd-c954-48e1-94b7-d3d80f2f8e7a,Gt Soccer,,u14,Male,FL,Florida,,FALSE,e6102baf-6095-4fc8-805a-ed0d71cbee1e,,534252,
86931e29-5d5f-4728-bea6-a5850bb7b917,JAM Doral - Brio,,u14,Male,FL,Florida,,FALSE,e6102baf-6095-4fc8-805a-ed0d71cbee1e,,416313,
32504de8-4513-4f0b-bb08-d1ee596ebc33,JAM Doral - Deschamps,,u14,Male,FL,Florida,,FALSE,e6102baf-6095-4fc8-805a-ed0d71cbee1e,,127905,
70ae9061-5cf1-4726-a14e-8b05f7dcf4c3,JAM Doral - Tachinardi,,u14,Male,FL,Florida,,FALSE,e6102baf-6095-4fc8-805a-ed0d71cbee1e,,127879,
1ae9ab0d-9791-494f-852e-75c3490af5c7,Mobile Rush 2012/13B,,u14,Male,FL,Florida,2012,FALSE,e6102baf-6095-4fc8-805a-ed0d71cbee1e,,606872,
307a79bb-b2f5-412e-9232-3d1587176444,Naples United 2012,,u14,Male,FL,Florida,,FALSE,e6102baf-6095-4fc8-805a-ed0d71cbee1e,,233045,
a381808f-8d67-4806-b822-1214eff6a2b5,SFK ELITE U13 Miguel,,u14,Male,FL,Florida,,FALSE,e6102baf-6095-4fc8-805a-ed0d71cbee1e,,452574,
aaa142aa-db29-498e-9ab4-8cae6e523a44,U13 Blue,,u14,Male,FL,Florida,,FALSE,e6102baf-6095-4fc8-805a-ed0d71cbee1e,,522782,
76e1091a-66e4-4b46-b9e6-a25611dd1903,United Soccer Alliance Coastal Kicks 2012 Wave Runners,,u14,Male,FL,Florida,,FALSE,e6102baf-6095-4fc8-805a-ed0d71cbee1e,,170404,
