Provider Team ID,Master Team ID,Team Name,Club Name,Age Group,Gender,State Code,Match Method,Confidence,Division
1409,fb91eff2-2811-4493-b0f2-dea290deb6f1,City SC Southwest U13 MLS NEXT AD,City SC Southwest,u13,Male,CA,manual,100.0%,N/A
457,cd9c0374-f819-48b9-8d9d-2fa6355196bf,Atletico Santa Rosa U13 MLS NEXT HD,Atletico Santa Rosa,u13,Male,CA,manual,100.0%,N/A
395,8e3d0427-6699-4c77-a474-77643ab512be,LA Surf SC LOS ANGELES U13 MLS NEXT HD,Los Angeles Surf,u13,Male,CA,manual,100.0%,N/A
1348,2914159d-9cc6-43ca-99b6-cb14b05850a7,Monarchs AZ U13 MLS NEXT AD,Monarchs AZ,u13,Male,AZ,manual,100.0%,N/A
563,fd174631-4d78-4f07-858c-066a49402830,RSL AZ Mesa 13B MLS Next AD,RSL Arizona,u13,Male,AZ,manual,100.0%,N/A
990,2429394c-9632-4a06-9422-d03ca3765d5e,Almaden FC U13 MLS NEXT AD,Almaden FC,u13,Male,,manual,100.0%,N/A
585,ab5c85d9-553d-41c0-832a-f67f882da4a8,Nona FC 2013 Academy MLS Next,Nona Soccer Academy,u13,Male,FL,manual,100.0%,N/A
1347,171f57f9-d5ba-48e7-9934-a504f1b3738e,City SC Utah U13 MLS NEXT AD,City SC Utah,u13,Male,UT,manual,100.0%,N/A
19,c28805af-ab83-4411-8252-365c3d175ce6,FC Golden State Force U13 MLS NEXT AD,FC Golden State Force,u13,Male,CA,manual,100.0%,N/A
392,9b58c3ec-fff8-4e1a-9afd-764639b54f86,City SC San Diego U13 MLS NEXT HD,City SC San Diego,u13,Male,,manual,100.0%,N/A
456,15e7c821-6eef-4044-a083-877da9861978,ALBION SC Las Vegas B13 MLS Next,ALBION SC Las Vegas,u13,Male,NV,manual,100.0%,N/A
1077,ba50589a-4055-46e9-8f0a-ac9e28ca4622,ALBION SC Denver B13 MLS next 2,ALBION SC Denver,u13,Male,CO,manual,100.0%,N/A
249,afcc9762-d998-4528-b4bb-4f2ebe27d492,Total Futbol Academy U13 MLS NEXT HD,Total Futbol Academy,u13,Male,CA,manual,100.0%,N/A
467,22b8de81-8915-46ea-9ad6-48867b4cb670,Las Vegas Sports Academy U13 MLS Next 2013,Las Vegas Sports Academy,u13,Male,NV,manual,100.0%,N/A
1351,4440b955-d796-4936-9725-8497a7e224f3,LA Youth MLS II B13,Juventus Academy LA,u13,Male,CA,manual,100.0%,N/A
478,e612e0b2-5c14-4ddd-a2b2-32d8dabe0cca,Woodside Soccer Club Crush U13 MLS NEXT HD,Woodside Soccer Club Crush,u13,Male,CA,manual,100.0%,N/A
582,6a08ca5b-dee3-451d-a902-8bed9b47afb4,Socal Pride Futbol Club B2013 Coach Joey,Socal Pride Futbol Club,u13,Male,CA,manual,100.0%,N/A
1346,39b41d3d-c6cb-4b6a-8557-ab9c0ad5a4ba,Utah Celtic Storm U13 MLS NEXT AD,Celtic Storm,u13,Male,UT,manual,100.0%,N/A
581,4d8e81a2-b6c0-4fec-bbc5-65fd3335ced6,LA Bulls U13 MLS NEXT HD,LA Bulls,u13,Male,CA,manual,100.0%,N/A
409,d8c5f91c-aa44-42a4-a80f-fb684d692af9,Academy 13B MLS Next I,San Francisco Glens Soccer Club,u12,Male,CA,manual,100.0%,N/A
913,0e3b237c-e4a8-456b-b022-7a0b50876fef,Wasatch SC U13 MLS NEXT AD,Wasatch SC,u13,Male,UT,manual,100.0%,N/A
394,a717f5a1-9fc3-4b0d-b78b-cae382a43b87,Santa Barbara Soccer Club B2013 Pre-Academy,Santa Barbara Soccer Club,u13,Male,CA,manual,100.0%,N/A
890,008f84ef-89d2-4990-b3b2-823f0d20fb66,Laguna United FC U13 MLS NEXT AD,Laguna United FC,u13,Male,CA,manual,100.0%,N/A
391,ca5a69fe-de0c-4e93-85ce-bd6c261bb2db,RSL Arizona U13 MLS NEXT HD,RSL Arizona,u13,Male,AZ,manual,100.0%,N/A
397,b8832a0b-0ca0-47a3-bb6f-4cab015267e1,Ventura County Fusion U13 MLS NEXT HD,Ventura County Fusion,u13,Male,CA,manual,100.0%,N/A
566,2eb7ec78-e286-4e9c-92cf-8eb0c9c42ab9,B13 SoCal Reds FC MLS Next-MD,SoCal Reds FC,u13,Male,CA,manual,100.0%,N/A
859,c728d41b-c364-46c7-97d4-7f77ec23bdb0,Ajax United 13B Academy MLS Next,Ajax United,u13,Male,CA,manual,100.0%,N/A
14,91c2f6aa-96ab-4b74-9c5a-f8edd8661df2,LA Galaxy U13 MLS NEXT HD,LA Galaxy,u13,Male,CA,manual,100.0%,N/A
1273,5cf14a8a-f3d1-4e5e-8f0a-6fe6e5df653e,So Cal Pride-White Estrada,Socal Pride Futbol Club,u13,Male,CA,manual,100.0%,N/A
1421,6a3127f2-d2c2-40a2-8a95-d4984b1d2822,San Diego FC U13 MLS NEXT HD,San Diego FC,u13,Male,CA,manual,100.0%,N/A
184,d966b6b5-8e87-4f46-a1cd-96319c335eb9,Los Angeles Football Club U13 MLS NEXT HD,Los Angeles Football Club,u13,Male,CA,manual,100.0%,N/A
1350,ba46e6d0-06a2-4bfe-8ee6-366562cb3e93,Sparta B13 MLS NEXT AD Academy,Sparta United,u13,Male,UT,manual,100.0%,N/A
474,c65e3553-c10d-4fdc-b85f-c1e9c3bac69c,Strikers FC - Irvine 2013B MLS Next,,u13,Male,CA,manual,100.0%,N/A
580,56bd5a5c-f804-4508-837f-b4e74b27156a,13 MLSN,FC Tucson Youth Soccer,u13,Male,AZ,manual,100.0%,N/A
1352,e72bebf9-7ab8-448c-86d4-c746eada4ce0,B2013 MLS Next Academy,Sporting San Diego,u13,Male,CA,manual,100.0%,N/A
1134,af541fcd-5643-4a47-b37e-4f66747ad7c2,Phoenix Premier FC 13B Black,Phoenix Premier FC,u13,Male,AZ,manual,100.0%,N/A
132,4586553b-effc-46fb-be8a-863830f5e4ae,Burlingame SC 2013B NPL,Burlingame Soccer Club,u13,Male,CA,manual,100.0%,N/A
390,433ad64d-9a1a-4e7a-afd0-79c4bb5e600b,Phoenix Rising FC U13B,Phoenix Rising FC,u13,Male,AZ,manual,100.0%,N/A
393,4b5aab76-613a-4a0b-95bf-ac559c423ed9,Chula Vista FC 13B EA,Chula Vista FC,u13,Male,CA,manual,100.0%,N/A
871,b3037c92-8694-4577-99f3-117a5484408c,ALBION SC Riverside B13 Premier,ALBION SC Riverside,u13,Male,CA,manual,100.0%,N/A
925,236f83dc-b876-4477-bcd4-aac388b6d012,Oaks FC B13 MLS AD,Oaks FC,u13,Male,CA,manual,100.0%,N/A
name:diablo-valley-futbol-club,1b09195b-d19b-4d69-82eb-580dc812e6b4,Diablo Valley FC U13,Diablo Valley Futbol Club,u13,Male,CA,manual,100.0%,N/A
1096,df7c4914-9961-4d63-90b0-62d9d70d6e9e,Atletico B13 MLSNEXT,Atletico (WA),u13,Male,WA,manual,100.0%,N/A
964,5e154d5b-c69e-427a-bbfe-c86d9d110328,ALBION SC Colorado U13 MLS NEXT AD,ALBION SC Colorado,u13,Male,CO,manual,100.0%,N/A
1322,1ffee880-a4c8-4974-842e-dad78ded698d,SA United 13B MLS Next,SA United Soccer Club,u13,Male,TX,manual,100.0%,N/A
158,f94e943a-9196-47b8-84f8-4618f10c7115,Elk Grove Soccer U13 MLS NEXT AD,Elk Grove Soccer,u13,Male,CA,manual,100.0%,N/A
401,1a4e18ff-21a0-46fd-9d12-80f8c732bf04,Real FA U13 MLS NEXT AD,Real Futbol Academy,u13,Male,NJ,manual,100.0%,N/A
1420,3c24f92e-d41c-4860-a76a-0ed1375fb6c1,LTE SGA 13B Premier,LTFC,u13,Male,TX,manual,100.0%,N/A
463,f7981249-91f7-4a7e-ae2c-4f792282f28a,IdeaSport SA 2013 MLS NEXT I,IdeaSport Soccer Academy,u13,Male,FL,manual,100.0%,N/A
364,df631b65-74c8-45b5-9aa5-88571c103574,U12 Orlando City SC Purple,Orlando City Soccer Club,u13,Male,FL,manual,100.0%,N/A
70,a6139db4-6ed1-425e-9c15-71dc0eb478ea,Rochester NY FC U13 MLS NEXT HD,Rochester NY FC,u13,Male,NY,manual,100.0%,N/A
49,9d30b4e3-dbe0-4f99-863e-8f1766e8fb3f,Colorado Rapids U13 MLS NEXT HD,Colorado Rapids,u13,Male,CO,manual,100.0%,N/A
name:jacksonville-fc,bbc914dd-96bc-4cc8-87d4-080154add882,JFC 2013 MLS NEXT Homegrown Divsion,Jacksonville FC,u13,Male,FL,manual,100.0%,N/A
399,f318a108-5d13-424f-9911-c5f1dc66118e,2013 MLS Next,West Florida Flames,u13,Male,FL,manual,100.0%,N/A
35,4b40ef95-30c7-4856-ad30-5d33dd6b4d15,Miami Futbol Academy Rush U13 MLS NEXT HD,Miami Futbol Academy Rush,u13,Male,FL,manual,100.0%,N/A
11,00d5f111-c284-4280-a931-6ca72d1e1163,Weston FC 2013 MLS Next,Weston FC,u13,Male,FL,manual,100.0%,N/A
869,0fe1c1de-4073-4c91-89c4-fc41be6ec1c9,NUSA 13 Boys Maroon,Nashville United Soccer Academy,u13,Male,TN,manual,100.0%,N/A
1145,f81b4c90-83fc-47ed-8429-2d48807ca45e,Carolina Core FC U13 MLS NEXT HD,Carolina Core FC,u13,Male,NC,manual,100.0%,N/A
856,32d861e7-0869-4229-877a-b77c71032349,Athletum FC Academy U13 MLS NEXT HD,Athletum FC Academy,u13,Male,FL,manual,100.0%,N/A
363,391628c9-e13c-48c0-a3d4-c52f748f9b00,Sol SC Florida 2013B MLS Next,Sol SC Florida,u13,Male,FL,manual,100.0%,N/A
36,9e1d58ee-c9c9-41c8-9ea5-1adcc4893fcd,Chargers Soccer Club U13 MLS NEXT HD,Chargers Soccer Club,u13,Male,FL,manual,100.0%,N/A
22,df631b65-74c8-45b5-9aa5-88571c103574,U12 Orlando City SC Purple,Orlando City Soccer Club,u13,Male,FL,manual,100.0%,N/A
1321,2f2a30ca-2177-439b-8127-eed8f79bccad,Houston Futsal Club (HFA) U13 MLS NEXT AD,Houston Futsal Club (HFA),u13,Male,TX,manual,100.0%,N/A
868,d3905b11-4570-47e0-a570-ec52a9771874,Rangers U13 MLS Next HG,Houston Rangers,u13,Male,TX,manual,100.0%,N/A
1330,2af48f18-42e7-4c22-a07d-a070858ae4cc,U13B MLS Next New Tier/NAL,St. Louis Development Academy,u13,Male,MO,manual,100.0%,N/A
1314,0b1ba44f-af62-422f-974f-3dde66760c69,SLSG IL B 2013 MLS Next AD - Heartland,St. Louis Scott Gallagher,u13,Male,IL,manual,100.0%,N/A
1280,87826a46-0476-4fb5-a80a-a55114d69b40,New York Rush U13 MLS NEXT AD,New York Rush,u13,Male,NY,manual,100.0%,N/A
1279,f59d0036-f20e-42c0-aa63-eebce37d3d03,New York Elite Alleycats FC 2013 MLS NEXT AD,New York Elite Alleycats,u13,Male,NY,manual,100.0%,N/A
403,2d9cffe7-8fae-49cd-8167-b0c23c907edc,Bayside FC U13 MLS NEXT AD,Bayside FC,u13,Male,RI,manual,100.0%,N/A
1281,f79163cc-7cf3-4b12-879c-a733ba1ce89b,Rhode Island Surf B2013 MLS,Rhode Island Surf,u13,Male,RI,manual,100.0%,N/A
494,d2c2bc84-15f4-4223-a7a9-1e54e0fbe80b,Charlotte Independence Soccer Club U13 MLS NEXT AD,Charlotte Independence Soccer Club,u13,Male,NC,manual,100.0%,N/A
1297,f186e225-93e7-43c3-b774-a98473541fb6,CSC 13 Boys Navy North,Charleston Soccer Club,u13,Male,SC,manual,100.0%,N/A
791,36d1a84a-80c9-42b9-b488-cfae51823369,FC Harlem U13 MLS NEXT AD,FC Harlem,u13,Male,NY,manual,100.0%,N/A
1323,231d3a87-18c6-450f-a8e4-0431bf3293c3,Ozark United FC Academy U13 MLS NEXT AD,Ozark United FC Academy,u13,Male,AR,manual,100.0%,N/A
1325,daac55aa-5cae-4fd2-a433-1e4f3a80a001,One Knox 13B- MLS Next,One Knoxville Youth Club,u13,Male,TN,manual,100.0%,N/A
597,daac55aa-5cae-4fd2-a433-1e4f3a80a001,One Knox 13B- MLS Next,One Knoxville Youth Club,u13,Male,TN,manual,100.0%,N/A
383,5b7cfdb6-eb80-454b-9229-a43517c4df82,Inter Atlanta FC 13B Blue - Pre MLS Next,Inter Atlanta FC Blues,u13,Male,GA,manual,100.0%,N/A
471,3b951007-a81b-4c73-bd01-4e60330c30fb,OCSS-SOUTH U13 MLS next,OCSS - South,u14,Male,FL,manual,100.0%,N/A
335,771ac965-adf7-4f5e-b95d-b7105001b286,IMCFA 2013,Inter Miami CF,u13,Male,FL,manual,100.0%,N/A
25,f5523d6b-3e32-454a-b5f2-3f2c09d87bed,Oakwood SC 13 MLS Next 2,Oakwood Soccer Club,u13,Male,CT,manual,100.0%,N/A
1331,1f5f5804-8183-4b69-9469-103d34edcd18,Sting NE 2013B MLS Next 2 Davis,Sting Nebraska,u13,Male,NE,manual,100.0%,N/A
1268,1aaa458c-91d6-47f0-b1da-621e3cb5baba,Hornets U13 (2013) MLS Next AD North,Dallas Hornets,u13,Male,TX,manual,100.0%,N/A
567,a9131c17-8264-41d1-aae5-e5ca0d69ecde,Triangle United Soccer Association U13 MLS NEXT HD,Triangle United Soccer Association,u13,Male,NC,manual,100.0%,N/A
95,a03035cd-c29d-4b6c-b0ef-fbf7f25b71ba,Atlanta United U13 MLS NEXT HD,Atlanta United,u13,Male,GA,manual,100.0%,N/A
1271,8e066ff6-87d6-4def-90ae-49de242205ff,St. Louis Scott Gallagher St. Charles (Missouri) U13 MLS NEXT AD,St. Louis Scott Gallagher St. Charles (Missouri),u13,Male,MO,manual,100.0%,N/A
1267,4c2c3d0c-9efe-4797-ba2e-cc72f88ca62a,Capital City South U13 MLS NEXT AD,Capital City South,u13,Male,TX,manual,100.0%,N/A
1144,0359b369-aeaa-49ef-ba6e-0addfcdaeb31,AC River U13 MLS NEXT AD,AC River,u13,Male,TX,manual,100.0%,N/A
382,566a020c-57d7-4c39-9f35-edb9fbb8a1ff,LSA Gainesville Pre MLS 13B Navy (SCCL),Lanier Soccer Academy,u13,Male,GA,manual,100.0%,N/A
278,6a50ebd9-100d-4b14-8955-aa612329050f,South Florida Football Academy U13 MLS NEXT HD,South Florida Football Academy,u13,Male,FL,manual,100.0%,N/A
1263,b712aadb-9faa-48ef-a860-d720afb89cfe,IFA 2013 PRIMERO II,Impact Football Academy,u13,Male,NE,manual,100.0%,N/A
1328,766bcb7c-549d-4bf6-8089-c7bdcafab3d1,2013B Blue - East,Sporting City Soccer Club,u13,Male,MO,manual,100.0%,N/A
1301,107246f9-4114-40b2-af58-845e05fa7819,KH Elite Cincinnati B13-R,Kings Hammer Soccer Club,u13,Male,OH,manual,100.0%,N/A
472,e10d6a9e-3d23-493c-ac1a-833a050bfbb0,QCM 2013 MLS Next HD,Queen City Mutiny,u13,Male,NC,manual,100.0%,N/A
565,5e1e8bac-eab3-4bd5-8faf-f4ec84478c16,San Francisco Seals U13 MLS NEXT HD,San Francisco Seals,u13,Male,CA,manual,100.0%,N/A
37,c13b2d6a-c2b8-4580-9a59-311b7b357054,IMG Academy U12 Elite Boys,IMG Academy,u12,Male,FL,manual,100.0%,N/A
1329,1557fb02-2b9e-40b5-9cfb-6601dc22e6b0,Sporting Springfield 13 Celtic,Sporting Springfield,u13,Male,MO,manual,100.0%,N/A
1274,8167f6c2-4513-43b6-9cb1-f49ff047b8ac,956 United U13 MLS NEXT AD,956 United,u13,Male,TX,manual,100.0%,N/A
1306,a6854c4c-40c1-4e5a-b977-9712574095cb,CFYSC 2013B MLS Next AD,Chicago Fire Youth SC (CFYSC),u13,Male,IL,manual,100.0%,N/A
1310,78e454c1-9080-4945-8895-2a7144ec9b38,MI Power 13B Gold,Michigan Power Futbol Academy,u13,Male,MI,manual,100.0%,N/A
1312,baf3cd82-6159-4686-aad0-c227c7c646be,MI Stars 13 MLS Next AD,Michigan Stars Elite SC,u13,Male,MI,manual,100.0%,N/A
941,de373fa6-97bd-4cf5-9c60-e2789c51cd7f,GFI Academy North U13 MLS NEXT AD,GFI Academy North,u13,Male,TX,manual,100.0%,N/A
942,f57b4e6d-0fd5-4a99-a4a8-bad4d25f3fc6,GFI Academy South U13 MLS NEXT AD,GFI Academy South,u13,Male,TX,manual,100.0%,N/A
961,319842c5-507f-4620-9413-70a9a93945cd,SPORTING BV MLS Next 13,Sporting Blue Valley,u13,Male,KS,manual,100.0%,N/A
241,319842c5-507f-4620-9413-70a9a93945cd,SPORTING BV MLS Next 13,Sporting Blue Valley,u13,Male,KS,manual,100.0%,N/A
334,5eb1307a-06fd-4760-80d5-5614e9605e0e,FC Cincinnati U13 MLS NEXT HD,FC Cincinnati,u13,Male,OH,manual,100.0%,N/A
1360,bcda5002-23d0-4877-bf2f-05a9ab461b4e,IGNORE - Chattanooga FC 2013B navy,Chattanooga Football Club Academy,u13,Male,TN,manual,100.0%,N/A
1076,ad47c36d-3852-4798-9960-0ee6009e5a8a,New Mexico Soccer Academy U13 MLS NEXT AD,New Mexico Soccer Academy,u13,Male,NM,manual,100.0%,N/A
273,a663f9f1-5914-44d0-a5fe-dba688a83404,Michigan Wolves 13 MLS NEXT AD,Michigan Wolves,u13,Male,MI,manual,100.0%,N/A
1287,50b82ed8-3fd3-424c-b302-3b4308cc2245,Coppermine SC 2013 Boys MLS Next AD,Coppermine Soccer Club,u13,Male,MD,manual,100.0%,N/A
137,2adee1c1-f866-4e5b-9e67-53e372a00ebb,Cedar Stars Academy Bergen U13 MLS NEXT AD,Cedar Stars Academy Bergen,u13,Male,NJ,manual,100.0%,N/A
1341,c9ddd683-2040-44ab-add7-556746a3087a,WFC Rangers B13 Gold,Whatcom FC Rangers,u13,Male,WA,manual,100.0%,N/A
16,f0998e77-a8ae-4fe4-85b7-ea93c635c6bd,Sockers FC Chicago U13 MLS NEXT AD,Sockers FC Chicago,u13,Male,IL,manual,100.0%,N/A
469,332e6409-f011-4fcf-8560-bac8f11de472,Louisiana TDP Elite U13 MLS NEXT HD,Louisiana TDP Elite,u13,Male,LA,manual,100.0%,N/A
name:southern-soccer-academy,24d829a5-590c-41b2-b678-3a9838520f6f,SSA Swarm 13B Pre MLS Next I...,Southern Soccer Academy,u13,Male,GA,manual,100.0%,N/A
10,c0bee7da-2204-4255-b076-c0242ad1033a,FC Dallas U12 North Academy 2013,FC Dallas,u13,Male,TX,manual,100.0%,N/A
866,f21c26ba-c81b-4c0a-9043-8401ca3c5bf6,AlphaForms 13,Forms Academy,u13,Male,TX,manual,100.0%,N/A
63,47a46ff8-19ae-47ea-9ab3-501953e412ef,PDA 2013 MLS NEXT HG,Players Development Academy,u13,Male,NJ,manual,100.0%,N/A
1075,07fa612e-60d2-4a91-8fc4-649bef6da6a8,Colorado Rapids Youth Soccer Club U13 MLS NEXT HD,Colorado Rapids Youth Soccer Club,u13,Male,CO,manual,100.0%,N/A
1139,21f1e1f6-22b3-45ef-a338-29627d3df7ec,MLS Next HD 13B,Keystone FC,u13,Male,PA,manual,100.0%,N/A
21,520601f0-47f4-42a9-abb2-3a88e7f080a8,Philadelphia Union Junior Academy 2013,Philadelphia Union,u13,Male,PA,manual,100.0%,N/A
138,47692d1e-4c7c-4c8d-bc23-24c2ba050d06,Cedar Stars Academy Monmouth U13 MLS NEXT HD,Cedar Stars Academy Monmouth,u13,Male,NJ,manual,100.0%,N/A
370,407e40d0-e647-4d8f-82a7-cda0d153bea5,Michigan Jaguars U13 MLS NEXT AD,Michigan Jaguars,u13,Male,MI,manual,100.0%,N/A
857,42f0300a-7638-495f-9611-e6ec578d9796,Capital City SC U13 MLS NEXT HD,Capital City SC,u13,Male,TX,manual,100.0%,N/A
902,d1eb8473-1259-45d4-88c6-a054edba500b,Seattle Celtic U13 MLS NEXT AD,Seattle Celtic,u13,Male,WA,manual,100.0%,N/A
455,c3344029-6f5f-4228-a05e-8d196213261c,AFC Lightning 13B Gold,AFC Lightning,u13,Male,GA,manual,100.0%,N/A
362,ff574641-ce34-49bd-9ce0-ae030abe6c5d,Austin FC U13,,u13,Male,TX,manual,100.0%,N/A
12,c8a61147-1daa-41ac-a702-645b7d75ed99,Real Colorado U13 MLS NEXT HD,Real Colorado,u13,Male,CO,manual,100.0%,N/A
466,bf5bece5-df84-4c41-9a7f-065c5c444d8e,KSA U13 MLS NEXT HD,KSA,u13,Male,GA,manual,100.0%,N/A
371,08b128f1-7a1a-47cd-9ac2-479e100db482,Achilles 13,Achilles Football Club,u17,Male,MD,manual,100.0%,N/A
862,0844468d-023a-4d9f-afdd-3d2adc1440bb,Sporting Athletic Club U13 MLS NEXT HD,Sporting Athletic Club,u13,Male,DE,manual,100.0%,N/A
27,7775a865-f04d-427a-a9de-155539151602,New England Revolution Academy 2013s,New England Revolution,u13,Male,MA,manual,100.0%,N/A
1406,cac3f921-a6de-410a-9ae3-89ba83178d1e,Huntsville City FC U13 MLS NEXT HD,Huntsville City FC,u13,Male,AL,manual,100.0%,N/A
196,8c9b6e81-cacf-4af7-a7e2-08707d9ef13d,New York City FC U13 MLS NEXT HD,New York City FC,u13,Male,NY,manual,100.0%,N/A
72,95bcde47-d43f-4603-bd6f-37d1b7d0c57b,Seacoast United U13 MLS NEXT HD,Seacoast United,u13,Male,NH,manual,100.0%,N/A
1407,0fb2188b-b850-4800-8680-4cac1c785f52,NVA MLS Next 13,Northern Virginia Alliance,u13,Male,VA,manual,100.0%,N/A
13,894ef6d1-c590-4bb7-b365-c00777972d4d,New York Red Bulls U13 MLS NEXT HD,New York Red Bulls,u13,Male,NY,manual,100.0%,N/A
867,f8710e02-483b-402d-9902-e7083947bcd7,Global Football Innovation Academy U13 MLS NEXT HD,Global Football Innovation Academy,u13,Male,TX,manual,100.0%,N/A
62,e39045b7-8280-4e64-9c44-c5d66dc6b90e,MLS NEXT '13,FC DELCO,u13,Male,PA,manual,100.0%,N/A
1140,4d3c2278-4fef-44d9-a378-d761e3f7e3a6,Hoosier Premier U13 MLS NEXT HD,Hoosier Premier,u13,Male,IN,manual,100.0%,N/A
1345,ea96c528-559f-45b3-963c-0fd990525262,Skyline Soccer Association U13 MLS NEXT AD,Skyline Soccer Association,u13,Male,CO,manual,100.0%,N/A
1299,18f45cb0-3d17-4d53-ad7a-4ff7b9211e98,Lowcountry United U13 MLS NEXT AD,Lowcountry United,u13,Male,SC,manual,100.0%,N/A
48,62af189c-3e64-4bae-9def-a14918c4fb0d,Indy Eleven 2013B Academy 1,Indy Eleven Academy,u13,Male,IN,manual,100.0%,N/A
1326,a28e9f98-0b7c-46d9-bbc0-4824b05ef8a5,Aspire FC U13 MLS NEXT AD,Aspire FC,u13,Male,TX,manual,100.0%,N/A
1283,54cdcc3e-b84b-4846-ad45-8d7752203960,Cedar Stars Academy Newark U13 MLS NEXT AD,Cedar Stars Academy Newark,u13,Male,NJ,manual,100.0%,N/A
1269,1aaa458c-91d6-47f0-b1da-621e3cb5baba,Hornets U13 (2013) MLS Next AD North,Dallas Hornets,u13,Male,TX,manual,100.0%,N/A
1311,589676a2-d99a-4a31-8423-9c386a9ee0a4,Michigan Jaguars Pre MLS 2013 Boys 2,Michigan Jaguars,u13,Male,MI,manual,100.0%,N/A
1276,0b4d0f9f-bc4f-4995-ab66-7cceffbc59af,Ginga FC Boys 2013 MLS NEXT Academy Division,Ginga FC,u13,Male,CT,manual,100.0%,N/A
1302,dabf78c2-8627-4ae9-be25-6ccbdcefc68a,Roswell Soccer Club U13 MLS NEXT AD,Roswell Soccer Club,u13,Male,GA,manual,100.0%,N/A
1292,8d530dc3-ac3e-4297-a9bb-7bf6fed93830,FC Richmond 2013 Magic Elite MLS NEXT AD,FC Richmond,u13,Male,VA,manual,100.0%,N/A
1272,4637b4fb-6f03-4ed9-a0a8-c9a299e6f5f3,CCFC 13U MLS Next,Carolina Core FC Youth,u13,Male,NC,manual,100.0%,N/A
29,167f9b57-7036-46e6-abfd-7392400c3208,PA Classics Hbg 2013 Boys U13 MLS Next 2,PA Classics Harrisburg (LDSA),u13,Male,PA,manual,100.0%,N/A
562,a3dde6c0-438a-4294-8d4a-82e3794db62c,Lex Sporting Club 13B Green MLS Next 2,Lexington Sporting,u13,Male,KY,manual,100.0%,N/A
490,03d152b5-c13c-4972-a917-05f141d876bd,Ironbound Soccer Club U13 MLS NEXT AD,Ironbound Soccer Club,u13,Male,NJ,manual,100.0%,N/A
1265,0ce7442b-687b-49b8-bde5-6688e36b6c9d,2013/U13 Boys: MLS Next Academy Division,Seacoast United Massachusetts,u13,Male,MA,manual,100.0%,N/A
459,99744aab-9488-40de-a28d-0bb76566e798,Beadling SC U13 MLS NEXT AD,Beadling SC,u13,Male,PA,manual,100.0%,N/A
933,ed1a85c2-0e8a-48cb-aab8-5d699f3e0a05,Manitou FC 2013 Boys Orange 1,Manitou FC,u13,Male,MN,manual,100.0%,N/A
1309,11217cbe-90dd-479a-9a8f-577cc93e98c8,Michigan Bucks Academy 13 B MLS NEXT AD,,u13,Male,MI,manual,100.0%,N/A
1315,c5e32ef0-41a5-476e-9c65-9c407319df20,EBU13U BOYS MLS NEXT,Elmbrook United,u13,Male,WI,manual,100.0%,N/A
1319,055a8f10-f3de-48c0-b1c1-ea13ed8551bd,TFE 13 Boys Pre-EA,Tonka Fusion Elite,u14,Male,MN,manual,100.0%,N/A
1285,b31ad666-edce-405c-8a7c-8eb51091cc76,Long Island Slammers U13 MLS NEXT AD,Long Island Slammers,u13,Male,NY,manual,100.0%,N/A
1293,ca8cb48b-5c2f-4613-a64c-e61493202867,Loudoun MLS Next II 2013B,Loudoun Soccer Club,u13,Male,VA,manual,100.0%,N/A
402,2a107fc6-06bb-4349-b4a5-0ae731f855f9,Valeo FC 2013 Boston Benfica,,u13,Male,MA,manual,100.0%,N/A
496,f210bd9c-ae89-4f27-af1c-38d7b2232753,FA Euro New York U13 MLS NEXT AD,FA Euro New York,u13,Male,NY,manual,100.0%,N/A
1289,57dd49ae-9be5-44f7-9c71-25ee895e7e10,PDA 2013 MLS NEXT AD,Players Development Academy,u13,Male,NJ,manual,100.0%,N/A
882,ef908884-54c7-48d1-b0d0-9d2ffeb4d3ff,2013 MLS Next AD,Downtown Las Vegas SC,u13,Male,NV,manual,100.0%,N/A
1320,ef0d3381-429f-4dfc-bc7f-27a93a1b3dcb,WIUFC 2013 Boys Premier,Wisconsin United FC,u13,Male,WI,manual,100.0%,N/A
1295,662e5f38-923d-46ed-9f12-d47ae4216621,VA Rush 2013B Rush,VA Rush Soccer Club,u13,Male,VA,manual,100.0%,N/A
1344,2acfd30a-a0e4-4c50-bcb0-37c605217612,Grand Junction SC 2013B Premier,Grand Junction SC,u13,Male,CO,manual,100.0%,N/A
1291,8f934dce-e56b-4650-a2c5-47775987ed9a,Trenton City Soccer Club U13 MLS NEXT AD,Trenton City Soccer Club,u13,Male,NJ,manual,100.0%,N/A
1296,eb70cab1-77b3-4ff3-b620-6ecf5e2a8665,Carolina Velocity U13 MLS Next AD,Carolina Velocity FC,u13,Male,NC,manual,100.0%,N/A
1275,13527b52-5091-437e-8fee-44600db23f7a,Connecticut Rush U13 MLS NEXT AD,Connecticut Rush,u13,Male,CT,manual,100.0%,N/A
1146,89cb21f4-9f11-4c3a-bf47-50f5283e4b5f,Long Island Soccer Club U13 MLS NEXT AD,Long Island Soccer Club,u13,Male,NY,manual,100.0%,N/A
1243,c46f2e1b-ed92-4a81-a48b-1f4ee0517716,JFC 2013 MLS NEXT Academy Division,Jacksonville FC,u13,Male,FL,manual,100.0%,N/A
914,62becf68-a09e-455f-87da-34db52147ae8,Washington East Surf SC U13 MLS NEXT AD,Washington East Surf SC,u13,Male,WA,manual,100.0%,N/A
1304,fdef0290-9a18-428a-8f4d-cfcbbfa297f0,ONE FC B2013 BLACK,One FC,u13,Male,FL,manual,100.0%,N/A
468,5cb38455-6af3-494b-bee7-dbc96df3f70a,Lou Fusz Athletic U13 MLS NEXT AD,Lou Fusz Athletic,u13,Male,MO,manual,100.0%,N/A
1336,da31993b-733d-4ea8-84c0-11f2843c2d30,Sound FC U13 MLS NEXT AD,Sound FC,u13,Male,WA,manual,100.0%,N/A
894,20091fd4-9f04-4707-9a6e-ea002ab78b8d,Mt. Rainier Futbol Club U13 MLS NEXT AD,Mt. Rainier Futbol Club,u13,Male,WA,manual,100.0%,N/A
1305,98b2203f-c98a-4936-b338-023d738c76f2,Plantation FC Rush U13 MLS NEXT AD,Plantation FC Rush,u13,Male,FL,manual,100.0%,N/A
1024,3ba1ca55-1f0f-41e0-bea5-55aab830d125,Forward Madison FC U13 MLS NEXT AD,Forward Madison FC,u13,Male,WI,manual,100.0%,N/A
1282,0f241a77-22b9-4f94-900e-c937d5fd978e,SDA 2013 MLS Next AD,Syracuse Development Academy (SDA),u13,Male,NY,manual,100.0%,N/A
1286,7048b230-4793-41df-a297-26121e422f9d,Rampage II B2013,Atlantic United SB/LGN SC,u13,Male,NY,manual,100.0%,N/A
1349,4e99940a-33e2-40fd-a4ab-7d7cb2a199db,Players SC U13 MLS NEXT AD,Players SC,u13,Male,NV,manual,100.0%,N/A
1419,1e918b8d-fe56-4f14-9cca-84f1e2562d2c,LA Elite 2013 MLS B,Louisiana TDP Elite,u13,Male,LA,manual,100.0%,N/A
1264,19538963-cab4-483e-a161-b5f1c559b00c,Seacoast United Bedford 2013 Boys MLS NEXT Academy Division,Seacoast of Bedford,u13,Male,NH,manual,100.0%,N/A
1318,f6288589-634f-498a-92d4-18364c95afb5,Saint Paul Blackhawks U13 MLS NEXT AD,Saint Paul Blackhawks,u13,Male,MN,manual,100.0%,N/A
1307,a2eedca1-9ef9-4cb2-99f7-adeff693053c,Club Ohio MLS NEXT AD 13B,Club Ohio,u13,Male,OH,manual,100.0%,N/A
368,78d07e2f-5dac-4a9f-9de4-b96a7728303b,Midwest United FC U13 MLS NEXT AD,Midwest United FC,u13,Male,MI,manual,100.0%,N/A
1337,d1cbe98c-04b5-467b-bd48-5100a23f80cc,Sozo FC B2013 Gold,Sozo FC,u13,Male,WA,manual,100.0%,N/A
458,cfbecc08-a74e-4f47-b994-7232b8f92c1e,Bavarian United SC U13 MLS NEXT AD,Bavarian United SC,u13,Male,WI,manual,100.0%,N/A
1290,26edd705-82ff-4546-ba9a-12dfd70121be,The Football Academy U13 MLS NEXT AD,The Football Academy,u13,Male,NJ,manual,100.0%,N/A
473,594c6026-3445-41fd-a10f-029a23629376,SC Wave U13 MLS NEXT AD,SC Wave,u13,Male,WI,manual,100.0%,N/A
91,c2cc1c21-4591-4cdd-bcd1-27f67a9d5917,Bethesda MLS II 2013,Bethesda SC,u13,Male,MD,manual,100.0%,N/A
1324,da161b19-d21e-431a-b2d2-364701678dbb,Sporting Oklahoma U13 MLS NEXT AD,Sporting Oklahoma,u13,Male,OK,manual,100.0%,N/A
909,dc0db81d-4722-4e8e-8868-3cdf4402d69e,WW SURF B13 ELITE CENTRAL MLS NEXT2,NPSA,u13,Male,WA,manual,100.0%,N/A
67,62905e1e-9083-4d23-9e31-f1d7aad07701,Boston Bolts B2013 MLS Next Academy Division,FC Boston Bolts,u13,Male,MA,manual,100.0%,N/A
89,678bba94-fabe-42cf-8af9-1dcd3a0486b5,Beachside U13 (2013) MLS Next II,Beachside Soccer Club CT,u13,Male,CT,manual,100.0%,N/A
1316,1c57b79d-53b6-45d9-b48b-7b908d343969,Lakeville SC U13 MLS NEXT AD,Lakeville SC,u13,Male,MN,manual,100.0%,N/A
405,89ae4d24-e9c9-4311-be5a-775dc79e31cb,NEFC Central 2013 MLS Next AD,NEFC,u13,Male,MA,manual,100.0%,N/A
1298,236585fa-518c-4306-9006-eb1e4fc39b04,Fox Soccer Academy Carolinas U13 MLS NEXT AD,Fox Soccer Academy Carolinas,u13,Male,NC,manual,100.0%,N/A
369,42da2c1e-cf35-4835-ab57-6da596d9329f,Cincinnati United Premier Soccer Club U13 MLS NEXT AS,Cincinnati United Premier Soccer Club,u13,Male,OH,manual,100.0%,N/A
1308,cadf2250-adc1-473d-8ce0-4533db078ac9,KH Cincinnati B13 MLS Next AD,Kings Hammer Soccer Club,u13,Male,OH,manual,100.0%,N/A
43,b9596cf7-361c-47e9-9105-19fd93c41a8a,Vardar 2013 Pre MLS Next Red,Vardar Soccer,u13,Male,MI,manual,100.0%,N/A
1250,0c0e5964-27e8-4280-8075-9d936c2ed292,Galaxy Soccer Club U13 MLS NEXT AD,Galaxy Soccer Club,u13,Male,IL,manual,100.0%,N/A
187,fdf9a439-d8b5-4adf-b564-26f57af87f8b,McLean Youth Soccer 2013 Boys MLS Next AD,McLean YS,u13,Male,VA,manual,100.0%,N/A
373,d5afc2db-5729-4c9b-b915-e905da734d76,Alex 2013 Boys MLS Next AD,Alexandria SA,u13,Male,VA,manual,100.0%,N/A
1277,5e0569b7-0dfd-4ba2-8146-115f98dc778f,NEFC South 2013 MLS Next AD,NEFC,u13,Male,MA,manual,100.0%,N/A
258,26c59964-436b-4186-a409-aedec7a7c6bd,Washington Rush U13 MLS NEXT AD,Washington Rush,u13,Male,WA,manual,100.0%,N/A
38,4b201873-28ef-4404-b0ed-8f62284d49d7,FC Westchester U13 MLS NEXT AD,FC Westchester,u13,Male,NY,manual,100.0%,N/A
54,8d71aa80-f876-4a2d-b5a3-376c017e9512,SAC Boys 2013 - MLS NEXT AD,SAC/BA,u13,Male,MD,manual,100.0%,N/A
1317,bba91037-1570-436c-be2d-9266882ac718,2013 Boys MLS Next Academy,Minneapolis United,u13,Male,MN,manual,100.0%,N/A
1266,0da308fe-49b2-4455-9ffc-3a0d8b2b69e9,Capital City SC U13 Next 2 North,Capital City SC,u13,Male,TX,manual,100.0%,N/A
1300,ef00b065-9dfd-4bd9-a1fb-c434ca3ace9f,ASG FL 2013B,Warner Soccer Club,u13,Male,FL,manual,100.0%,N/A
365,971226db-77c8-478c-8967-05413f460c55,MLS NEXT ACADEMY DIVISION 2013 Boys,TSF Academy - NJ,u13,Male,NJ,manual,100.0%,N/A
1278,be15026b-7afe-4fd3-b414-e2b8ad52eff0,New England Surf 2013 State Navy,New England Surf,u13,Male,MA,manual,100.0%,N/A
848,780d9010-0995-47bf-8983-9a49a551b229,TSJFC 2013 MLS NXT (U13),The St. James Football Club,u13,Male,VA,manual,100.0%,N/A
863,c8cfc5f7-ab2f-4e7a-98b8-bb9291e20d3f,West Virginia Soccer U13 MLS NEXT AD,West Virginia Soccer,u13,Male,WV,manual,100.0%,N/A
400,b65d84de-c04a-45d1-aaf9-fc11564d78ae,Javanon 2013 MLS NEXT AD,Javanon FC,u13,Male,KY,manual,100.0%,N/A
1342,5551c678-4bb5-45dd-8086-284dce3ec521,Broomfield 2013B Prestige,Broomfield Soccer Club,u13,Male,CO,manual,100.0%,N/A
879,87e69af2-ad7f-45e1-89fa-a2e6767bf512,Colorado United SC U13 MLS NEXT AD,Colorado United SC,u13,Male,CO,manual,100.0%,N/A
477,30caef73-a4aa-4977-8f06-3549b3412162,Wake FC U13 MLS NEXT AD,Wake FC,u13,Male,NC,manual,100.0%,N/A
1143,977ef0b4-1eeb-40f9-bcea-cb79cb17b714,SSA Swarm Marietta 13B Academy II,Southern Soccer Academy,u13,Male,GA,manual,100.0%,N/A
366,977ef0b4-1eeb-40f9-bcea-cb79cb17b714,SSA Swarm Marietta 13B Academy II,Southern Soccer Academy,u13,Male,GA,manual,100.0%,N/A
372,3f0491c2-0e35-49db-a0a8-c65027d8e415,SYC U13 MLS NEXT II,Springfield SYC Soccer,u13,Male,VA,manual,100.0%,N/A
1294,384c6f4c-2327-4196-9382-a36d4bacbd54,VRSC 13B MLS Next Academy,Virginia Revolution SC,u13,Male,VA,manual,100.0%,N/A
1303,44c9f856-d765-4357-9390-64fc76cf29a2,Galacticos Soccer Academy U13 MLS NEXT AD,Galacticos Soccer Academy,u13,Male,FL,manual,100.0%,N/A
464,02313723-9b98-4ed3-a45c-cc4cc015c8f0,Intercontinental Football Academy of New England U13 MLS NEXT AD,Intercontinental Football Academy of New England,u13,Male,MA,manual,100.0%,N/A
1288,167f9b57-7036-46e6-abfd-7392400c3208,PA Classics Hbg 2013 Boys U13 MLS Next 2,PA Classics Harrisburg (LDSA),u13,Male,PA,manual,100.0%,N/A
1270,23b25d1a-91a6-4847-9e88-b71bcb729dda,Lou Fusz Athletic 2 U13 MLS NEXT AD,Lou Fusz Athletic 2,u13,Male,MO,manual,100.0%,N/A
1313,fb094d81-491e-4db2-b2bb-dc7aabe1b144,Michigan Tigers 2013 Boys MLS Next: Academy,Michigan Tigers FC,u13,Male,MI,manual,100.0%,N/A
90,6454dc79-b350-4cc6-8e38-2c8f29be1897,NYSC B2013 MLS II,New York SC,u13,Male,NY,manual,100.0%,N/A
252,7084fed3-bbfb-4e92-820d-003870880096,13 USA Rangers MLS,Clay County SC United Soccer Alliance,u13,Male,FL,manual,100.0%,N/A
1284,410df0a5-427c-4bc8-a1c2-e64aad6c9df1,FC Hudson Valley U13 MLS NEXT AD,FC Hudson Valley,u13,Male,NY,manual,100.0%,N/A
1338,ccf7be41-9af4-4d1c-8c7a-6acdeefeef90,Valor Soccer U13 MLS NEXT AD,Valor Soccer,u13,Male,VA,manual,100.0%,N/A
1343,eb025c8a-a195-4fab-a534-bdeef04d0592,Classic FC U13 MLS NEXT AD,Classic FC,u13,Male,NM,manual,100.0%,N/A
1037,905b2394-7884-4973-9a03-196e4e79eba1,Southern States Soccer U13 MLS NEXT AD,Southern States Soccer,u13,Male,MS,manual,100.0%,N/A
31,585777be-7f9d-4b49-bbd7-2f7d6f05bc9e,Chicago Fire FC U13 MLS NEXT HD,Chicago Fire FC,u13,Male,IL,manual,100.0%,N/A
568,fb116890-c6d6-4d44-bc12-daf8a4bda505,ALBION SC Merced B13 Pre-MLS NEXT,ALBION SC Merced,u13,Male,CA,manual,87.0%,N/A
410,69115525-2bff-48df-afd0-82a314777804,Napa United U16,Napa United,u16,Male,,import,100.0%,HD
462,6989b113-426e-4f03-92c0-554a0c400bb3,Hoover-Vestavia Soccer U16,Hoover-Vestavia Soccer,u16,Male,,import,100.0%,HD
396,6df6dc27-ff91-4f0e-b080-03f8e5916edf,City SC Southwest U13 MLS NEXT HD,City SC Southwest,u13,Male,CA,import,100.0%,HD
188,7fedb0de-7b59-4853-ab0d-09702d208519,Metropolitan Oval U13 MLS NEXT HD,Metropolitan Oval,u13,Male,NY,import,100.0%,HD
387,4f268b77-cb20-40a5-a6d9-742431b6d709,Tampa Bay United U16,Tampa Bay United,u16,Male,,import,100.0%,HD
101,5cef61b7-d235-4d82-9950-04c429d192eb,ALBION SC San Diego U16,ALBION SC San Diego,u16,Male,,import,100.0%,HD
77,ba01c553-f4d0-465c-8d82-f30b98f4e4f0,De Anza Force U16,De Anza Force,u16,Male,,import,100.0%,HD
45,eecbd5c9-3302-4580-9c04-0ae31804f1e5,Sacramento Republic FC U16,Sacramento Republic FC,u16,Male,,import,100.0%,HD
406,882b8d0a-d779-4b8a-8840-17cbf1590ef3,FC Bay Area Surf U16,FC Bay Area Surf,u16,Male,,import,100.0%,HD
267,ae93ed0b-dcea-4fb8-96c6-d73dd134427d,Breakers FC U13 MLS NEXT HD,Breakers FC,u13,Male,CA,import,100.0%,HD
105,de301e38-d293-4eb4-93a3-1426961ca1e0,Ballistic United U13 MLS NEXT HD,Ballistic United,u13,Male,CA,import,100.0%,HD
411,5c415d72-c375-491d-908f-3c4c47018562,Lamorinda Soccer Club U16,Lamorinda Soccer Club,u16,Male,,import,100.0%,HD
389,4f43abec-f80b-43c3-b681-80a9887c7fc8,SC Del Sol U13 MLS NEXT HD,SC Del Sol,u13,Male,AZ,import,100.0%,HD
104,432b8c7f-2830-45b8-94f0-1ba5df5b06ec,Silicon Valley Soccer Academy U13 MLS NEXT HD,Silicon Valley Soccer Academy,u13,Male,CA,import,100.0%,HD
103,bd0cbb21-3bed-4864-9b4c-8ae4d3a5abb3,ALBION SC Los Angeles U16,ALBION SC Los Angeles,u16,Male,,import,100.0%,HD
461,97f656fa-ac16-4ea2-9505-630adead8f1a,The Town FC Academy U16,The Town FC Academy,u16,Male,,import,100.0%,HD
476,98b71304-5291-403a-b171-d502ee6cfade,Tormenta FC Academy U16,Tormenta FC Academy,u16,Male,,import,100.0%,HD
82,c50919d0-1352-4658-813a-dfe3fe832ae5,St. Louis Scott Gallagher U16,St. Louis Scott Gallagher,u16,Male,,import,100.0%,HD
83,9d4bf980-c23c-496b-ae79-65c5f6d3ad33,Chicago FC United U16,Chicago FC United,u16,Male,,import,100.0%,HD
32,3498dd71-a8d2-4150-b448-9907c945d871,Blau Weiss Gottschee U16,Blau Weiss Gottschee,u16,Male,,import,100.0%,HD
386,82b7d627-1492-4f1e-bf01-89c01c22fde4,Jacksonville Armada FC U16,Jacksonville Armada FC,u16,Male,,import,100.0%,HD
57,f6815bea-e0c9-4e8a-ab40-80571f73891d,Nomads U16,Nomads,u16,Male,,import,100.0%,HD
4,eceacc39-b413-4d0f-9770-d502fce6a51c,Portland Timbers U16,Portland Timbers,u16,Male,,import,100.0%,HD
15,96b46a5d-96f0-4002-b89c-bb4091e62681,Vancouver Whitecaps FC U16,Vancouver Whitecaps FC,u16,Male,,import,100.0%,HD
564,60dbd536-ee9c-4d4f-939e-526d6f0617a9,Sacramento United U16,Sacramento United,u16,Male,,import,100.0%,HD
102,48ad435f-0e78-4abd-8874-8bd2c6e1b54c,Barca Residency Academy U16,Barca Residency Academy,u16,Male,,import,100.0%,HD
