provider,scrape_run_id,event_id,schedule_id,age_year,gender,team_id,team_id_source,team_name,club_name,opponent_id,opponent_id_source,opponent_name,opponent_club_name,game_date,game_time,home_away,goals_for,goals_against,result,venue,source_url,scraped_at
tgs,2025-12-11T20:26:36.840795+00:00_ff270d,4066,37045,2012,Girls,124683,124683,Oaks FC - VC Oaks G2012 DPL,Oaks FC,106328,106328,Santa Barbara SC - CCA G12 GA Aspire,Santa Barbara SC,2025-11-29,09:00:00,H,1,1,D,Field 6,https://public.totalglobalsports.com/public/event/4066,2025-12-11T20:26:36.840795+00:00
tgs,2025-12-11T20:26:36.840795+00:00_ff270d,4066,37045,2012,Girls,106328,106328,Santa Barbara SC - CCA G12 GA Aspire,Santa Barbara SC,124683,124683,Oaks FC - VC Oaks G2012 DPL,Oaks FC,2025-11-29,09:00:00,A,1,1,D,Field 6,https://public.totalglobalsports.com/public/event/4066,2025-12-11T20:26:36.840795+00:00
tgs,2025-12-11T20:26:36.840795+00:00_ff270d,4066,37045,2012,Girls,64447,64447,Eagles SC ECNL RL G12,Eagles Soccer Club,106328,106328,Santa Barbara SC - CCA G12 GA Aspire,Santa Barbara SC,2025-11-29,11:40:00,H,4,0,W,Field 6,https://public.totalglobalsports.com/public/event/4066,2025-12-11T20:26:36.840795+00:00
tgs,2025-12-11T20:26:36.840795+00:00_ff270d,4066,37045,2012,Girls,106328,106328,Santa Barbara SC - CCA G12 GA Aspire,Santa Barbara SC,64447,64447,Eagles SC ECNL RL G12,Eagles Soccer Club,2025-11-29,11:40:00,A,0,4,L,Field 6,https://public.totalglobalsports.com/public/event/4066,2025-12-11T20:26:36.840795+00:00
tgs,2025-12-11T20:26:36.840795+00:00_ff270d,4066,37045,2012,Girls,63947,63947,Eagles SC ECNL G13,Eagles Soccer Club,124683,124683,Oaks FC - VC Oaks G2012 DPL,Oaks FC,2025-11-29,11:40:00,H,8,0,W,Field 4,https://public.totalglobalsports.com/public/event/4066,2025-12-11T20:26:36.840795+00:00
tgs,2025-12-11T20:26:36.840795+00:00_ff270d,4066,37045,2012,Girls,124683,124683,Oaks FC - VC Oaks G2012 DPL,Oaks FC,63947,63947,Eagles SC ECNL G13,Eagles Soccer Club,2025-11-29,11:40:00,A,0,8,L,Field 4,https://public.totalglobalsports.com/public/event/4066,2025-12-11T20:26:36.840795+00:00
tgs,2025-12-11T20:26:36.840795+00:00_ff270d,4066,37045,2012,Girls,64447,64447,Eagles SC ECNL RL G12,Eagles Soccer Club,63947,63947,Eagles SC ECNL G13,Eagles Soccer Club,2025-11-29,14:20:00,H,1,3,L,Field 4,https://public.totalglobalsports.com/public/event/4066,2025-12-11T20:26:36.840795+00:00
tgs,2025-12-11T20:26:36.840795+00:00_ff270d,4066,37045,2012,Girls,63947,63947,Eagles SC ECNL G13,Eagles Soccer Club,64447,64447,Eagles SC ECNL RL G12,Eagles Soccer Club,2025-11-29,14:20:00,A,3,1,W,Field 4,https://public.totalglobalsports.com/public/event/4066,2025-12-11T20:26:36.840795+00:00
tgs,2025-12-11T20:26:36.840795+00:00_ff270d,4066,37045,2012,Girls,124683,124683,Oaks FC - VC Oaks G2012 DPL,Oaks FC,64447,64447,Eagles SC ECNL RL G12,Eagles Soccer Club,2025-11-30,09:00:00,H,1,5,L,Field 6,https://public.totalglobalsports.com/public/event/4066,2025-12-11T20:26:36.840795+00:00
tgs,2025-12-11T20:26:36.840795+00:00_ff270d,4066,37045,2012,Girls,64447,64447,Eagles SC ECNL RL G12,Eagles Soccer Club,124683,124683,Oaks FC - VC Oaks G2012 DPL,Oaks FC,2025-11-30,09:00:00,A,5,1,W,Field 6,https://public.totalglobalsports.com/public/event/4066,2025-12-11T20:26:36.840795+00:00
tgs,2025-12-11T20:26:36.840795+00:00_ff270d,4066,37045,2012,Girls,63947,63947,Eagles SC ECNL G13,Eagles Soccer Club,106328,106328,Santa Barbara SC - CCA G12 GA Aspire,Santa Barbara SC,2025-11-30,09:00:00,H,1,1,D,Field 4,https://public.totalglobalsports.com/public/event/4066,2025-12-11T20:26:36.840795+00:00
tgs,2025-12-11T20:26:36.840795+00:00_ff270d,4066,37045,2012,Girls,106328,106328,Santa Barbara SC - CCA G12 GA Aspire,Santa Barbara SC,63947,63947,Eagles SC ECNL G13,Eagles Soccer Club,2025-11-30,09:00:00,A,1,1,D,Field 4,https://public.totalglobalsports.com/public/event/4066,2025-12-11T20:26:36.840795+00:00
tgs,2025-12-11T20:26:36.840795+00:00_ff270d,4066,37045,2012,Girls,63947,63947,Eagles SC ECNL G13,Eagles Soccer Club,64447,64447,Eagles SC ECNL RL G12,Eagles Soccer Club,2025-11-30,11:40:00,H,2,1,W,Field 4,https://public.totalglobalsports.com/public/event/4066,2025-12-11T20:26:36.840795+00:00
tgs,2025-12-11T20:26:36.840795+00:00_ff270d,4066,37045,2012,Girls,64447,64447,Eagles SC ECNL RL G12,Eagles Soccer Club,63947,63947,Eagles SC ECNL G13,Eagles Soccer Club,2025-11-30,11:40:00,A,1,2,L,Field 4,https://public.totalglobalsports.com/public/event/4066,2025-12-11T20:26:36.840795+00:00
tgs,2025-12-11T20:26:36.840795+00:00_ff270d,4066,37059,2012,Girls,105213,105213,NP Elite FC - IKONIK,NP Elite FC,106809,106809,Total Futbol Academy-VC - TFA-VC G2012,Total Futbol Academy-VC,2025-11-29,09:00:00,H,2,1,W,Field 2,https://public.totalglobalsports.com/public/event/4066,2025-12-11T20:26:36.840795+00:00
tgs,2025-12-11T20:26:36.840795+00:00_ff270d,4066,37059,2012,Girls,106809,106809,Total Futbol Academy-VC - TFA-VC G2012,Total Futbol Academy-VC,105213,105213,NP Elite FC - IKONIK,NP Elite FC,2025-11-29,09:00:00,A,1,2,L,Field 2,https://public.totalglobalsports.com/public/event/4066,2025-12-11T20:26:36.840795+00:00
tgs,2025-12-11T20:26:36.840795+00:00_ff270d,4066,37059,2012,Girls,56384,56384,So Cal Pride FC - SoCal Pride FC G2012,So Cal Pride FC,114910,114910,Unico FC - G2012 Black,Unico FC,2025-11-29,09:00:00,H,4,2,W,Field 1,https://public.totalglobalsports.com/public/event/4066,2025-12-11T20:26:36.840795+00:00
tgs,2025-12-11T20:26:36.840795+00:00_ff270d,4066,37059,2012,Girls,114910,114910,Unico FC - G2012 Black,Unico FC,56384,56384,So Cal Pride FC - SoCal Pride FC G2012,So Cal Pride FC,2025-11-29,09:00:00,A,2,4,L,Field 1,https://public.totalglobalsports.com/public/event/4066,2025-12-11T20:26:36.840795+00:00
tgs,2025-12-11T20:26:36.840795+00:00_ff270d,4066,37059,2012,Girls,56384,56384,So Cal Pride FC - SoCal Pride FC G2012,So Cal Pride FC,106809,106809,Total Futbol Academy-VC - TFA-VC G2012,Total Futbol Academy-VC,2025-11-29,11:40:00,H,2,0,W,Field 2,https://public.totalglobalsports.com/public/event/4066,2025-12-11T20:26:36.840795+00:00
tgs,2025-12-11T20:26:36.840795+00:00_ff270d,4066,37059,2012,Girls,106809,106809,Total Futbol Academy-VC - TFA-VC G2012,Total Futbol Academy-VC,56384,56384,So Cal Pride FC - SoCal Pride FC G2012,So Cal Pride FC,2025-11-29,11:40:00,A,0,2,L,Field 2,https://public.totalglobalsports.com/public/event/4066,2025-12-11T20:26:36.840795+00:00
tgs,2025-12-11T20:26:36.840795+00:00_ff270d,4066,37059,2012,Girls,114910,114910,Unico FC - G2012 Black,Unico FC,105213,105213,NP Elite FC - IKONIK,NP Elite FC,2025-11-29,14:20:00,H,2,0,W,Field 3,https://public.totalglobalsports.com/public/event/4066,2025-12-11T20:26:36.840795+00:00
tgs,2025-12-11T20:26:36.840795+00:00_ff270d,4066,37059,2012,Girls,105213,105213,NP Elite FC - IKONIK,NP Elite FC,114910,114910,Unico FC - G2012 Black,Unico FC,2025-11-29,14:20:00,A,0,2,L,Field 3,https://public.totalglobalsports.com/public/event/4066,2025-12-11T20:26:36.840795+00:00
tgs,2025-12-11T20:26:36.840795+00:00_ff270d,4066,37059,2012,Girls,105213,105213,NP Elite FC - IKONIK,NP Elite FC,56384,56384,So Cal Pride FC - SoCal Pride FC G2012,So Cal Pride FC,2025-11-30,09:00:00,H,0,4,L,Field 1,https://public.totalglobalsports.com/public/event/4066,2025-12-11T20:26:36.840795+00:00
tgs,2025-12-11T20:26:36.840795+00:00_ff270d,4066,37059,2012,Girls,56384,56384,So Cal Pride FC - SoCal Pride FC G2012,So Cal Pride FC,105213,105213,NP Elite FC - IKONIK,NP Elite FC,2025-11-30,09:00:00,A,4,0,W,Field 1,https://public.totalglobalsports.com/public/event/4066,2025-12-11T20:26:36.840795+00:00
tgs,2025-12-11T20:26:36.840795+00:00_ff270d,4066,37059,2012,Girls,114910,114910,Unico FC - G2012 Black,Unico FC,106809,106809,Total Futbol Academy-VC - TFA-VC G2012,Total Futbol Academy-VC,2025-11-30,09:00:00,H,4,2,W,Field 2,https://public.totalglobalsports.com/public/event/4066,2025-12-11T20:26:36.840795+00:00
tgs,2025-12-11T20:26:36.840795+00:00_ff270d,4066,37059,2012,Girls,106809,106809,Total Futbol Academy-VC - TFA-VC G2012,Total Futbol Academy-VC,114910,114910,Unico FC - G2012 Black,Unico FC,2025-11-30,09:00:00,A,2,4,L,Field 2,https://public.totalglobalsports.com/public/event/4066,2025-12-11T20:26:36.840795+00:00
tgs,2025-12-11T20:26:36.840795+00:00_ff270d,4066,37059,2012,Girls,56384,56384,So Cal Pride FC - SoCal Pride FC G2012,So Cal Pride FC,114910,114910,Unico FC - G2012 Black,Unico FC,2025-11-30,11:40:00,H,4,0,W,Field 3,https://public.totalglobalsports.com/public/event/4066,2025-12-11T20:26:36.840795+00:00
tgs,2025-12-11T20:26:36.840795+00:00_ff270d,4066,37059,2012,Girls,114910,114910,Unico FC - G2012 Black,Unico FC,56384,56384,So Cal Pride FC - SoCal Pride FC G2012,So Cal Pride FC,2025-11-30,11:40:00,A,0,4,L,Field 3,https://public.totalglobalsports.com/public/event/4066,2025-12-11T20:26:36.840795+00:00
tgs,2025-12-11T20:26:36.840795+00:00_ff270d,4066,37044,2013,Girls,104625,104625,Eagles SC ECNL RL G13,Eagles Soccer Club,92370,92370,Eagles Soccer Club - G2014,Eagles Soccer Club,2025-11-29,09:00:00,H,1,1,D,Field 4,https://public.totalglobalsports.com/public/event/4066,2025-12-11T20:26:36.840795+00:00
tgs,2025-12-11T20:26:36.840795+00:00_ff270d,4066,37044,2013,Girls,92370,92370,Eagles Soccer Club - G2014,Eagles Soccer Club,104625,104625,Eagles SC ECNL RL G13,Eagles Soccer Club,2025-11-29,09:00:00,A,1,1,D,Field 4,https://public.totalglobalsports.com/public/event/4066,2025-12-11T20:26:36.840795+00:00
tgs,2025-12-11T20:26:36.840795+00:00_ff270d,4066,37044,2013,Girls,58574,58574,California United FC - 2013G,California United,91555,91555,Santa Barbara SC - G2013 GA Aspire,Santa Barbara SC,2025-11-29,10:20:00,H,2,4,L,Field 4,https://public.totalglobalsports.com/public/event/4066,2025-12-11T20:26:36.840795+00:00
tgs,2025-12-11T20:26:36.840795+00:00_ff270d,4066,37044,2013,Girls,91555,91555,Santa Barbara SC - G2013 GA Aspire,Santa Barbara SC,58574,58574,California United FC - 2013G,California United,2025-11-29,10:20:00,A,4,2,W,Field 4,https://public.totalglobalsports.com/public/event/4066,2025-12-11T20:26:36.840795+00:00
tgs,2025-12-11T20:26:36.840795+00:00_ff270d,4066,37044,2013,Girls,92370,92370,Eagles Soccer Club - G2014,Eagles Soccer Club,91555,91555,Santa Barbara SC - G2013 GA Aspire,Santa Barbara SC,2025-11-29,13:00:00,H,1,0,W,Field 4,https://public.totalglobalsports.com/public/event/4066,2025-12-11T20:26:36.840795+00:00
tgs,2025-12-11T20:26:36.840795+00:00_ff270d,4066,37044,2013,Girls,91555,91555,Santa Barbara SC - G2013 GA Aspire,Santa Barbara SC,92370,92370,Eagles Soccer Club - G2014,Eagles Soccer Club,2025-11-29,13:00:00,A,0,1,L,Field 4,https://public.totalglobalsports.com/public/event/4066,2025-12-11T20:26:36.840795+00:00
tgs,2025-12-11T20:26:36.840795+00:00_ff270d,4066,37044,2013,Girls,58574,58574,California United FC - 2013G,California United,104625,104625,Eagles SC ECNL RL G13,Eagles Soccer Club,2025-11-29,13:00:00,H,2,0,W,Field 6,https://public.totalglobalsports.com/public/event/4066,2025-12-11T20:26:36.840795+00:00
tgs,2025-12-11T20:26:36.840795+00:00_ff270d,4066,37044,2013,Girls,104625,104625,Eagles SC ECNL RL G13,Eagles Soccer Club,58574,58574,California United FC - 2013G,California United,2025-11-29,13:00:00,A,0,2,L,Field 6,https://public.totalglobalsports.com/public/event/4066,2025-12-11T20:26:36.840795+00:00
tgs,2025-12-11T20:26:36.840795+00:00_ff270d,4066,37044,2013,Girls,92370,92370,Eagles Soccer Club - G2014,Eagles Soccer Club,58574,58574,California United FC - 2013G,California United,2025-11-30,10:20:00,H,2,2,D,Field 4,https://public.totalglobalsports.com/public/event/4066,2025-12-11T20:26:36.840795+00:00
tgs,2025-12-11T20:26:36.840795+00:00_ff270d,4066,37044,2013,Girls,58574,58574,California United FC - 2013G,California United,92370,92370,Eagles Soccer Club - G2014,Eagles Soccer Club,2025-11-30,10:20:00,A,2,2,D,Field 4,https://public.totalglobalsports.com/public/event/4066,2025-12-11T20:26:36.840795+00:00
tgs,2025-12-11T20:26:36.840795+00:00_ff270d,4066,37044,2013,Girls,104625,104625,Eagles SC ECNL RL G13,Eagles Soccer Club,91555,91555,Santa Barbara SC - G2013 GA Aspire,Santa Barbara SC,2025-11-30,10:20:00,H,0,4,L,Field 6,https://public.totalglobalsports.com/public/event/4066,2025-12-11T20:26:36.840795+00:00
tgs,2025-12-11T20:26:36.840795+00:00_ff270d,4066,37044,2013,Girls,91555,91555,Santa Barbara SC - G2013 GA Aspire,Santa Barbara SC,104625,104625,Eagles SC ECNL RL G13,Eagles Soccer Club,2025-11-30,10:20:00,A,4,0,W,Field 6,https://public.totalglobalsports.com/public/event/4066,2025-12-11T20:26:36.840795+00:00
tgs,2025-12-11T20:26:36.840795+00:00_ff270d,4066,37044,2013,Girls,91555,91555,Santa Barbara SC - G2013 GA Aspire,Santa Barbara SC,92370,92370,Eagles Soccer Club - G2014,Eagles Soccer Club,2025-11-30,13:00:00,H,2,0,W,Field 6,https://public.totalglobalsports.com/public/event/4066,2025-12-11T20:26:36.840795+00:00
tgs,2025-12-11T20:26:36.840795+00:00_ff270d,4066,37044,2013,Girls,92370,92370,Eagles Soccer Club - G2014,Eagles Soccer Club,91555,91555,Santa Barbara SC - G2013 GA Aspire,Santa Barbara SC,2025-11-30,13:00:00,A,0,2,L,Field 6,https://public.totalglobalsports.com/public/event/4066,2025-12-11T20:26:36.840795+00:00
tgs,2025-12-11T20:26:36.840795+00:00_ff270d,4066,37058,2013,Girls,123413,123413,AYSO United - United Conejo Valley,AYSO United,70422,70422,Oxnard United SC - G2013 Blue,Oxnard United SC,2025-11-29,09:00:00,H,1,4,L,Field 3,https://public.totalglobalsports.com/public/event/4066,2025-12-11T20:26:36.840795+00:00
tgs,2025-12-11T20:26:36.840795+00:00_ff270d,4066,37058,2013,Girls,70422,70422,Oxnard United SC - G2013 Blue,Oxnard United SC,123413,123413,AYSO United - United Conejo Valley,AYSO United,2025-11-29,09:00:00,A,4,1,W,Field 3,https://public.totalglobalsports.com/public/event/4066,2025-12-11T20:26:36.840795+00:00
tgs,2025-12-11T20:26:36.840795+00:00_ff270d,4066,37058,2013,Girls,68856,68856,Total Futbol Academy - TFA-AV G2014,Total Futbol Academy,122482,122482,So Cal Pride FC - G2013 Girls,So Cal Pride FC,2025-11-29,09:00:00,H,2,2,D,Field 5,https://public.totalglobalsports.com/public/event/4066,2025-12-11T20:26:36.840795+00:00
tgs,2025-12-11T20:26:36.840795+00:00_ff270d,4066,37058,2013,Girls,122482,122482,So Cal Pride FC - G2013 Girls,So Cal Pride FC,68856,68856,Total Futbol Academy - TFA-AV G2014,Total Futbol Academy,2025-11-29,09:00:00,A,2,2,D,Field 5,https://public.totalglobalsports.com/public/event/4066,2025-12-11T20:26:36.840795+00:00
tgs,2025-12-11T20:26:36.840795+00:00_ff270d,4066,37058,2013,Girls,70422,70422,Oxnard United SC - G2013 Blue,Oxnard United SC,122482,122482,So Cal Pride FC - G2013 Girls,So Cal Pride FC,2025-11-29,11:40:00,H,5,1,W,Field 5,https://public.totalglobalsports.com/public/event/4066,2025-12-11T20:26:36.840795+00:00
tgs,2025-12-11T20:26:36.840795+00:00_ff270d,4066,37058,2013,Girls,122482,122482,So Cal Pride FC - G2013 Girls,So Cal Pride FC,70422,70422,Oxnard United SC - G2013 Blue,Oxnard United SC,2025-11-29,11:40:00,A,1,5,L,Field 5,https://public.totalglobalsports.com/public/event/4066,2025-12-11T20:26:36.840795+00:00
tgs,2025-12-11T20:26:36.840795+00:00_ff270d,4066,37058,2013,Girls,68856,68856,Total Futbol Academy - TFA-AV G2014,Total Futbol Academy,123413,123413,AYSO United - United Conejo Valley,AYSO United,2025-11-29,11:40:00,H,0,8,L,Field 1,https://public.totalglobalsports.com/public/event/4066,2025-12-11T20:26:36.840795+00:00
tgs,2025-12-11T20:26:36.840795+00:00_ff270d,4066,37058,2013,Girls,123413,123413,AYSO United - United Conejo Valley,AYSO United,68856,68856,Total Futbol Academy - TFA-AV G2014,Total Futbol Academy,2025-11-29,11:40:00,A,8,0,W,Field 1,https://public.totalglobalsports.com/public/event/4066,2025-12-11T20:26:36.840795+00:00
tgs,2025-12-11T20:26:36.840795+00:00_ff270d,4066,37058,2013,Girls,70422,70422,Oxnard United SC - G2013 Blue,Oxnard United SC,68856,68856,Total Futbol Academy - TFA-AV G2014,Total Futbol Academy,2025-11-30,09:00:00,H,8,0,W,Field 5,https://public.totalglobalsports.com/public/event/4066,2025-12-11T20:26:36.840795+00:00
tgs,2025-12-11T20:26:36.840795+00:00_ff270d,4066,37058,2013,Girls,68856,68856,Total Futbol Academy - TFA-AV G2014,Total Futbol Academy,70422,70422,Oxnard United SC - G2013 Blue,Oxnard United SC,2025-11-30,09:00:00,A,0,8,L,Field 5,https://public.totalglobalsports.com/public/event/4066,2025-12-11T20:26:36.840795+00:00
tgs,2025-12-11T20:26:36.840795+00:00_ff270d,4066,37058,2013,Girls,123413,123413,AYSO United - United Conejo Valley,AYSO United,122482,122482,So Cal Pride FC - G2013 Girls,So Cal Pride FC,2025-11-30,09:00:00,H,1,0,W,Field 3,https://public.totalglobalsports.com/public/event/4066,2025-12-11T20:26:36.840795+00:00
tgs,2025-12-11T20:26:36.840795+00:00_ff270d,4066,37058,2013,Girls,122482,122482,So Cal Pride FC - G2013 Girls,So Cal Pride FC,123413,123413,AYSO United - United Conejo Valley,AYSO United,2025-11-30,09:00:00,A,0,1,L,Field 3,https://public.totalglobalsports.com/public/event/4066,2025-12-11T20:26:36.840795+00:00
tgs,2025-12-11T20:26:36.840795+00:00_ff270d,4066,37058,2013,Girls,70422,70422,Oxnard United SC - G2013 Blue,Oxnard United SC,123413,123413,AYSO United - United Conejo Valley,AYSO United,2025-11-30,11:40:00,H,2,0,W,Field 6,https://public.totalglobalsports.com/public/event/4066,2025-12-11T20:26:36.840795+00:00
tgs,2025-12-11T20:26:36.840795+00:00_ff270d,4066,37058,2013,Girls,123413,123413,AYSO United - United Conejo Valley,AYSO United,70422,70422,Oxnard United SC - G2013 Blue,Oxnard United SC,2025-11-30,11:40:00,A,0,2,L,Field 6,https://public.totalglobalsports.com/public/event/4066,2025-12-11T20:26:36.840795+00:00
tgs,2025-12-11T20:26:36.840795+00:00_ff270d,4066,37043,2014,Girls,76088,76088,Eagles SC G2015,Eagles Soccer Club,76920,76920,Legends FC SCV - G15 FC,Legends FC SCV,2025-11-29,10:20:00,H,2,1,W,Field 14,https://public.totalglobalsports.com/public/event/4066,2025-12-11T20:26:36.840795+00:00
tgs,2025-12-11T20:26:36.840795+00:00_ff270d,4066,37043,2014,Girls,76920,76920,Legends FC SCV - G15 FC,Legends FC SCV,76088,76088,Eagles SC G2015,Eagles Soccer Club,2025-11-29,10:20:00,A,1,2,L,Field 14,https://public.totalglobalsports.com/public/event/4066,2025-12-11T20:26:36.840795+00:00
tgs,2025-12-11T20:26:36.840795+00:00_ff270d,4066,37043,2014,Girls,122194,122194,AYSO United - United SoCal AV G2014,AYSO United,110768,110768,Eagles Soccer Club - 2014 Eagles White,Eagles Soccer Club,2025-11-29,10:20:00,H,1,5,L,Field 15,https://public.totalglobalsports.com/public/event/4066,2025-12-11T20:26:36.840795+00:00
tgs,2025-12-11T20:26:36.840795+00:00_ff270d,4066,37043,2014,Girls,110768,110768,Eagles Soccer Club - 2014 Eagles White,Eagles Soccer Club,122194,122194,AYSO United - United SoCal AV G2014,AYSO United,2025-11-29,10:20:00,A,5,1,W,Field 15,https://public.totalglobalsports.com/public/event/4066,2025-12-11T20:26:36.840795+00:00
tgs,2025-12-11T20:26:36.840795+00:00_ff270d,4066,37043,2014,Girls,122194,122194,AYSO United - United SoCal AV G2014,AYSO United,76920,76920,Legends FC SCV - G15 FC,Legends FC SCV,2025-11-29,14:20:00,H,3,5,L,Field 12,https://public.totalglobalsports.com/public/event/4066,2025-12-11T20:26:36.840795+00:00
tgs,2025-12-11T20:26:36.840795+00:00_ff270d,4066,37043,2014,Girls,76920,76920,Legends FC SCV - G15 FC,Legends FC SCV,122194,122194,AYSO United - United SoCal AV G2014,AYSO United,2025-11-29,14:20:00,A,5,3,W,Field 12,https://public.totalglobalsports.com/public/event/4066,2025-12-11T20:26:36.840795+00:00
tgs,2025-12-11T20:26:36.840795+00:00_ff270d,4066,37043,2014,Girls,110768,110768,Eagles Soccer Club - 2014 Eagles White,Eagles Soccer Club,76088,76088,Eagles SC G2015,Eagles Soccer Club,2025-11-29,14:30:00,H,0,1,L,Field 11,https://public.totalglobalsports.com/public/event/4066,2025-12-11T20:26:36.840795+00:00
tgs,2025-12-11T20:26:36.840795+00:00_ff270d,4066,37043,2014,Girls,76088,76088,Eagles SC G2015,Eagles Soccer Club,110768,110768,Eagles Soccer Club - 2014 Eagles White,Eagles Soccer Club,2025-11-29,14:30:00,A,1,0,W,Field 11,https://public.totalglobalsports.com/public/event/4066,2025-12-11T20:26:36.840795+00:00
tgs,2025-12-11T20:26:36.840795+00:00_ff270d,4066,37043,2014,Girls,76088,76088,Eagles SC G2015,Eagles Soccer Club,122194,122194,AYSO United - United SoCal AV G2014,AYSO United,2025-11-30,09:00:00,H,4,1,W,Field 14,https://public.totalglobalsports.com/public/event/4066,2025-12-11T20:26:36.840795+00:00
tgs,2025-12-11T20:26:36.840795+00:00_ff270d,4066,37043,2014,Girls,122194,122194,AYSO United - United SoCal AV G2014,AYSO United,76088,76088,Eagles SC G2015,Eagles Soccer Club,2025-11-30,09:00:00,A,1,4,L,Field 14,https://public.totalglobalsports.com/public/event/4066,2025-12-11T20:26:36.840795+00:00
tgs,2025-12-11T20:26:36.840795+00:00_ff270d,4066,37043,2014,Girls,110768,110768,Eagles Soccer Club - 2014 Eagles White,Eagles Soccer Club,76920,76920,Legends FC SCV - G15 FC,Legends FC SCV,2025-11-30,09:00:00,H,3,5,L,Field 12,https://public.totalglobalsports.com/public/event/4066,2025-12-11T20:26:36.840795+00:00
tgs,2025-12-11T20:26:36.840795+00:00_ff270d,4066,37043,2014,Girls,76920,76920,Legends FC SCV - G15 FC,Legends FC SCV,110768,110768,Eagles Soccer Club - 2014 Eagles White,Eagles Soccer Club,2025-11-30,09:00:00,A,5,3,W,Field 12,https://public.totalglobalsports.com/public/event/4066,2025-12-11T20:26:36.840795+00:00
tgs,2025-12-11T20:26:36.840795+00:00_ff270d,4066,37043,2014,Girls,76088,76088,Eagles SC G2015,Eagles Soccer Club,76920,76920,Legends FC SCV - G15 FC,Legends FC SCV,2025-11-30,11:40:00,H,3,1,W,Field 14,https://public.totalglobalsports.com/public/event/4066,2025-12-11T20:26:36.840795+00:00
tgs,2025-12-11T20:26:36.840795+00:00_ff270d,4066,37043,2014,Girls,76920,76920,Legends FC SCV - G15 FC,Legends FC SCV,76088,76088,Eagles SC G2015,Eagles Soccer Club,2025-11-30,11:40:00,A,1,3,L,Field 14,https://public.totalglobalsports.com/public/event/4066,2025-12-11T20:26:36.840795+00:00
tgs,2025-12-11T20:26:36.840795+00:00_ff270d,4066,37042,2015,Girls,77624,77624,Eagles Soccer Club - Eagles SC G2015 White,Eagles Soccer Club,122450,122450,Central Coast Surf - Central Coast Surf G2015 Blac,Central Coast Surf,2025-11-29,10:20:00,H,0,1,L,Field 13,https://public.totalglobalsports.com/public/event/4066,2025-12-11T20:26:36.840795+00:00
tgs,2025-12-11T20:26:36.840795+00:00_ff270d,4066,37042,2015,Girls,122450,122450,Central Coast Surf - Central Coast Surf G2015 Blac,Central Coast Surf,77624,77624,Eagles Soccer Club - Eagles SC G2015 White,Eagles Soccer Club,2025-11-29,10:20:00,A,1,0,W,Field 13,https://public.totalglobalsports.com/public/event/4066,2025-12-11T20:26:36.840795+00:00
tgs,2025-12-11T20:26:36.840795+00:00_ff270d,4066,37042,2015,Girls,122204,122204,AYSO United - Channel Islands G2015,AYSO United,121670,121670,Los Angeles United Football Club - LAUFC G2015,Los Angeles United Football Club,2025-11-29,10:20:00,H,1,3,L,Field 12,https://public.totalglobalsports.com/public/event/4066,2025-12-11T20:26:36.840795+00:00
tgs,2025-12-11T20:26:36.840795+00:00_ff270d,4066,37042,2015,Girls,121670,121670,Los Angeles United Football Club - LAUFC G2015,Los Angeles United Football Club,122204,122204,AYSO United - Channel Islands G2015,AYSO United,2025-11-29,10:20:00,A,3,1,W,Field 12,https://public.totalglobalsports.com/public/event/4066,2025-12-11T20:26:36.840795+00:00
tgs,2025-12-11T20:26:36.840795+00:00_ff270d,4066,37042,2015,Girls,121670,121670,Los Angeles United Football Club - LAUFC G2015,Los Angeles United Football Club,77624,77624,Eagles Soccer Club - Eagles SC G2015 White,Eagles Soccer Club,2025-11-29,13:00:00,H,0,2,L,Field 11,https://public.totalglobalsports.com/public/event/4066,2025-12-11T20:26:36.840795+00:00
tgs,2025-12-11T20:26:36.840795+00:00_ff270d,4066,37042,2015,Girls,77624,77624,Eagles Soccer Club - Eagles SC G2015 White,Eagles Soccer Club,121670,121670,Los Angeles United Football Club - LAUFC G2015,Los Angeles United Football Club,2025-11-29,13:00:00,A,2,0,W,Field 11,https://public.totalglobalsports.com/public/event/4066,2025-12-11T20:26:36.840795+00:00
tgs,2025-12-11T20:26:36.840795+00:00_ff270d,4066,37042,2015,Girls,122204,122204,AYSO United - Channel Islands G2015,AYSO United,122450,122450,Central Coast Surf - Central Coast Surf G2015 Blac,Central Coast Surf,2025-11-29,13:00:00,H,0,1,L,Field 12,https://public.totalglobalsports.com/public/event/4066,2025-12-11T20:26:36.840795+00:00
tgs,2025-12-11T20:26:36.840795+00:00_ff270d,4066,37042,2015,Girls,122450,122450,Central Coast Surf - Central Coast Surf G2015 Blac,Central Coast Surf,122204,122204,AYSO United - Channel Islands G2015,AYSO United,2025-11-29,13:00:00,A,1,0,W,Field 12,https://public.totalglobalsports.com/public/event/4066,2025-12-11T20:26:36.840795+00:00
tgs,2025-12-11T20:26:36.840795+00:00_ff270d,4066,37042,2015,Girls,77624,77624,Eagles Soccer Club - Eagles SC G2015 White,Eagles Soccer Club,122204,122204,AYSO United - Channel Islands G2015,AYSO United,2025-11-30,10:20:00,H,4,0,W,Field 13,https://public.totalglobalsports.com/public/event/4066,2025-12-11T20:26:36.840795+00:00
tgs,2025-12-11T20:26:36.840795+00:00_ff270d,4066,37042,2015,Girls,122204,122204,AYSO United - Channel Islands G2015,AYSO United,77624,77624,Eagles Soccer Club - Eagles SC G2015 White,Eagles Soccer Club,2025-11-30,10:20:00,A,0,4,L,Field 13,https://public.totalglobalsports.com/public/event/4066,2025-12-11T20:26:36.840795+00:00
tgs,2025-12-11T20:26:36.840795+00:00_ff270d,4066,37042,2015,Girls,121670,121670,Los Angeles United Football Club - LAUFC G2015,Los Angeles United Football Club,122450,122450,Central Coast Surf - Central Coast Surf G2015 Blac,Central Coast Surf,2025-11-30,11:40:00,H,2,2,D,Field 15,https://public.totalglobalsports.com/public/event/4066,2025-12-11T20:26:36.840795+00:00
tgs,2025-12-11T20:26:36.840795+00:00_ff270d,4066,37042,2015,Girls,122450,122450,Central Coast Surf - Central Coast Surf G2015 Blac,Central Coast Surf,121670,121670,Los Angeles United Football Club - LAUFC G2015,Los Angeles United Football Club,2025-11-30,11:40:00,A,2,2,D,Field 15,https://public.totalglobalsports.com/public/event/4066,2025-12-11T20:26:36.840795+00:00
tgs,2025-12-11T20:26:36.840795+00:00_ff270d,4066,37042,2015,Girls,122450,122450,Central Coast Surf - Central Coast Surf G2015 Blac,Central Coast Surf,77624,77624,Eagles Soccer Club - Eagles SC G2015 White,Eagles Soccer Club,2025-11-30,14:20:00,H,1,3,L,Field 14,https://public.totalglobalsports.com/public/event/4066,2025-12-11T20:26:36.840795+00:00
tgs,2025-12-11T20:26:36.840795+00:00_ff270d,4066,37042,2015,Girls,77624,77624,Eagles Soccer Club - Eagles SC G2015 White,Eagles Soccer Club,122450,122450,Central Coast Surf - Central Coast Surf G2015 Blac,Central Coast Surf,2025-11-30,14:20:00,A,3,1,W,Field 14,https://public.totalglobalsports.com/public/event/4066,2025-12-11T20:26:36.840795+00:00
tgs,2025-12-11T20:26:36.840795+00:00_ff270d,4066,37056,2015,Girls,105050,105050,Eagles Soccer Club - G2016,Eagles Soccer Club,113381,113381,LA Surf  - LA Surf G2015 SFV,LA Surf,2025-11-29,09:00:00,H,6,0,W,Field 13,https://public.totalglobalsports.com/public/event/4066,2025-12-11T20:26:36.840795+00:00
tgs,2025-12-11T20:26:36.840795+00:00_ff270d,4066,37056,2015,Girls,113381,113381,LA Surf  - LA Surf G2015 SFV,LA Surf,105050,105050,Eagles Soccer Club - G2016,Eagles Soccer Club,2025-11-29,09:00:00,A,0,6,L,Field 13,https://public.totalglobalsports.com/public/event/4066,2025-12-11T20:26:36.840795+00:00
tgs,2025-12-11T20:26:36.840795+00:00_ff270d,4066,37056,2015,Girls,105719,105719,Crusaders Futbol Club - Crusaders FC G15,Crusaders Futbol Club,122614,122614,No Club Selection - Oxnard Eagles,No Club Selection,2025-11-29,09:00:00,H,7,1,W,Field 11,https://public.totalglobalsports.com/public/event/4066,2025-12-11T20:26:36.840795+00:00
tgs,2025-12-11T20:26:36.840795+00:00_ff270d,4066,37056,2015,Girls,122614,122614,No Club Selection - Oxnard Eagles,No Club Selection,105719,105719,Crusaders Futbol Club - Crusaders FC G15,Crusaders Futbol Club,2025-11-29,09:00:00,A,1,7,L,Field 11,https://public.totalglobalsports.com/public/event/4066,2025-12-11T20:26:36.840795+00:00
tgs,2025-12-11T20:26:36.840795+00:00_ff270d,4066,37056,2015,Girls,122614,122614,No Club Selection - Oxnard Eagles,No Club Selection,105050,105050,Eagles Soccer Club - G2016,Eagles Soccer Club,2025-11-29,13:00:00,H,1,11,L,Field 15,https://public.totalglobalsports.com/public/event/4066,2025-12-11T20:26:36.840795+00:00
tgs,2025-12-11T20:26:36.840795+00:00_ff270d,4066,37056,2015,Girls,105050,105050,Eagles Soccer Club - G2016,Eagles Soccer Club,122614,122614,No Club Selection - Oxnard Eagles,No Club Selection,2025-11-29,13:00:00,A,11,1,W,Field 15,https://public.totalglobalsports.com/public/event/4066,2025-12-11T20:26:36.840795+00:00
tgs,2025-12-11T20:26:36.840795+00:00_ff270d,4066,37056,2015,Girls,105719,105719,Crusaders Futbol Club - Crusaders FC G15,Crusaders Futbol Club,113381,113381,LA Surf  - LA Surf G2015 SFV,LA Surf,2025-11-29,13:00:00,H,4,1,W,Field 14,https://public.totalglobalsports.com/public/event/4066,2025-12-11T20:26:36.840795+00:00
tgs,2025-12-11T20:26:36.840795+00:00_ff270d,4066,37056,2015,Girls,113381,113381,LA Surf  - LA Surf G2015 SFV,LA Surf,105719,105719,Crusaders Futbol Club - Crusaders FC G15,Crusaders Futbol Club,2025-11-29,13:00:00,A,1,4,L,Field 14,https://public.totalglobalsports.com/public/event/4066,2025-12-11T20:26:36.840795+00:00
tgs,2025-12-11T20:26:36.840795+00:00_ff270d,4066,37056,2015,Girls,105050,105050,Eagles Soccer Club - G2016,Eagles Soccer Club,105719,105719,Crusaders Futbol Club - Crusaders FC G15,Crusaders Futbol Club,2025-11-30,09:00:00,H,7,0,W,Field 11,https://public.totalglobalsports.com/public/event/4066,2025-12-11T20:26:36.840795+00:00
tgs,2025-12-11T20:26:36.840795+00:00_ff270d,4066,37056,2015,Girls,105719,105719,Crusaders Futbol Club - Crusaders FC G15,Crusaders Futbol Club,105050,105050,Eagles Soccer Club - G2016,Eagles Soccer Club,2025-11-30,09:00:00,A,0,7,L,Field 11,https://public.totalglobalsports.com/public/event/4066,2025-12-11T20:26:36.840795+00:00
tgs,2025-12-11T20:26:36.840795+00:00_ff270d,4066,37056,2015,Girls,122614,122614,No Club Selection - Oxnard Eagles,No Club Selection,113381,113381,LA Surf  - LA Surf G2015 SFV,LA Surf,2025-11-30,10:20:00,H,2,2,D,Field 14,https://public.totalglobalsports.com/public/event/4066,2025-12-11T20:26:36.840795+00:00
tgs,2025-12-11T20:26:36.840795+00:00_ff270d,4066,37056,2015,Girls,113381,113381,LA Surf  - LA Surf G2015 SFV,LA Surf,122614,122614,No Club Selection - Oxnard Eagles,No Club Selection,2025-11-30,10:20:00,A,2,2,D,Field 14,https://public.totalglobalsports.com/public/event/4066,2025-12-11T20:26:36.840795+00:00
tgs,2025-12-11T20:26:36.840795+00:00_ff270d,4066,37056,2015,Girls,105050,105050,Eagles Soccer Club - G2016,Eagles Soccer Club,105719,105719,Crusaders Futbol Club - Crusaders FC G15,Crusaders Futbol Club,2025-11-30,13:00:00,H,3,6,L,Field 15,https://public.totalglobalsports.com/public/event/4066,2025-12-11T20:26:36.840795+00:00
tgs,2025-12-11T20:26:36.840795+00:00_ff270d,4066,37056,2015,Girls,105719,105719,Crusaders Futbol Club - Crusaders FC G15,Crusaders Futbol Club,105050,105050,Eagles Soccer Club - G2016,Eagles Soccer Club,2025-11-30,13:00:00,A,6,3,W,Field 15,https://public.totalglobalsports.com/public/event/4066,2025-12-11T20:26:36.840795+00:00
tgs,2025-12-11T20:26:36.840795+00:00_ff270d,4066,37041,2016,Girls,84636,84636,Oxnard United SC - OXNARD UNITED G2017,Oxnard United SC,108518,108518,Eagles Soccer Club - Eagles Girls 2016 White,Eagles Soccer Club,2025-11-29,11:30:00,H,3,0,W,Field 9,https://public.totalglobalsports.com/public/event/4066,2025-12-11T20:26:36.840795+00:00
tgs,2025-12-11T20:26:36.840795+00:00_ff270d,4066,37041,2016,Girls,108518,108518,Eagles Soccer Club - Eagles Girls 2016 White,Eagles Soccer Club,84636,84636,Oxnard United SC - OXNARD UNITED G2017,Oxnard United SC,2025-11-29,11:30:00,A,0,3,L,Field 9,https://public.totalglobalsports.com/public/event/4066,2025-12-11T20:26:36.840795+00:00
tgs,2025-12-11T20:26:36.840795+00:00_ff270d,4066,37041,2016,Girls,104915,104915,Oxnard Wave FC - Oxnard Wave G2016,Oxnard Wave FC,89684,89684,Legends FC SCV - Legends FC SCV G16,Legends FC SCV,2025-11-29,11:30:00,H,2,5,L,Field 10,https://public.totalglobalsports.com/public/event/4066,2025-12-11T20:26:36.840795+00:00
tgs,2025-12-11T20:26:36.840795+00:00_ff270d,4066,37041,2016,Girls,89684,89684,Legends FC SCV - Legends FC SCV G16,Legends FC SCV,104915,104915,Oxnard Wave FC - Oxnard Wave G2016,Oxnard Wave FC,2025-11-29,11:30:00,A,5,2,W,Field 10,https://public.totalglobalsports.com/public/event/4066,2025-12-11T20:26:36.840795+00:00
tgs,2025-12-11T20:26:36.840795+00:00_ff270d,4066,37041,2016,Girls,110167,110167,Ventura Surf SC - G2016 TO,Ventura Surf SC,111325,111325,Eagles Soccer Club - Eagles- G2017,Eagles Soccer Club,2025-11-29,11:30:00,H,9,0,W,Field 16,https://public.totalglobalsports.com/public/event/4066,2025-12-11T20:26:36.840795+00:00
tgs,2025-12-11T20:26:36.840795+00:00_ff270d,4066,37041,2016,Girls,111325,111325,Eagles Soccer Club - Eagles- G2017,Eagles Soccer Club,110167,110167,Ventura Surf SC - G2016 TO,Ventura Surf SC,2025-11-29,11:30:00,A,0,9,L,Field 16,https://public.totalglobalsports.com/public/event/4066,2025-12-11T20:26:36.840795+00:00
tgs,2025-12-11T20:26:36.840795+00:00_ff270d,4066,37041,2016,Girls,108518,108518,Eagles Soccer Club - Eagles Girls 2016 White,Eagles Soccer Club,110167,110167,Ventura Surf SC - G2016 TO,Ventura Surf SC,2025-11-29,13:50:00,H,0,5,L,Field 7,https://public.totalglobalsports.com/public/event/4066,2025-12-11T20:26:36.840795+00:00
tgs,2025-12-11T20:26:36.840795+00:00_ff270d,4066,37041,2016,Girls,110167,110167,Ventura Surf SC - G2016 TO,Ventura Surf SC,108518,108518,Eagles Soccer Club - Eagles Girls 2016 White,Eagles Soccer Club,2025-11-29,13:50:00,A,5,0,W,Field 7,https://public.totalglobalsports.com/public/event/4066,2025-12-11T20:26:36.840795+00:00
tgs,2025-12-11T20:26:36.840795+00:00_ff270d,4066,37041,2016,Girls,89684,89684,Legends FC SCV - Legends FC SCV G16,Legends FC SCV,84636,84636,Oxnard United SC - OXNARD UNITED G2017,Oxnard United SC,2025-11-29,13:50:00,H,3,0,W,Field 9,https://public.totalglobalsports.com/public/event/4066,2025-12-11T20:26:36.840795+00:00
tgs,2025-12-11T20:26:36.840795+00:00_ff270d,4066,37041,2016,Girls,84636,84636,Oxnard United SC - OXNARD UNITED G2017,Oxnard United SC,89684,89684,Legends FC SCV - Legends FC SCV G16,Legends FC SCV,2025-11-29,13:50:00,A,0,3,L,Field 9,https://public.totalglobalsports.com/public/event/4066,2025-12-11T20:26:36.840795+00:00
tgs,2025-12-11T20:26:36.840795+00:00_ff270d,4066,37041,2016,Girls,104915,104915,Oxnard Wave FC - Oxnard Wave G2016,Oxnard Wave FC,111325,111325,Eagles Soccer Club - Eagles- G2017,Eagles Soccer Club,2025-11-29,15:00:00,H,4,1,W,Field 7,https://public.totalglobalsports.com/public/event/4066,2025-12-11T20:26:36.840795+00:00
tgs,2025-12-11T20:26:36.840795+00:00_ff270d,4066,37041,2016,Girls,111325,111325,Eagles Soccer Club - Eagles- G2017,Eagles Soccer Club,104915,104915,Oxnard Wave FC - Oxnard Wave G2016,Oxnard Wave FC,2025-11-29,15:00:00,A,1,4,L,Field 7,https://public.totalglobalsports.com/public/event/4066,2025-12-11T20:26:36.840795+00:00
tgs,2025-12-11T20:26:36.840795+00:00_ff270d,4066,37041,2016,Girls,108518,108518,Eagles Soccer Club - Eagles Girls 2016 White,Eagles Soccer Club,104915,104915,Oxnard Wave FC - Oxnard Wave G2016,Oxnard Wave FC,2025-11-30,11:30:00,H,2,4,L,Field 9,https://public.totalglobalsports.com/public/event/4066,2025-12-11T20:26:36.840795+00:00
tgs,2025-12-11T20:26:36.840795+00:00_ff270d,4066,37041,2016,Girls,104915,104915,Oxnard Wave FC - Oxnard Wave G2016,Oxnard Wave FC,108518,108518,Eagles Soccer Club - Eagles Girls 2016 White,Eagles Soccer Club,2025-11-30,11:30:00,A,4,2,W,Field 9,https://public.totalglobalsports.com/public/event/4066,2025-12-11T20:26:36.840795+00:00
tgs,2025-12-11T20:26:36.840795+00:00_ff270d,4066,37041,2016,Girls,89684,89684,Legends FC SCV - Legends FC SCV G16,Legends FC SCV,110167,110167,Ventura Surf SC - G2016 TO,Ventura Surf SC,2025-11-30,11:30:00,H,1,0,W,Field 10,https://public.totalglobalsports.com/public/event/4066,2025-12-11T20:26:36.840795+00:00
tgs,2025-12-11T20:26:36.840795+00:00_ff270d,4066,37041,2016,Girls,110167,110167,Ventura Surf SC - G2016 TO,Ventura Surf SC,89684,89684,Legends FC SCV - Legends FC SCV G16,Legends FC SCV,2025-11-30,11:30:00,A,0,1,L,Field 10,https://public.totalglobalsports.com/public/event/4066,2025-12-11T20:26:36.840795+00:00
tgs,2025-12-11T20:26:36.840795+00:00_ff270d,4066,37041,2016,Girls,111325,111325,Eagles Soccer Club - Eagles- G2017,Eagles Soccer Club,84636,84636,Oxnard United SC - OXNARD UNITED G2017,Oxnard United SC,2025-11-30,11:30:00,H,2,2,D,Field 8,https://public.totalglobalsports.com/public/event/4066,2025-12-11T20:26:36.840795+00:00
tgs,2025-12-11T20:26:36.840795+00:00_ff270d,4066,37041,2016,Girls,84636,84636,Oxnard United SC - OXNARD UNITED G2017,Oxnard United SC,111325,111325,Eagles Soccer Club - Eagles- G2017,Eagles Soccer Club,2025-11-30,11:30:00,A,2,2,D,Field 8,https://public.totalglobalsports.com/public/event/4066,2025-12-11T20:26:36.840795+00:00
tgs,2025-12-11T20:26:36.840795+00:00_ff270d,4066,37041,2016,Girls,89684,89684,Legends FC SCV - Legends FC SCV G16,Legends FC SCV,110167,110167,Ventura Surf SC - G2016 TO,Ventura Surf SC,2025-11-30,13:50:00,H,4,1,W,Field 8,https://public.totalglobalsports.com/public/event/4066,2025-12-11T20:26:36.840795+00:00
tgs,2025-12-11T20:26:36.840795+00:00_ff270d,4066,37041,2016,Girls,110167,110167,Ventura Surf SC - G2016 TO,Ventura Surf SC,89684,89684,Legends FC SCV - Legends FC SCV G16,Legends FC SCV,2025-11-30,13:50:00,A,1,4,L,Field 8,https://public.totalglobalsports.com/public/event/4066,2025-12-11T20:26:36.840795+00:00
tgs,2025-12-11T20:26:36.840795+00:00_ff270d,4066,37047,2018,Girls,122326,122326,Eagles Soccer Club - Oxnard Eagles Girls 2018,Eagles Soccer Club,124669,124669,Kickers Fc  - KICKERS FC G2018,Kickers FC,2025-11-29,10:20:00,H,0,12,L,Field 9,https://public.totalglobalsports.com/public/event/4066,2025-12-11T20:26:36.840795+00:00
tgs,2025-12-11T20:26:36.840795+00:00_ff270d,4066,37047,2018,Girls,124669,124669,Kickers Fc  - KICKERS FC G2018,Kickers FC,122326,122326,Eagles Soccer Club - Oxnard Eagles Girls 2018,Eagles Soccer Club,2025-11-29,10:20:00,A,12,0,W,Field 9,https://public.totalglobalsports.com/public/event/4066,2025-12-11T20:26:36.840795+00:00
tgs,2025-12-11T20:26:36.840795+00:00_ff270d,4066,37047,2018,Girls,113920,113920,Eagles Soccer Club - Eagles Soccer Club G2018,Eagles Soccer Club,102968,102968,Legends FC SCV - Legends FC SCV G18,Legends FC SCV,2025-11-29,10:20:00,H,4,0,W,Field 10,https://public.totalglobalsports.com/public/event/4066,2025-12-11T20:26:36.840795+00:00
tgs,2025-12-11T20:26:36.840795+00:00_ff270d,4066,37047,2018,Girls,102968,102968,Legends FC SCV - Legends FC SCV G18,Legends FC SCV,113920,113920,Eagles Soccer Club - Eagles Soccer Club G2018,Eagles Soccer Club,2025-11-29,10:20:00,A,0,4,L,Field 10,https://public.totalglobalsports.com/public/event/4066,2025-12-11T20:26:36.840795+00:00
tgs,2025-12-11T20:26:36.840795+00:00_ff270d,4066,37047,2018,Girls,102968,102968,Legends FC SCV - Legends FC SCV G18,Legends FC SCV,122326,122326,Eagles Soccer Club - Oxnard Eagles Girls 2018,Eagles Soccer Club,2025-11-29,12:40:00,H,5,4,W,Field 7,https://public.totalglobalsports.com/public/event/4066,2025-12-11T20:26:36.840795+00:00
tgs,2025-12-11T20:26:36.840795+00:00_ff270d,4066,37047,2018,Girls,122326,122326,Eagles Soccer Club - Oxnard Eagles Girls 2018,Eagles Soccer Club,102968,102968,Legends FC SCV - Legends FC SCV G18,Legends FC SCV,2025-11-29,12:40:00,A,4,5,L,Field 7,https://public.totalglobalsports.com/public/event/4066,2025-12-11T20:26:36.840795+00:00
tgs,2025-12-11T20:26:36.840795+00:00_ff270d,4066,37047,2018,Girls,113920,113920,Eagles Soccer Club - Eagles Soccer Club G2018,Eagles Soccer Club,124669,124669,Kickers Fc  - KICKERS FC G2018,Kickers FC,2025-11-29,13:50:00,H,1,5,L,Field 8,https://public.totalglobalsports.com/public/event/4066,2025-12-11T20:26:36.840795+00:00
tgs,2025-12-11T20:26:36.840795+00:00_ff270d,4066,37047,2018,Girls,124669,124669,Kickers Fc  - KICKERS FC G2018,Kickers FC,113920,113920,Eagles Soccer Club - Eagles Soccer Club G2018,Eagles Soccer Club,2025-11-29,13:50:00,A,5,1,W,Field 8,https://public.totalglobalsports.com/public/event/4066,2025-12-11T20:26:36.840795+00:00
tgs,2025-12-11T20:26:36.840795+00:00_ff270d,4066,37047,2018,Girls,122326,122326,Eagles Soccer Club - Oxnard Eagles Girls 2018,Eagles Soccer Club,113920,113920,Eagles Soccer Club - Eagles Soccer Club G2018,Eagles Soccer Club,2025-11-30,10:20:00,H,1,3,L,Field 8,https://public.totalglobalsports.com/public/event/4066,2025-12-11T20:26:36.840795+00:00
tgs,2025-12-11T20:26:36.840795+00:00_ff270d,4066,37047,2018,Girls,113920,113920,Eagles Soccer Club - Eagles Soccer Club G2018,Eagles Soccer Club,122326,122326,Eagles Soccer Club - Oxnard Eagles Girls 2018,Eagles Soccer Club,2025-11-30,10:20:00,A,3,1,W,Field 8,https://public.totalglobalsports.com/public/event/4066,2025-12-11T20:26:36.840795+00:00
tgs,2025-12-11T20:26:36.840795+00:00_ff270d,4066,37047,2018,Girls,102968,102968,Legends FC SCV - Legends FC SCV G18,Legends FC SCV,124669,124669,Kickers Fc  - KICKERS FC G2018,Kickers FC,2025-11-30,10:20:00,H,0,7,L,Field 7,https://public.totalglobalsports.com/public/event/4066,2025-12-11T20:26:36.840795+00:00
tgs,2025-12-11T20:26:36.840795+00:00_ff270d,4066,37047,2018,Girls,124669,124669,Kickers Fc  - KICKERS FC G2018,Kickers FC,102968,102968,Legends FC SCV - Legends FC SCV G18,Legends FC SCV,2025-11-30,10:20:00,A,7,0,W,Field 7,https://public.totalglobalsports.com/public/event/4066,2025-12-11T20:26:36.840795+00:00
tgs,2025-12-11T20:26:36.840795+00:00_ff270d,4066,37047,2018,Girls,124669,124669,Kickers Fc  - KICKERS FC G2018,Kickers FC,113920,113920,Eagles Soccer Club - Eagles Soccer Club G2018,Eagles Soccer Club,2025-11-30,12:40:00,H,5,1,W,Field 8,https://public.totalglobalsports.com/public/event/4066,2025-12-11T20:26:36.840795+00:00
tgs,2025-12-11T20:26:36.840795+00:00_ff270d,4066,37047,2018,Girls,113920,113920,Eagles Soccer Club - Eagles Soccer Club G2018,Eagles Soccer Club,124669,124669,Kickers Fc  - KICKERS FC G2018,Kickers FC,2025-11-30,12:40:00,A,1,5,L,Field 8,https://public.totalglobalsports.com/public/event/4066,2025-12-11T20:26:36.840795+00:00
tgs,2025-12-11T20:26:36.840795+00:00_ff270d,4066,37039,2012,Boys,122548,122548,So Cal Pride FC - So Cal Pride FC B2012,So Cal Pride FC,56473,56473,Central Coast United SC - CCU South B12 White,Central Coast United SC,2025-11-29,10:20:00,H,1,2,L,Field 1,https://public.totalglobalsports.com/public/event/4066,2025-12-11T20:26:36.840795+00:00
tgs,2025-12-11T20:26:36.840795+00:00_ff270d,4066,37039,2012,Boys,56473,56473,Central Coast United SC - CCU South B12 White,Central Coast United SC,122548,122548,So Cal Pride FC - So Cal Pride FC B2012,So Cal Pride FC,2025-11-29,10:20:00,A,2,1,W,Field 1,https://public.totalglobalsports.com/public/event/4066,2025-12-11T20:26:36.840795+00:00
tgs,2025-12-11T20:26:36.840795+00:00_ff270d,4066,37039,2012,Boys,98642,98642,So Cal Pride FC - SoCal Pride B2012 Chacon,So Cal Pride FC,122879,122879,No Club Selection - PSG,No Club Selection,2025-11-29,10:20:00,H,1,1,D,Field 2,https://public.totalglobalsports.com/public/event/4066,2025-12-11T20:26:36.840795+00:00
tgs,2025-12-11T20:26:36.840795+00:00_ff270d,4066,37039,2012,Boys,122879,122879,No Club Selection - PSG,No Club Selection,98642,98642,So Cal Pride FC - SoCal Pride B2012 Chacon,So Cal Pride FC,2025-11-29,10:20:00,A,1,1,D,Field 2,https://public.totalglobalsports.com/public/event/4066,2025-12-11T20:26:36.840795+00:00
tgs,2025-12-11T20:26:36.840795+00:00_ff270d,4066,37039,2012,Boys,57121,57121,Eagles SC ECNL RL B13,Eagles Soccer Club,124700,124700,LA Surf  - LA Surf MLS 2013,LA Surf,2025-11-29,10:20:00,H,3,4,L,Field 3,https://public.totalglobalsports.com/public/event/4066,2025-12-11T20:26:36.840795+00:00
tgs,2025-12-11T20:26:36.840795+00:00_ff270d,4066,37039,2012,Boys,124700,124700,LA Surf  - LA Surf MLS 2013,LA Surf,57121,57121,Eagles SC ECNL RL B13,Eagles Soccer Club,2025-11-29,10:20:00,A,4,3,W,Field 3,https://public.totalglobalsports.com/public/event/4066,2025-12-11T20:26:36.840795+00:00
tgs,2025-12-11T20:26:36.840795+00:00_ff270d,4066,37039,2012,Boys,122879,122879,No Club Selection - PSG,No Club Selection,122548,122548,So Cal Pride FC - So Cal Pride FC B2012,So Cal Pride FC,2025-11-29,13:00:00,H,4,1,W,Field 3,https://public.totalglobalsports.com/public/event/4066,2025-12-11T20:26:36.840795+00:00
tgs,2025-12-11T20:26:36.840795+00:00_ff270d,4066,37039,2012,Boys,122548,122548,So Cal Pride FC - So Cal Pride FC B2012,So Cal Pride FC,122879,122879,No Club Selection - PSG,No Club Selection,2025-11-29,13:00:00,A,1,4,L,Field 3,https://public.totalglobalsports.com/public/event/4066,2025-12-11T20:26:36.840795+00:00
tgs,2025-12-11T20:26:36.840795+00:00_ff270d,4066,37039,2012,Boys,57121,57121,Eagles SC ECNL RL B13,Eagles Soccer Club,98642,98642,So Cal Pride FC - SoCal Pride B2012 Chacon,So Cal Pride FC,2025-11-29,13:00:00,H,0,4,L,Field 1,https://public.totalglobalsports.com/public/event/4066,2025-12-11T20:26:36.840795+00:00
tgs,2025-12-11T20:26:36.840795+00:00_ff270d,4066,37039,2012,Boys,98642,98642,So Cal Pride FC - SoCal Pride B2012 Chacon,So Cal Pride FC,57121,57121,Eagles SC ECNL RL B13,Eagles Soccer Club,2025-11-29,13:00:00,A,4,0,W,Field 1,https://public.totalglobalsports.com/public/event/4066,2025-12-11T20:26:36.840795+00:00
tgs,2025-12-11T20:26:36.840795+00:00_ff270d,4066,37039,2012,Boys,56473,56473,Central Coast United SC - CCU South B12 White,Central Coast United SC,124700,124700,LA Surf  - LA Surf MLS 2013,LA Surf,2025-11-29,13:00:00,H,2,2,D,Field 2,https://public.totalglobalsports.com/public/event/4066,2025-12-11T20:26:36.840795+00:00
tgs,2025-12-11T20:26:36.840795+00:00_ff270d,4066,37039,2012,Boys,124700,124700,LA Surf  - LA Surf MLS 2013,LA Surf,56473,56473,Central Coast United SC - CCU South B12 White,Central Coast United SC,2025-11-29,13:00:00,A,2,2,D,Field 2,https://public.totalglobalsports.com/public/event/4066,2025-12-11T20:26:36.840795+00:00
tgs,2025-12-11T20:26:36.840795+00:00_ff270d,4066,37039,2012,Boys,122548,122548,So Cal Pride FC - So Cal Pride FC B2012,So Cal Pride FC,57121,57121,Eagles SC ECNL RL B13,Eagles Soccer Club,2025-11-30,10:20:00,H,1,0,W,Field 5,https://public.totalglobalsports.com/public/event/4066,2025-12-11T20:26:36.840795+00:00
tgs,2025-12-11T20:26:36.840795+00:00_ff270d,4066,37039,2012,Boys,57121,57121,Eagles SC ECNL RL B13,Eagles Soccer Club,122548,122548,So Cal Pride FC - So Cal Pride FC B2012,So Cal Pride FC,2025-11-30,10:20:00,A,0,1,L,Field 5,https://public.totalglobalsports.com/public/event/4066,2025-12-11T20:26:36.840795+00:00
tgs,2025-12-11T20:26:36.840795+00:00_ff270d,4066,37039,2012,Boys,98642,98642,So Cal Pride FC - SoCal Pride B2012 Chacon,So Cal Pride FC,56473,56473,Central Coast United SC - CCU South B12 White,Central Coast United SC,2025-11-30,11:40:00,H,1,2,L,Field 1,https://public.totalglobalsports.com/public/event/4066,2025-12-11T20:26:36.840795+00:00
tgs,2025-12-11T20:26:36.840795+00:00_ff270d,4066,37039,2012,Boys,56473,56473,Central Coast United SC - CCU South B12 White,Central Coast United SC,98642,98642,So Cal Pride FC - SoCal Pride B2012 Chacon,So Cal Pride FC,2025-11-30,11:40:00,A,2,1,W,Field 1,https://public.totalglobalsports.com/public/event/4066,2025-12-11T20:26:36.840795+00:00
tgs,2025-12-11T20:26:36.840795+00:00_ff270d,4066,37039,2012,Boys,124700,124700,LA Surf  - LA Surf MLS 2013,LA Surf,122879,122879,No Club Selection - PSG,No Club Selection,2025-11-30,11:40:00,H,2,2,D,Field 2,https://public.totalglobalsports.com/public/event/4066,2025-12-11T20:26:36.840795+00:00
tgs,2025-12-11T20:26:36.840795+00:00_ff270d,4066,37039,2012,Boys,122879,122879,No Club Selection - PSG,No Club Selection,124700,124700,LA Surf  - LA Surf MLS 2013,LA Surf,2025-11-30,11:40:00,A,2,2,D,Field 2,https://public.totalglobalsports.com/public/event/4066,2025-12-11T20:26:36.840795+00:00
tgs,2025-12-11T20:26:36.840795+00:00_ff270d,4066,37039,2012,Boys,56473,56473,Central Coast United SC - CCU South B12 White,Central Coast United SC,122879,122879,No Club Selection - PSG,No Club Selection,2025-11-30,14:20:00,H,6,1,W,Field 4,https://public.totalglobalsports.com/public/event/4066,2025-12-11T20:26:36.840795+00:00
tgs,2025-12-11T20:26:36.840795+00:00_ff270d,4066,37039,2012,Boys,122879,122879,No Club Selection - PSG,No Club Selection,56473,56473,Central Coast United SC - CCU South B12 White,Central Coast United SC,2025-11-30,14:20:00,A,1,6,L,Field 4,https://public.totalglobalsports.com/public/event/4066,2025-12-11T20:26:36.840795+00:00
tgs,2025-12-11T20:26:36.840795+00:00_ff270d,4066,37038,2013,Boys,121905,121905,So Cal Pride FC - Socal Pride B2014 Flight 1,So Cal Pride FC,122715,122715,VC Fusion - Ventura County VC Fusion,VC Fusion,2025-11-29,10:20:00,H,0,1,L,Field 6,https://public.totalglobalsports.com/public/event/4066,2025-12-11T20:26:36.840795+00:00
tgs,2025-12-11T20:26:36.840795+00:00_ff270d,4066,37038,2013,Boys,122715,122715,VC Fusion - Ventura County VC Fusion,VC Fusion,121905,121905,So Cal Pride FC - Socal Pride B2014 Flight 1,So Cal Pride FC,2025-11-29,10:20:00,A,1,0,W,Field 6,https://public.totalglobalsports.com/public/event/4066,2025-12-11T20:26:36.840795+00:00
tgs,2025-12-11T20:26:36.840795+00:00_ff270d,4066,37038,2013,Boys,122388,122388,Total Futbol Academy - TFA - AV B2013 - White,Total Futbol Academy,122877,122877,Surf SoCal Regional Select - SO B2013 Black - Soca,LA Surf,2025-11-29,10:20:00,H,4,0,W,Field 5,https://public.totalglobalsports.com/public/event/4066,2025-12-11T20:26:36.840795+00:00
tgs,2025-12-11T20:26:36.840795+00:00_ff270d,4066,37038,2013,Boys,122877,122877,Surf SoCal Regional Select - SO B2013 Black - Soca,LA Surf,122388,122388,Total Futbol Academy - TFA - AV B2013 - White,Total Futbol Academy,2025-11-29,10:20:00,A,0,4,L,Field 5,https://public.totalglobalsports.com/public/event/4066,2025-12-11T20:26:36.840795+00:00
tgs,2025-12-11T20:26:36.840795+00:00_ff270d,4066,37038,2013,Boys,113505,113505,AYSO United - Conejo Valley 2013 Blue,AYSO United,90939,90939,Ventura Surf SC - B2014,Ventura Surf SC,2025-11-29,11:40:00,H,1,2,L,Field 3,https://public.totalglobalsports.com/public/event/4066,2025-12-11T20:26:36.840795+00:00
tgs,2025-12-11T20:26:36.840795+00:00_ff270d,4066,37038,2013,Boys,90939,90939,Ventura Surf SC - B2014,Ventura Surf SC,113505,113505,AYSO United - Conejo Valley 2013 Blue,AYSO United,2025-11-29,11:40:00,A,2,1,W,Field 3,https://public.totalglobalsports.com/public/event/4066,2025-12-11T20:26:36.840795+00:00
tgs,2025-12-11T20:26:36.840795+00:00_ff270d,4066,37038,2013,Boys,122715,122715,VC Fusion - Ventura County VC Fusion,VC Fusion,113505,113505,AYSO United - Conejo Valley 2013 Blue,AYSO United,2025-11-29,14:20:00,H,1,2,L,Field 2,https://public.totalglobalsports.com/public/event/4066,2025-12-11T20:26:36.840795+00:00
tgs,2025-12-11T20:26:36.840795+00:00_ff270d,4066,37038,2013,Boys,113505,113505,AYSO United - Conejo Valley 2013 Blue,AYSO United,122715,122715,VC Fusion - Ventura County VC Fusion,VC Fusion,2025-11-29,14:20:00,A,2,1,W,Field 2,https://public.totalglobalsports.com/public/event/4066,2025-12-11T20:26:36.840795+00:00
tgs,2025-12-11T20:26:36.840795+00:00_ff270d,4066,37038,2013,Boys,122388,122388,Total Futbol Academy - TFA - AV B2013 - White,Total Futbol Academy,121905,121905,So Cal Pride FC - Socal Pride B2014 Flight 1,So Cal Pride FC,2025-11-29,14:20:00,H,10,0,W,Field 1,https://public.totalglobalsports.com/public/event/4066,2025-12-11T20:26:36.840795+00:00
tgs,2025-12-11T20:26:36.840795+00:00_ff270d,4066,37038,2013,Boys,121905,121905,So Cal Pride FC - Socal Pride B2014 Flight 1,So Cal Pride FC,122388,122388,Total Futbol Academy - TFA - AV B2013 - White,Total Futbol Academy,2025-11-29,14:20:00,A,0,10,L,Field 1,https://public.totalglobalsports.com/public/event/4066,2025-12-11T20:26:36.840795+00:00
tgs,2025-12-11T20:26:36.840795+00:00_ff270d,4066,37038,2013,Boys,90939,90939,Ventura Surf SC - B2014,Ventura Surf SC,122877,122877,Surf SoCal Regional Select - SO B2013 Black - Soca,LA Surf,2025-11-29,14:20:00,H,6,0,W,Field 6,https://public.totalglobalsports.com/public/event/4066,2025-12-11T20:26:36.840795+00:00
tgs,2025-12-11T20:26:36.840795+00:00_ff270d,4066,37038,2013,Boys,122877,122877,Surf SoCal Regional Select - SO B2013 Black - Soca,LA Surf,90939,90939,Ventura Surf SC - B2014,Ventura Surf SC,2025-11-29,14:20:00,A,0,6,L,Field 6,https://public.totalglobalsports.com/public/event/4066,2025-12-11T20:26:36.840795+00:00
tgs,2025-12-11T20:26:36.840795+00:00_ff270d,4066,37038,2013,Boys,113505,113505,AYSO United - Conejo Valley 2013 Blue,AYSO United,122388,122388,Total Futbol Academy - TFA - AV B2013 - White,Total Futbol Academy,2025-11-30,10:20:00,H,1,0,W,Field 1,https://public.totalglobalsports.com/public/event/4066,2025-12-11T20:26:36.840795+00:00
tgs,2025-12-11T20:26:36.840795+00:00_ff270d,4066,37038,2013,Boys,122388,122388,Total Futbol Academy - TFA - AV B2013 - White,Total Futbol Academy,113505,113505,AYSO United - Conejo Valley 2013 Blue,AYSO United,2025-11-30,10:20:00,A,0,1,L,Field 1,https://public.totalglobalsports.com/public/event/4066,2025-12-11T20:26:36.840795+00:00
tgs,2025-12-11T20:26:36.840795+00:00_ff270d,4066,37038,2013,Boys,121905,121905,So Cal Pride FC - Socal Pride B2014 Flight 1,So Cal Pride FC,90939,90939,Ventura Surf SC - B2014,Ventura Surf SC,2025-11-30,10:20:00,H,1,4,L,Field 2,https://public.totalglobalsports.com/public/event/4066,2025-12-11T20:26:36.840795+00:00
tgs,2025-12-11T20:26:36.840795+00:00_ff270d,4066,37038,2013,Boys,90939,90939,Ventura Surf SC - B2014,Ventura Surf SC,121905,121905,So Cal Pride FC - Socal Pride B2014 Flight 1,So Cal Pride FC,2025-11-30,10:20:00,A,4,1,W,Field 2,https://public.totalglobalsports.com/public/event/4066,2025-12-11T20:26:36.840795+00:00
tgs,2025-12-11T20:26:36.840795+00:00_ff270d,4066,37038,2013,Boys,122877,122877,Surf SoCal Regional Select - SO B2013 Black - Soca,LA Surf,122715,122715,VC Fusion - Ventura County VC Fusion,VC Fusion,2025-11-30,10:20:00,H,0,2,L,Field 3,https://public.totalglobalsports.com/public/event/4066,2025-12-11T20:26:36.840795+00:00
tgs,2025-12-11T20:26:36.840795+00:00_ff270d,4066,37038,2013,Boys,122715,122715,VC Fusion - Ventura County VC Fusion,VC Fusion,122877,122877,Surf SoCal Regional Select - SO B2013 Black - Soca,LA Surf,2025-11-30,10:20:00,A,2,0,W,Field 3,https://public.totalglobalsports.com/public/event/4066,2025-12-11T20:26:36.840795+00:00
tgs,2025-12-11T20:26:36.840795+00:00_ff270d,4066,37038,2013,Boys,90939,90939,Ventura Surf SC - B2014,Ventura Surf SC,122388,122388,Total Futbol Academy - TFA - AV B2013 - White,Total Futbol Academy,2025-11-30,13:00:00,H,2,5,L,Field 4,https://public.totalglobalsports.com/public/event/4066,2025-12-11T20:26:36.840795+00:00
tgs,2025-12-11T20:26:36.840795+00:00_ff270d,4066,37038,2013,Boys,122388,122388,Total Futbol Academy - TFA - AV B2013 - White,Total Futbol Academy,90939,90939,Ventura Surf SC - B2014,Ventura Surf SC,2025-11-30,13:00:00,A,5,2,W,Field 4,https://public.totalglobalsports.com/public/event/4066,2025-12-11T20:26:36.840795+00:00
tgs,2025-12-11T20:26:36.840795+00:00_ff270d,4066,37036,2015,Boys,67675,67675,Legends FC SCV - 2015 Boys Legends FC,Legends FC SCV,117653,117653,Eagles Soccer Club - Eagles SC Pre ECNL 2015 915,Eagles Soccer Club,2025-11-29,09:00:00,H,2,8,L,Field 14,https://public.totalglobalsports.com/public/event/4066,2025-12-11T20:26:36.840795+00:00
tgs,2025-12-11T20:26:36.840795+00:00_ff270d,4066,37036,2015,Boys,117653,117653,Eagles Soccer Club - Eagles SC Pre ECNL 2015 915,Eagles Soccer Club,67675,67675,Legends FC SCV - 2015 Boys Legends FC,Legends FC SCV,2025-11-29,09:00:00,A,8,2,W,Field 14,https://public.totalglobalsports.com/public/event/4066,2025-12-11T20:26:36.840795+00:00
tgs,2025-12-11T20:26:36.840795+00:00_ff270d,4066,37036,2015,Boys,121123,121123,Ventura Surf SC - B2015 Pre-NPL,Ventura Surf SC,83310,83310,Santa Barbara SC - Santa Barbara Soccer Club,Santa Barbara SC,2025-11-29,09:00:00,H,2,3,L,Field 15,https://public.totalglobalsports.com/public/event/4066,2025-12-11T20:26:36.840795+00:00
tgs,2025-12-11T20:26:36.840795+00:00_ff270d,4066,37036,2015,Boys,83310,83310,Santa Barbara SC - Santa Barbara Soccer Club,Santa Barbara SC,121123,121123,Ventura Surf SC - B2015 Pre-NPL,Ventura Surf SC,2025-11-29,09:00:00,A,3,2,W,Field 15,https://public.totalglobalsports.com/public/event/4066,2025-12-11T20:26:36.840795+00:00
tgs,2025-12-11T20:26:36.840795+00:00_ff270d,4066,37036,2015,Boys,83310,83310,Santa Barbara SC - Santa Barbara Soccer Club,Santa Barbara SC,67675,67675,Legends FC SCV - 2015 Boys Legends FC,Legends FC SCV,2025-11-29,11:40:00,H,7,1,W,Field 14,https://public.totalglobalsports.com/public/event/4066,2025-12-11T20:26:36.840795+00:00
tgs,2025-12-11T20:26:36.840795+00:00_ff270d,4066,37036,2015,Boys,67675,67675,Legends FC SCV - 2015 Boys Legends FC,Legends FC SCV,83310,83310,Santa Barbara SC - Santa Barbara Soccer Club,Santa Barbara SC,2025-11-29,11:40:00,A,1,7,L,Field 14,https://public.totalglobalsports.com/public/event/4066,2025-12-11T20:26:36.840795+00:00
tgs,2025-12-11T20:26:36.840795+00:00_ff270d,4066,37036,2015,Boys,121123,121123,Ventura Surf SC - B2015 Pre-NPL,Ventura Surf SC,117653,117653,Eagles Soccer Club - Eagles SC Pre ECNL 2015 915,Eagles Soccer Club,2025-11-29,11:40:00,H,5,3,W,Field 15,https://public.totalglobalsports.com/public/event/4066,2025-12-11T20:26:36.840795+00:00
tgs,2025-12-11T20:26:36.840795+00:00_ff270d,4066,37036,2015,Boys,117653,117653,Eagles Soccer Club - Eagles SC Pre ECNL 2015 915,Eagles Soccer Club,121123,121123,Ventura Surf SC - B2015 Pre-NPL,Ventura Surf SC,2025-11-29,11:40:00,A,3,5,L,Field 15,https://public.totalglobalsports.com/public/event/4066,2025-12-11T20:26:36.840795+00:00
tgs,2025-12-11T20:26:36.840795+00:00_ff270d,4066,37036,2015,Boys,67675,67675,Legends FC SCV - 2015 Boys Legends FC,Legends FC SCV,121123,121123,Ventura Surf SC - B2015 Pre-NPL,Ventura Surf SC,2025-11-30,10:20:00,H,3,11,L,Field 12,https://public.totalglobalsports.com/public/event/4066,2025-12-11T20:26:36.840795+00:00
tgs,2025-12-11T20:26:36.840795+00:00_ff270d,4066,37036,2015,Boys,121123,121123,Ventura Surf SC - B2015 Pre-NPL,Ventura Surf SC,67675,67675,Legends FC SCV - 2015 Boys Legends FC,Legends FC SCV,2025-11-30,10:20:00,A,11,3,W,Field 12,https://public.totalglobalsports.com/public/event/4066,2025-12-11T20:26:36.840795+00:00
tgs,2025-12-11T20:26:36.840795+00:00_ff270d,4066,37036,2015,Boys,83310,83310,Santa Barbara SC - Santa Barbara Soccer Club,Santa Barbara SC,117653,117653,Eagles Soccer Club - Eagles SC Pre ECNL 2015 915,Eagles Soccer Club,2025-11-30,11:40:00,H,0,2,L,Field 12,https://public.totalglobalsports.com/public/event/4066,2025-12-11T20:26:36.840795+00:00
tgs,2025-12-11T20:26:36.840795+00:00_ff270d,4066,37036,2015,Boys,117653,117653,Eagles Soccer Club - Eagles SC Pre ECNL 2015 915,Eagles Soccer Club,83310,83310,Santa Barbara SC - Santa Barbara Soccer Club,Santa Barbara SC,2025-11-30,11:40:00,A,2,0,W,Field 12,https://public.totalglobalsports.com/public/event/4066,2025-12-11T20:26:36.840795+00:00
tgs,2025-12-11T20:26:36.840795+00:00_ff270d,4066,37036,2015,Boys,121123,121123,Ventura Surf SC - B2015 Pre-NPL,Ventura Surf SC,117653,117653,Eagles Soccer Club - Eagles SC Pre ECNL 2015 915,Eagles Soccer Club,2025-11-30,14:20:00,H,6,2,W,Field 15,https://public.totalglobalsports.com/public/event/4066,2025-12-11T20:26:36.840795+00:00
tgs,2025-12-11T20:26:36.840795+00:00_ff270d,4066,37036,2015,Boys,117653,117653,Eagles Soccer Club - Eagles SC Pre ECNL 2015 915,Eagles Soccer Club,121123,121123,Ventura Surf SC - B2015 Pre-NPL,Ventura Surf SC,2025-11-30,14:20:00,A,2,6,L,Field 15,https://public.totalglobalsports.com/public/event/4066,2025-12-11T20:26:36.840795+00:00
tgs,2025-12-11T20:26:36.840795+00:00_ff270d,4066,37050,2015,Boys,118419,118419,LA Surf  - LA Surf SO B2015 - Black,LA Surf,111141,111141,MSA FC - MSA FC B2015-WHITE,MSA FC,2025-11-29,09:00:00,H,4,3,W,Field 12,https://public.totalglobalsports.com/public/event/4066,2025-12-11T20:26:36.840795+00:00
tgs,2025-12-11T20:26:36.840795+00:00_ff270d,4066,37050,2015,Boys,111141,111141,MSA FC - MSA FC B2015-WHITE,MSA FC,118419,118419,LA Surf  - LA Surf SO B2015 - Black,LA Surf,2025-11-29,09:00:00,A,3,4,L,Field 12,https://public.totalglobalsports.com/public/event/4066,2025-12-11T20:26:36.840795+00:00
tgs,2025-12-11T20:26:36.840795+00:00_ff270d,4066,37050,2015,Boys,118636,118636,Eagles SC Pre-ECNL B15 715,Eagles Soccer Club,76678,76678,Oxnard United SC - Oxnard United SC,Oxnard United SC,2025-11-29,10:20:00,H,1,13,L,Field 11,https://public.totalglobalsports.com/public/event/4066,2025-12-11T20:26:36.840795+00:00
tgs,2025-12-11T20:26:36.840795+00:00_ff270d,4066,37050,2015,Boys,76678,76678,Oxnard United SC - Oxnard United SC,Oxnard United SC,118636,118636,Eagles SC Pre-ECNL B15 715,Eagles Soccer Club,2025-11-29,10:20:00,A,13,1,W,Field 11,https://public.totalglobalsports.com/public/event/4066,2025-12-11T20:26:36.840795+00:00
tgs,2025-12-11T20:26:36.840795+00:00_ff270d,4066,37050,2015,Boys,108497,108497,Santa Barbara SC - 2015 Blue,Santa Barbara SC,125110,125110,Total Futbol Academy - TFA SCV 2015,Total Futbol Academy,2025-11-29,11:40:00,H,3,8,L,Field 12,https://public.totalglobalsports.com/public/event/4066,2025-12-11T20:26:36.840795+00:00
tgs,2025-12-11T20:26:36.840795+00:00_ff270d,4066,37050,2015,Boys,125110,125110,Total Futbol Academy - TFA SCV 2015,Total Futbol Academy,108497,108497,Santa Barbara SC - 2015 Blue,Santa Barbara SC,2025-11-29,11:40:00,A,8,3,W,Field 12,https://public.totalglobalsports.com/public/event/4066,2025-12-11T20:26:36.840795+00:00
tgs,2025-12-11T20:26:36.840795+00:00_ff270d,4066,37050,2015,Boys,113414,113414,La Esperanza - B2016,La Esperanza,87929,87929,Legends FC SCV - 2015 Boys Gold,Legends FC SCV,2025-11-29,11:40:00,H,3,0,W,Field 13,https://public.totalglobalsports.com/public/event/4066,2025-12-11T20:26:36.840795+00:00
tgs,2025-12-11T20:26:36.840795+00:00_ff270d,4066,37050,2015,Boys,87929,87929,Legends FC SCV - 2015 Boys Gold,Legends FC SCV,113414,113414,La Esperanza - B2016,La Esperanza,2025-11-29,11:40:00,A,0,3,L,Field 13,https://public.totalglobalsports.com/public/event/4066,2025-12-11T20:26:36.840795+00:00
tgs,2025-12-11T20:26:36.840795+00:00_ff270d,4066,37050,2015,Boys,76678,76678,Oxnard United SC - Oxnard United SC,Oxnard United SC,118419,118419,LA Surf  - LA Surf SO B2015 - Black,LA Surf,2025-11-29,13:00:00,H,4,2,W,Field 13,https://public.totalglobalsports.com/public/event/4066,2025-12-11T20:26:36.840795+00:00
tgs,2025-12-11T20:26:36.840795+00:00_ff270d,4066,37050,2015,Boys,118419,118419,LA Surf  - LA Surf SO B2015 - Black,LA Surf,76678,76678,Oxnard United SC - Oxnard United SC,Oxnard United SC,2025-11-29,13:00:00,A,2,4,L,Field 13,https://public.totalglobalsports.com/public/event/4066,2025-12-11T20:26:36.840795+00:00
tgs,2025-12-11T20:26:36.840795+00:00_ff270d,4066,37050,2015,Boys,111141,111141,MSA FC - MSA FC B2015-WHITE,MSA FC,118636,118636,Eagles SC Pre-ECNL B15 715,Eagles Soccer Club,2025-11-29,14:20:00,H,4,1,W,Field 15,https://public.totalglobalsports.com/public/event/4066,2025-12-11T20:26:36.840795+00:00
tgs,2025-12-11T20:26:36.840795+00:00_ff270d,4066,37050,2015,Boys,118636,118636,Eagles SC Pre-ECNL B15 715,Eagles Soccer Club,111141,111141,MSA FC - MSA FC B2015-WHITE,MSA FC,2025-11-29,14:20:00,A,1,4,L,Field 15,https://public.totalglobalsports.com/public/event/4066,2025-12-11T20:26:36.840795+00:00
tgs,2025-12-11T20:26:36.840795+00:00_ff270d,4066,37050,2015,Boys,87929,87929,Legends FC SCV - 2015 Boys Gold,Legends FC SCV,108497,108497,Santa Barbara SC - 2015 Blue,Santa Barbara SC,2025-11-29,14:20:00,H,7,1,W,Field 13,https://public.totalglobalsports.com/public/event/4066,2025-12-11T20:26:36.840795+00:00
tgs,2025-12-11T20:26:36.840795+00:00_ff270d,4066,37050,2015,Boys,108497,108497,Santa Barbara SC - 2015 Blue,Santa Barbara SC,87929,87929,Legends FC SCV - 2015 Boys Gold,Legends FC SCV,2025-11-29,14:20:00,A,1,7,L,Field 13,https://public.totalglobalsports.com/public/event/4066,2025-12-11T20:26:36.840795+00:00
tgs,2025-12-11T20:26:36.840795+00:00_ff270d,4066,37050,2015,Boys,125110,125110,Total Futbol Academy - TFA SCV 2015,Total Futbol Academy,113414,113414,La Esperanza - B2016,La Esperanza,2025-11-29,14:20:00,H,3,1,W,Field 14,https://public.totalglobalsports.com/public/event/4066,2025-12-11T20:26:36.840795+00:00
tgs,2025-12-11T20:26:36.840795+00:00_ff270d,4066,37050,2015,Boys,113414,113414,La Esperanza - B2016,La Esperanza,125110,125110,Total Futbol Academy - TFA SCV 2015,Total Futbol Academy,2025-11-29,14:20:00,A,1,3,L,Field 14,https://public.totalglobalsports.com/public/event/4066,2025-12-11T20:26:36.840795+00:00
tgs,2025-12-11T20:26:36.840795+00:00_ff270d,4066,37050,2015,Boys,118636,118636,Eagles SC Pre-ECNL B15 715,Eagles Soccer Club,118419,118419,LA Surf  - LA Surf SO B2015 - Black,LA Surf,2025-11-30,09:00:00,H,1,11,L,Field 13,https://public.totalglobalsports.com/public/event/4066,2025-12-11T20:26:36.840795+00:00
tgs,2025-12-11T20:26:36.840795+00:00_ff270d,4066,37050,2015,Boys,118419,118419,LA Surf  - LA Surf SO B2015 - Black,LA Surf,118636,118636,Eagles SC Pre-ECNL B15 715,Eagles Soccer Club,2025-11-30,09:00:00,A,11,1,W,Field 13,https://public.totalglobalsports.com/public/event/4066,2025-12-11T20:26:36.840795+00:00
tgs,2025-12-11T20:26:36.840795+00:00_ff270d,4066,37050,2015,Boys,111141,111141,MSA FC - MSA FC B2015-WHITE,MSA FC,76678,76678,Oxnard United SC - Oxnard United SC,Oxnard United SC,2025-11-30,09:00:00,H,1,2,L,Field 15,https://public.totalglobalsports.com/public/event/4066,2025-12-11T20:26:36.840795+00:00
tgs,2025-12-11T20:26:36.840795+00:00_ff270d,4066,37050,2015,Boys,76678,76678,Oxnard United SC - Oxnard United SC,Oxnard United SC,111141,111141,MSA FC - MSA FC B2015-WHITE,MSA FC,2025-11-30,09:00:00,A,2,1,W,Field 15,https://public.totalglobalsports.com/public/event/4066,2025-12-11T20:26:36.840795+00:00
tgs,2025-12-11T20:26:36.840795+00:00_ff270d,4066,37050,2015,Boys,108497,108497,Santa Barbara SC - 2015 Blue,Santa Barbara SC,113414,113414,La Esperanza - B2016,La Esperanza,2025-11-30,10:20:00,H,1,5,L,Field 11,https://public.totalglobalsports.com/public/event/4066,2025-12-11T20:26:36.840795+00:00
tgs,2025-12-11T20:26:36.840795+00:00_ff270d,4066,37050,2015,Boys,113414,113414,La Esperanza - B2016,La Esperanza,108497,108497,Santa Barbara SC - 2015 Blue,Santa Barbara SC,2025-11-30,10:20:00,A,5,1,W,Field 11,https://public.totalglobalsports.com/public/event/4066,2025-12-11T20:26:36.840795+00:00
tgs,2025-12-11T20:26:36.840795+00:00_ff270d,4066,37050,2015,Boys,87929,87929,Legends FC SCV - 2015 Boys Gold,Legends FC SCV,125110,125110,Total Futbol Academy - TFA SCV 2015,Total Futbol Academy,2025-11-30,10:20:00,H,2,2,D,Field 15,https://public.totalglobalsports.com/public/event/4066,2025-12-11T20:26:36.840795+00:00
tgs,2025-12-11T20:26:36.840795+00:00_ff270d,4066,37050,2015,Boys,125110,125110,Total Futbol Academy - TFA SCV 2015,Total Futbol Academy,87929,87929,Legends FC SCV - 2015 Boys Gold,Legends FC SCV,2025-11-30,10:20:00,A,2,2,D,Field 15,https://public.totalglobalsports.com/public/event/4066,2025-12-11T20:26:36.840795+00:00
tgs,2025-12-11T20:26:36.840795+00:00_ff270d,4066,37050,2015,Boys,76678,76678,Oxnard United SC - Oxnard United SC,Oxnard United SC,125110,125110,Total Futbol Academy - TFA SCV 2015,Total Futbol Academy,2025-11-30,13:00:00,H,3,1,W,Field 14,https://public.totalglobalsports.com/public/event/4066,2025-12-11T20:26:36.840795+00:00
tgs,2025-12-11T20:26:36.840795+00:00_ff270d,4066,37050,2015,Boys,125110,125110,Total Futbol Academy - TFA SCV 2015,Total Futbol Academy,76678,76678,Oxnard United SC - Oxnard United SC,Oxnard United SC,2025-11-30,13:00:00,A,1,3,L,Field 14,https://public.totalglobalsports.com/public/event/4066,2025-12-11T20:26:36.840795+00:00
tgs,2025-12-11T20:26:36.840795+00:00_ff270d,4066,37035,2016,Boys,81149,81149,Oxnard FC - Oxnard FC 2016,Oxnard FC,123086,123086,Los Angeles Football Club - LAFC BLACK,Los Angeles Football Club,2025-11-29,09:10:00,H,2,0,W,Field 7,https://public.totalglobalsports.com/public/event/4066,2025-12-11T20:26:36.840795+00:00
tgs,2025-12-11T20:26:36.840795+00:00_ff270d,4066,37035,2016,Boys,123086,123086,Los Angeles Football Club - LAFC BLACK,Los Angeles Football Club,81149,81149,Oxnard FC - Oxnard FC 2016,Oxnard FC,2025-11-29,09:10:00,A,0,2,L,Field 7,https://public.totalglobalsports.com/public/event/4066,2025-12-11T20:26:36.840795+00:00
tgs,2025-12-11T20:26:36.840795+00:00_ff270d,4066,37035,2016,Boys,104105,104105,Legends FC SCV - Legends FC SCV B16 FC,Legends FC SCV,105290,105290,Central Coast Surf - Central Coast Surf 2016 Blue,Central Coast Surf,2025-11-29,09:10:00,H,1,6,L,Field 8,https://public.totalglobalsports.com/public/event/4066,2025-12-11T20:26:36.840795+00:00
tgs,2025-12-11T20:26:36.840795+00:00_ff270d,4066,37035,2016,Boys,105290,105290,Central Coast Surf - Central Coast Surf 2016 Blue,Central Coast Surf,104105,104105,Legends FC SCV - Legends FC SCV B16 FC,Legends FC SCV,2025-11-29,09:10:00,A,6,1,W,Field 8,https://public.totalglobalsports.com/public/event/4066,2025-12-11T20:26:36.840795+00:00
tgs,2025-12-11T20:26:36.840795+00:00_ff270d,4066,37035,2016,Boys,105290,105290,Central Coast Surf - Central Coast Surf 2016 Blue,Central Coast Surf,81149,81149,Oxnard FC - Oxnard FC 2016,Oxnard FC,2025-11-29,11:30:00,H,1,2,L,Field 8,https://public.totalglobalsports.com/public/event/4066,2025-12-11T20:26:36.840795+00:00
tgs,2025-12-11T20:26:36.840795+00:00_ff270d,4066,37035,2016,Boys,81149,81149,Oxnard FC - Oxnard FC 2016,Oxnard FC,105290,105290,Central Coast Surf - Central Coast Surf 2016 Blue,Central Coast Surf,2025-11-29,11:30:00,A,2,1,W,Field 8,https://public.totalglobalsports.com/public/event/4066,2025-12-11T20:26:36.840795+00:00
tgs,2025-12-11T20:26:36.840795+00:00_ff270d,4066,37035,2016,Boys,104105,104105,Legends FC SCV - Legends FC SCV B16 FC,Legends FC SCV,123086,123086,Los Angeles Football Club - LAFC BLACK,Los Angeles Football Club,2025-11-29,11:30:00,H,6,4,W,Field 7,https://public.totalglobalsports.com/public/event/4066,2025-12-11T20:26:36.840795+00:00
tgs,2025-12-11T20:26:36.840795+00:00_ff270d,4066,37035,2016,Boys,123086,123086,Los Angeles Football Club - LAFC BLACK,Los Angeles Football Club,104105,104105,Legends FC SCV - Legends FC SCV B16 FC,Legends FC SCV,2025-11-29,11:30:00,A,4,6,L,Field 7,https://public.totalglobalsports.com/public/event/4066,2025-12-11T20:26:36.840795+00:00
tgs,2025-12-11T20:26:36.840795+00:00_ff270d,4066,37035,2016,Boys,81149,81149,Oxnard FC - Oxnard FC 2016,Oxnard FC,104105,104105,Legends FC SCV - Legends FC SCV B16 FC,Legends FC SCV,2025-11-30,09:10:00,H,3,1,W,Field 8,https://public.totalglobalsports.com/public/event/4066,2025-12-11T20:26:36.840795+00:00
tgs,2025-12-11T20:26:36.840795+00:00_ff270d,4066,37035,2016,Boys,104105,104105,Legends FC SCV - Legends FC SCV B16 FC,Legends FC SCV,81149,81149,Oxnard FC - Oxnard FC 2016,Oxnard FC,2025-11-30,09:10:00,A,1,3,L,Field 8,https://public.totalglobalsports.com/public/event/4066,2025-12-11T20:26:36.840795+00:00
tgs,2025-12-11T20:26:36.840795+00:00_ff270d,4066,37035,2016,Boys,105290,105290,Central Coast Surf - Central Coast Surf 2016 Blue,Central Coast Surf,123086,123086,Los Angeles Football Club - LAFC BLACK,Los Angeles Football Club,2025-11-30,09:10:00,H,2,0,W,Field 7,https://public.totalglobalsports.com/public/event/4066,2025-12-11T20:26:36.840795+00:00
tgs,2025-12-11T20:26:36.840795+00:00_ff270d,4066,37035,2016,Boys,123086,123086,Los Angeles Football Club - LAFC BLACK,Los Angeles Football Club,105290,105290,Central Coast Surf - Central Coast Surf 2016 Blue,Central Coast Surf,2025-11-30,09:10:00,A,0,2,L,Field 7,https://public.totalglobalsports.com/public/event/4066,2025-12-11T20:26:36.840795+00:00
tgs,2025-12-11T20:26:36.840795+00:00_ff270d,4066,37035,2016,Boys,81149,81149,Oxnard FC - Oxnard FC 2016,Oxnard FC,105290,105290,Central Coast Surf - Central Coast Surf 2016 Blue,Central Coast Surf,2025-11-30,11:30:00,H,7,2,W,Field 7,https://public.totalglobalsports.com/public/event/4066,2025-12-11T20:26:36.840795+00:00
tgs,2025-12-11T20:26:36.840795+00:00_ff270d,4066,37035,2016,Boys,105290,105290,Central Coast Surf - Central Coast Surf 2016 Blue,Central Coast Surf,81149,81149,Oxnard FC - Oxnard FC 2016,Oxnard FC,2025-11-30,11:30:00,A,2,7,L,Field 7,https://public.totalglobalsports.com/public/event/4066,2025-12-11T20:26:36.840795+00:00
tgs,2025-12-11T20:26:36.840795+00:00_ff270d,4066,37034,2017,Boys,105338,105338,Ventura Surf SC - B2017,Ventura Surf SC,105294,105294,cal south - Juniors Soccer Academy B2017,cal south,2025-11-29,09:10:00,H,0,4,L,Field 9,https://public.totalglobalsports.com/public/event/4066,2025-12-11T20:26:36.840795+00:00
tgs,2025-12-11T20:26:36.840795+00:00_ff270d,4066,37034,2017,Boys,105294,105294,cal south - Juniors Soccer Academy B2017,cal south,105338,105338,Ventura Surf SC - B2017,Ventura Surf SC,2025-11-29,09:10:00,A,4,0,W,Field 9,https://public.totalglobalsports.com/public/event/4066,2025-12-11T20:26:36.840795+00:00
tgs,2025-12-11T20:26:36.840795+00:00_ff270d,4066,37034,2017,Boys,106974,106974,Santa Barbara SC - Blue,Santa Barbara SC,122637,122637,AYSO United - United B2017 8U White,AYSO United,2025-11-29,09:10:00,H,5,2,W,Field 10,https://public.totalglobalsports.com/public/event/4066,2025-12-11T20:26:36.840795+00:00
tgs,2025-12-11T20:26:36.840795+00:00_ff270d,4066,37034,2017,Boys,122637,122637,AYSO United - United B2017 8U White,AYSO United,106974,106974,Santa Barbara SC - Blue,Santa Barbara SC,2025-11-29,09:10:00,A,2,5,L,Field 10,https://public.totalglobalsports.com/public/event/4066,2025-12-11T20:26:36.840795+00:00
tgs,2025-12-11T20:26:36.840795+00:00_ff270d,4066,37034,2017,Boys,114887,114887,Legends FC SCV - Legends FC SCV B17 Gold,Legends FC SCV,113108,113108,South Valley Surf - B2017 Black,South Valley Surf,2025-11-29,09:10:00,H,10,1,W,Field 16,https://public.totalglobalsports.com/public/event/4066,2025-12-11T20:26:36.840795+00:00
tgs,2025-12-11T20:26:36.840795+00:00_ff270d,4066,37034,2017,Boys,113108,113108,South Valley Surf - B2017 Black,South Valley Surf,114887,114887,Legends FC SCV - Legends FC SCV B17 Gold,Legends FC SCV,2025-11-29,09:10:00,A,1,10,L,Field 16,https://public.totalglobalsports.com/public/event/4066,2025-12-11T20:26:36.840795+00:00
tgs,2025-12-11T20:26:36.840795+00:00_ff270d,4066,37034,2017,Boys,105326,105326,Ventura Surf SC - B2017 White,Ventura Surf SC,106225,106225,Oxnard Wave FC - Oxnard Wave FC B2017,Oxnard Wave FC,2025-11-29,10:20:00,H,7,4,W,Field 16,https://public.totalglobalsports.com/public/event/4066,2025-12-11T20:26:36.840795+00:00
tgs,2025-12-11T20:26:36.840795+00:00_ff270d,4066,37034,2017,Boys,106225,106225,Oxnard Wave FC - Oxnard Wave FC B2017,Oxnard Wave FC,105326,105326,Ventura Surf SC - B2017 White,Ventura Surf SC,2025-11-29,10:20:00,A,4,7,L,Field 16,https://public.totalglobalsports.com/public/event/4066,2025-12-11T20:26:36.840795+00:00
tgs,2025-12-11T20:26:36.840795+00:00_ff270d,4066,37034,2017,Boys,122637,122637,AYSO United - United B2017 8U White,AYSO United,105338,105338,Ventura Surf SC - B2017,Ventura Surf SC,2025-11-29,12:40:00,H,2,16,L,Field 16,https://public.totalglobalsports.com/public/event/4066,2025-12-11T20:26:36.840795+00:00
tgs,2025-12-11T20:26:36.840795+00:00_ff270d,4066,37034,2017,Boys,105338,105338,Ventura Surf SC - B2017,Ventura Surf SC,122637,122637,AYSO United - United B2017 8U White,AYSO United,2025-11-29,12:40:00,A,16,2,W,Field 16,https://public.totalglobalsports.com/public/event/4066,2025-12-11T20:26:36.840795+00:00
tgs,2025-12-11T20:26:36.840795+00:00_ff270d,4066,37034,2017,Boys,105294,105294,cal south - Juniors Soccer Academy B2017,cal south,106974,106974,Santa Barbara SC - Blue,Santa Barbara SC,2025-11-29,12:40:00,H,13,1,W,Field 10,https://public.totalglobalsports.com/public/event/4066,2025-12-11T20:26:36.840795+00:00
tgs,2025-12-11T20:26:36.840795+00:00_ff270d,4066,37034,2017,Boys,106974,106974,Santa Barbara SC - Blue,Santa Barbara SC,105294,105294,cal south - Juniors Soccer Academy B2017,cal south,2025-11-29,12:40:00,A,1,13,L,Field 10,https://public.totalglobalsports.com/public/event/4066,2025-12-11T20:26:36.840795+00:00
tgs,2025-12-11T20:26:36.840795+00:00_ff270d,4066,37034,2017,Boys,106225,106225,Oxnard Wave FC - Oxnard Wave FC B2017,Oxnard Wave FC,114887,114887,Legends FC SCV - Legends FC SCV B17 Gold,Legends FC SCV,2025-11-29,12:40:00,H,0,6,L,Field 9,https://public.totalglobalsports.com/public/event/4066,2025-12-11T20:26:36.840795+00:00
tgs,2025-12-11T20:26:36.840795+00:00_ff270d,4066,37034,2017,Boys,114887,114887,Legends FC SCV - Legends FC SCV B17 Gold,Legends FC SCV,106225,106225,Oxnard Wave FC - Oxnard Wave FC B2017,Oxnard Wave FC,2025-11-29,12:40:00,A,6,0,W,Field 9,https://public.totalglobalsports.com/public/event/4066,2025-12-11T20:26:36.840795+00:00
tgs,2025-12-11T20:26:36.840795+00:00_ff270d,4066,37034,2017,Boys,113108,113108,South Valley Surf - B2017 Black,South Valley Surf,105326,105326,Ventura Surf SC - B2017 White,Ventura Surf SC,2025-11-29,13:50:00,H,2,1,W,Field 16,https://public.totalglobalsports.com/public/event/4066,2025-12-11T20:26:36.840795+00:00
tgs,2025-12-11T20:26:36.840795+00:00_ff270d,4066,37034,2017,Boys,105326,105326,Ventura Surf SC - B2017 White,Ventura Surf SC,113108,113108,South Valley Surf - B2017 Black,South Valley Surf,2025-11-29,13:50:00,A,1,2,L,Field 16,https://public.totalglobalsports.com/public/event/4066,2025-12-11T20:26:36.840795+00:00
tgs,2025-12-11T20:26:36.840795+00:00_ff270d,4066,37034,2017,Boys,105338,105338,Ventura Surf SC - B2017,Ventura Surf SC,106974,106974,Santa Barbara SC - Blue,Santa Barbara SC,2025-11-30,09:10:00,H,8,0,W,Field 9,https://public.totalglobalsports.com/public/event/4066,2025-12-11T20:26:36.840795+00:00
tgs,2025-12-11T20:26:36.840795+00:00_ff270d,4066,37034,2017,Boys,106974,106974,Santa Barbara SC - Blue,Santa Barbara SC,105338,105338,Ventura Surf SC - B2017,Ventura Surf SC,2025-11-30,09:10:00,A,0,8,L,Field 9,https://public.totalglobalsports.com/public/event/4066,2025-12-11T20:26:36.840795+00:00
tgs,2025-12-11T20:26:36.840795+00:00_ff270d,4066,37034,2017,Boys,122637,122637,AYSO United - United B2017 8U White,AYSO United,105294,105294,cal south - Juniors Soccer Academy B2017,cal south,2025-11-30,09:10:00,H,1,14,L,Field 10,https://public.totalglobalsports.com/public/event/4066,2025-12-11T20:26:36.840795+00:00
tgs,2025-12-11T20:26:36.840795+00:00_ff270d,4066,37034,2017,Boys,105294,105294,cal south - Juniors Soccer Academy B2017,cal south,122637,122637,AYSO United - United B2017 8U White,AYSO United,2025-11-30,09:10:00,A,14,1,W,Field 10,https://public.totalglobalsports.com/public/event/4066,2025-12-11T20:26:36.840795+00:00
tgs,2025-12-11T20:26:36.840795+00:00_ff270d,4066,37034,2017,Boys,106225,106225,Oxnard Wave FC - Oxnard Wave FC B2017,Oxnard Wave FC,113108,113108,South Valley Surf - B2017 Black,South Valley Surf,2025-11-30,09:10:00,H,4,2,W,Field 16,https://public.totalglobalsports.com/public/event/4066,2025-12-11T20:26:36.840795+00:00
tgs,2025-12-11T20:26:36.840795+00:00_ff270d,4066,37034,2017,Boys,113108,113108,South Valley Surf - B2017 Black,South Valley Surf,106225,106225,Oxnard Wave FC - Oxnard Wave FC B2017,Oxnard Wave FC,2025-11-30,09:10:00,A,2,4,L,Field 16,https://public.totalglobalsports.com/public/event/4066,2025-12-11T20:26:36.840795+00:00
tgs,2025-12-11T20:26:36.840795+00:00_ff270d,4066,37034,2017,Boys,114887,114887,Legends FC SCV - Legends FC SCV B17 Gold,Legends FC SCV,105326,105326,Ventura Surf SC - B2017 White,Ventura Surf SC,2025-11-30,10:20:00,H,4,2,W,Field 16,https://public.totalglobalsports.com/public/event/4066,2025-12-11T20:26:36.840795+00:00
tgs,2025-12-11T20:26:36.840795+00:00_ff270d,4066,37034,2017,Boys,105326,105326,Ventura Surf SC - B2017 White,Ventura Surf SC,114887,114887,Legends FC SCV - Legends FC SCV B17 Gold,Legends FC SCV,2025-11-30,10:20:00,A,2,4,L,Field 16,https://public.totalglobalsports.com/public/event/4066,2025-12-11T20:26:36.840795+00:00
tgs,2025-12-11T20:26:36.840795+00:00_ff270d,4066,37034,2017,Boys,105294,105294,cal south - Juniors Soccer Academy B2017,cal south,114887,114887,Legends FC SCV - Legends FC SCV B17 Gold,Legends FC SCV,2025-11-30,12:40:00,H,3,2,W,Field 7,https://public.totalglobalsports.com/public/event/4066,2025-12-11T20:26:36.840795+00:00
tgs,2025-12-11T20:26:36.840795+00:00_ff270d,4066,37034,2017,Boys,114887,114887,Legends FC SCV - Legends FC SCV B17 Gold,Legends FC SCV,105294,105294,cal south - Juniors Soccer Academy B2017,cal south,2025-11-30,12:40:00,A,2,3,L,Field 7,https://public.totalglobalsports.com/public/event/4066,2025-12-11T20:26:36.840795+00:00
tgs,2025-12-11T20:26:36.840795+00:00_ff270d,4066,37046,2018,Boys,123255,123255,Oxnard United SC - Oxnard United SC,Oxnard United SC,106301,106301,Santa Barbara SC - Santa Barbara SC B2018 White,Santa Barbara SC,2025-11-29,10:20:00,H,2,7,L,Field 7,https://public.totalglobalsports.com/public/event/4066,2025-12-11T20:26:36.840795+00:00
tgs,2025-12-11T20:26:36.840795+00:00_ff270d,4066,37046,2018,Boys,106301,106301,Santa Barbara SC - Santa Barbara SC B2018 White,Santa Barbara SC,123255,123255,Oxnard United SC - Oxnard United SC,Oxnard United SC,2025-11-29,10:20:00,A,7,2,W,Field 7,https://public.totalglobalsports.com/public/event/4066,2025-12-11T20:26:36.840795+00:00
tgs,2025-12-11T20:26:36.840795+00:00_ff270d,4066,37046,2018,Boys,122702,122702,No Club Selection - Santa Maria Football Club,No Club Selection,124992,124992,No Club Selection - Cantera Soccer Academy,No Club Selection,2025-11-29,10:20:00,H,2,9,L,Field 8,https://public.totalglobalsports.com/public/event/4066,2025-12-11T20:26:36.840795+00:00
tgs,2025-12-11T20:26:36.840795+00:00_ff270d,4066,37046,2018,Boys,124992,124992,No Club Selection - Cantera Soccer Academy,No Club Selection,122702,122702,No Club Selection - Santa Maria Football Club,No Club Selection,2025-11-29,10:20:00,A,9,2,W,Field 8,https://public.totalglobalsports.com/public/event/4066,2025-12-11T20:26:36.840795+00:00
tgs,2025-12-11T20:26:36.840795+00:00_ff270d,4066,37046,2018,Boys,106301,106301,Santa Barbara SC - Santa Barbara SC B2018 White,Santa Barbara SC,124992,124992,No Club Selection - Cantera Soccer Academy,No Club Selection,2025-11-29,12:40:00,H,4,4,D,Field 8,https://public.totalglobalsports.com/public/event/4066,2025-12-11T20:26:36.840795+00:00
tgs,2025-12-11T20:26:36.840795+00:00_ff270d,4066,37046,2018,Boys,124992,124992,No Club Selection - Cantera Soccer Academy,No Club Selection,106301,106301,Santa Barbara SC - Santa Barbara SC B2018 White,Santa Barbara SC,2025-11-29,12:40:00,A,4,4,D,Field 8,https://public.totalglobalsports.com/public/event/4066,2025-12-11T20:26:36.840795+00:00
tgs,2025-12-11T20:26:36.840795+00:00_ff270d,4066,37046,2018,Boys,122702,122702,No Club Selection - Santa Maria Football Club,No Club Selection,123255,123255,Oxnard United SC - Oxnard United SC,Oxnard United SC,2025-11-29,13:50:00,H,3,3,D,Field 10,https://public.totalglobalsports.com/public/event/4066,2025-12-11T20:26:36.840795+00:00
tgs,2025-12-11T20:26:36.840795+00:00_ff270d,4066,37046,2018,Boys,123255,123255,Oxnard United SC - Oxnard United SC,Oxnard United SC,122702,122702,No Club Selection - Santa Maria Football Club,No Club Selection,2025-11-29,13:50:00,A,3,3,D,Field 10,https://public.totalglobalsports.com/public/event/4066,2025-12-11T20:26:36.840795+00:00
tgs,2025-12-11T20:26:36.840795+00:00_ff270d,4066,37046,2018,Boys,106301,106301,Santa Barbara SC - Santa Barbara SC B2018 White,Santa Barbara SC,122702,122702,No Club Selection - Santa Maria Football Club,No Club Selection,2025-11-30,10:20:00,H,4,2,W,Field 10,https://public.totalglobalsports.com/public/event/4066,2025-12-11T20:26:36.840795+00:00
tgs,2025-12-11T20:26:36.840795+00:00_ff270d,4066,37046,2018,Boys,122702,122702,No Club Selection - Santa Maria Football Club,No Club Selection,106301,106301,Santa Barbara SC - Santa Barbara SC B2018 White,Santa Barbara SC,2025-11-30,10:20:00,A,2,4,L,Field 10,https://public.totalglobalsports.com/public/event/4066,2025-12-11T20:26:36.840795+00:00
tgs,2025-12-11T20:26:36.840795+00:00_ff270d,4066,37046,2018,Boys,123255,123255,Oxnard United SC - Oxnard United SC,Oxnard United SC,124992,124992,No Club Selection - Cantera Soccer Academy,No Club Selection,2025-11-30,10:20:00,H,0,2,L,Field 9,https://public.totalglobalsports.com/public/event/4066,2025-12-11T20:26:36.840795+00:00
tgs,2025-12-11T20:26:36.840795+00:00_ff270d,4066,37046,2018,Boys,124992,124992,No Club Selection - Cantera Soccer Academy,No Club Selection,123255,123255,Oxnard United SC - Oxnard United SC,Oxnard United SC,2025-11-30,10:20:00,A,2,0,W,Field 9,https://public.totalglobalsports.com/public/event/4066,2025-12-11T20:26:36.840795+00:00
tgs,2025-12-11T20:26:36.840795+00:00_ff270d,4066,37046,2018,Boys,124992,124992,No Club Selection - Cantera Soccer Academy,No Club Selection,106301,106301,Santa Barbara SC - Santa Barbara SC B2018 White,Santa Barbara SC,2025-11-30,13:50:00,H,1,4,L,Field 7,https://public.totalglobalsports.com/public/event/4066,2025-12-11T20:26:36.840795+00:00
tgs,2025-12-11T20:26:36.840795+00:00_ff270d,4066,37046,2018,Boys,106301,106301,Santa Barbara SC - Santa Barbara SC B2018 White,Santa Barbara SC,124992,124992,No Club Selection - Cantera Soccer Academy,No Club Selection,2025-11-30,13:50:00,A,4,1,W,Field 7,https://public.totalglobalsports.com/public/event/4066,2025-12-11T20:26:36.840795+00:00
