team_id_master,team_name,club_name,age_group,gender,notes
a085db20-d709-4d0f-b396-2eed493e1048,CF Montreal U16,CF Montreal,u16,Male,Club not found in database or club has no state_code
26569307-ea9e-4c1b-a644-5c76345d5f0d,Toronto FC U16,Toronto FC,u16,Male,Club not found in database or club has no state_code
3498dd71-a8d2-4150-b448-9907c945d871,Blau Weiss Gottschee U16,Blau Weiss Gottschee,u16,Male,Club not found in database or club has no state_code
9700f701-9eb0-44e1-b411-f28b3681e176,VfB Stuttgart,VfB Stuttgart,u16,Male,Club not found in database or club has no state_code
1581655e-1ce7-4fa0-9d9a-19dfd6ca1911,Deportivo Toluca F.C.,Deportivo Toluca F.C.,u16,Male,Club not found in database or club has no state_code
bc2fdc7a-87b1-427d-b419-25d9bea77271,Ulsan HD FC,Ulsan HD FC,u16,Male,Club not found in database or club has no state_code
d51d5d04-8071-486d-8a59-f2287405ab9e,FC Bayern Munich,FC Bayern Munich,u16,Male,Club not found in database or club has no state_code
cc80f78e-094f-4fc6-b590-81ecbd93b085,FC Tokyo,FC Tokyo,u16,Male,Club not found in database or club has no state_code
cb3df62c-5774-404e-8eaf-30c377c81a23,Toulouse FC,Toulouse FC,u16,Male,Club not found in database or club has no state_code
2cfcab11-0ff9-4296-b551-96ff74cf049b,PSV Eindhoven,PSV Eindhoven,u16,Male,Club not found in database or club has no state_code
755223b1-5c3e-4811-8b2d-ede087e9beaa,KRC Genk,KRC Genk,u16,Male,Club not found in database or club has no state_code
720cb472-ce7a-4e69-a8f8-e34e31bd3cb0,Club América,Club América,u16,Male,Club not found in database or club has no state_code
f0bca1e1-fc6e-4212-bf5e-de707d233b2e,G2012 Black,Unico FC,u14,Female,Club not found in database or club has no state_code
5ede0d8a-cc76-4337-992f-3df8a10f3594,Channel Islands G2015,AYSO United,u11,Female,Club not found in database or club has no state_code
66ce9b74-baaa-4a22-8edd-d48e8561e47e,Eagles Girls 2016 White,Eagles Soccer Club,u10,Female,Club not found in database or club has no state_code
450b65a9-1d8b-4442-b637-825800e97cf4,SoCal Pride B2012 Chacon,So Cal Pride FC,u14,Male,Club not found in database or club has no state_code
298d639c-6326-4ff1-b905-9735e0a0711a,Conejo Valley 2013 Blue,AYSO United,u13,Male,Club not found in database or club has no state_code
50e15be4-f853-4347-a6b7-88f22a665b85,Eagles SC Pre-ECNL B15 715,Eagles Soccer Club,u11,Male,Club not found in database or club has no state_code
c6b29db6-65d7-41c6-8556-51ae2db9646a,United B2017 8U White,AYSO United,u9,Male,Club not found in database or club has no state_code
cd4f7377-d868-4424-8ce1-1112cfb2301f,Eagles SC ECNL RL G13,Eagles Soccer Club,u13,Female,Club not found in database or club has no state_code
b31e6bb7-e704-40cc-b0e8-090beefae3f4,Eagles SC G2015,Eagles Soccer Club,u12,Female,Club not found in database or club has no state_code
1c76a452-21e9-478f-8d12-1740a2fd8acf,LAUFC G2015,Los Angeles United Football Club,u11,Female,Club not found in database or club has no state_code
a046a749-3a54-4d59-ab95-498a28e8f97a,PSG,No Club Selection,u14,Male,Club not found in database or club has no state_code
b5ca0bae-e767-48b1-9925-4b6ee0eaa704,2015 Boys Legends FC,Legends FC SCV,u11,Male,Club not found in database or club has no state_code
60234fc8-1a5e-4a54-b37b-6e22c813e1b0,Eagles SC ECNL G13,Eagles Soccer Club,u14,Female,Club not found in database or club has no state_code
55e76069-ca29-4bc1-9020-022a9451d1bb,SoCal Pride FC G2012,So Cal Pride FC,u14,Female,Club not found in database or club has no state_code
877f5568-b9ea-40f4-a1a2-14a47045e4b4,United Conejo Valley,AYSO United,u13,Female,Club not found in database or club has no state_code
d75cd425-3680-47d0-8356-018b1ae711f4,CCU South B12 White,Central Coast United SC,u14,Male,Club not found in database or club has no state_code
790e8fc6-6fb5-42ba-9565-ed681c225ea5,2015 Boys Gold,Legends FC SCV,u11,Male,Club not found in database or club has no state_code
7ebb54f5-bb01-422a-aba3-6f0250f5e5a4,Juniors Soccer Academy B2017,cal south,u9,Male,Club not found in database or club has no state_code
d72e48b2-0275-49e4-9dfc-19a1000903c5,IKONIK,NP Elite FC,u14,Female,Club not found in database or club has no state_code
b5ea0069-fa7d-4379-8f5d-823eda182ae5,United SoCal AV G2014,AYSO United,u12,Female,Club not found in database or club has no state_code
ed4d5412-4266-43f2-980d-661fffaa7cf8,Crusaders FC G15,Crusaders Futbol Club,u11,Female,Club not found in database or club has no state_code
c7c0cadf-f540-4bad-908f-b691484d5590,Eagles- G2017,Eagles Soccer Club,u10,Female,Club not found in database or club has no state_code
9da591ac-1e0c-4c83-87c6-5dd14f9d5056,Socal Pride B2014 Flight 1,So Cal Pride FC,u13,Male,Club not found in database or club has no state_code
e28a2958-b8d9-43fe-bac5-fa16fe15b499,TFA-VC G2012,Total Futbol Academy-VC,u14,Female,Club not found in database or club has no state_code
88644632-baa5-44d0-a64e-6a9f7575d6a3,2014 Eagles White,Eagles Soccer Club,u12,Female,Club not found in database or club has no state_code
7c53195a-1d46-479c-817c-fc8c4b3e944d,Oxnard Eagles,No Club Selection,u11,Female,Club not found in database or club has no state_code
c0b25df1-1c51-4e70-aa95-0b9b210e3e2e,So Cal Pride FC B2012,So Cal Pride FC,u14,Male,Club not found in database or club has no state_code
cfa3a665-7fc8-4b1e-b478-50b5b1b16497,B2016,La Esperanza,u11,Male,Club not found in database or club has no state_code
5c90913c-21aa-44e1-b8f0-13be11cf71e1,G2014,Eagles Soccer Club,u13,Female,Club not found in database or club has no state_code
ce058714-f519-446b-acb9-75c7d30a7eac,G15 FC,Legends FC SCV,u12,Female,Club not found in database or club has no state_code
d1dafb1e-0522-494b-aee4-22ba6e048caf,G2016,Eagles Soccer Club,u11,Female,Club not found in database or club has no state_code
7bb366b6-6fde-4fe3-a24e-e4768323566c,Legends FC SCV G16,Legends FC SCV,u10,Female,Club not found in database or club has no state_code
8213385d-4f6c-40b0-b0f6-2f4fe681041c,Eagles SC Pre ECNL 2015 915,Eagles Soccer Club,u11,Male,Club not found in database or club has no state_code
3668143b-4481-4224-883a-1d08572575f9,Legends FC SCV B16 FC,Legends FC SCV,u10,Male,Club not found in database or club has no state_code
ed06a045-5113-4961-b5ec-8c83d742e2b1,Legends FC SCV B17 Gold,Legends FC SCV,u9,Male,Club not found in database or club has no state_code
52e14b94-ea8c-47b2-a305-6b5b4285d38b,ECNL G13,Slammers FC HB Koge,u14,Female,Club not found in database or club has no state_code
01536ac0-a067-4fcc-aa49-7e48f0ef2f92,G2014,Legends FC,u13,Female,Club not found in database or club has no state_code
cec8ed38-80a0-407d-b273-81fc4e0975b2,Gold 2014,Legends FC,u13,Female,Club not found in database or club has no state_code
aae6e74b-d413-42d8-9481-830e80f1b141,Beach 2015G South Bay Souza,Beach FC  (CA),u12,Female,Club not found in database or club has no state_code
497d2a31-e1e7-4489-99b6-83e4c887a0e6,Pre-ECNL G15,Slammers FC HB Koge,u11,Female,Club not found in database or club has no state_code
f5767c42-fd92-4fe1-a3b1-f7c334a7936f,SB G2015 Ortega,Beach FC  (CA),u11,Female,Club not found in database or club has no state_code
af67b39e-4921-4206-9bbd-1a7a5cbeb978,Beach FC (CA) G14 Pre-ECNL,Beach FC  (CA),u13,Female,Club not found in database or club has no state_code
714614a9-ec98-4392-aeff-ae6a26f2526c,Legends OC G16 Tustin,Legends FC OC,u10,Female,Club not found in database or club has no state_code
8fb4dacf-16f6-4cc3-b292-016f8f46d6e3,No Club Selection - FUTECA 2025 MISA B2015,Futeca FC,u11,Male,Club not found in database or club has no state_code
3f6854ff-5337-436c-91c9-0c9e5ae407e1,Orozco G12,Titans FC (CA),u14,Female,Club not found in database or club has no state_code
73bda279-1502-4b92-860c-85b8ff7c9653,No Club Selection - NW Elite 2012 Girls,Northwest Elite,u14,Female,Club not found in database or club has no state_code
58cc63dc-ab05-43fb-8cc0-fdc393c5718e,No Club Selection - NW ELITE 2013 Girls,Northwest Elite,u13,Female,Club not found in database or club has no state_code
3f0f674f-f2ca-4d24-a8db-349db3991382,Albion SC San Diego - Albion SCSan Diego G15 Pre-G,ALBION SC,u11,Female,Club not found in database or club has no state_code
a616cc0c-a6b8-423a-a56f-b23065d4c4f7,Beach FC (CA) SB G2017 Torres,Beach FC  (CA),u9,Female,Club not found in database or club has no state_code
2decb55c-e5fb-43d1-bdb2-51d0e85a8875,No Club Selection - NW ELITE 2013 Boys,Northwest Elite,u13,Male,Club not found in database or club has no state_code
c57299a3-79b4-46a3-a3d3-da8fda0f4493,SD Surf Central Academy Boys 2014 (Holohan),SD Central Surf,u12,Male,Club not found in database or club has no state_code
49568fcd-b6ab-40c2-bcec-0e1754e48e74,AFA B2016,No Club Selection,u10,Male,Club not found in database or club has no state_code
60d93f35-da5c-491e-941e-8a01861d4584,2015 Elite Crowley,CDA Slammers FC HB,u11,Female,Club not found in database or club has no state_code
950113a3-735a-450b-a580-80a85fc26cd0,CDA Slammers FC - Huntington Beach - 2017 Elite,CDA Slammers FC HB,u9,Female,Club not found in database or club has no state_code
7c5811df-8338-479b-8f5f-2e3cceae7b97,B2015 PDA Pre-NPL,Anaheim FC,u11,Male,Club not found in database or club has no state_code
75f39f6c-7317-47f8-b694-cbd10455dde2,No Club Selection - FUTECA 2025 EDSON B2016,Futeca FC,u10,Male,Club not found in database or club has no state_code
f60515e6-5e02-41fb-944b-878974919c07,Pre-ECNL G14,Slammers FC HB Koge,u13,Female,Club not found in database or club has no state_code
51dfaa17-1390-4680-9d8b-d7a70817bb1f,Beach FC (CA) - 2014 W. Lopez,Beach FC  (CA),u13,Female,Club not found in database or club has no state_code
d5eb33c1-be60-4269-b801-2ca617089ee7,Arizona Arsenal Pre-ECNL G14,AZ Arsenal,u13,Female,Club not found in database or club has no state_code
e8c25cec-4a06-4e9a-bc09-c8916b902f07,La FabricaGT,No Club Selection,u14,Male,Club not found in database or club has no state_code
750b16e0-103c-4c5b-88b8-6e5faecdb78a,G14 Larsen,CDA Slammers FC HB,u13,Female,Club not found in database or club has no state_code
2556f7f3-de6a-41c1-aefd-985d7095a3e2,HB G14 O'Brien,CDA Slammers FC HB,u12,Female,Club not found in database or club has no state_code
f2d849d3-473d-4758-a01a-802647063d05,Arsenal Pre-ECNL RL G14,Arizona Arsenal,u12,Female,Club not found in database or club has no state_code
c9456a46-95d1-4960-a990-50819810a586,B13 Black NL,Oceanside Breakers,u13,Male,Club not found in database or club has no state_code
0b488fc4-67e6-4813-972e-2435cf43523e,No Club Selection - FUTECA 2025 BRAULIO B2015,Futeca FC,u11,Male,Club not found in database or club has no state_code
30859c72-1074-45d4-abb6-3f80bdc706da,Test Team,Test Club,u13,Male,Club not found in database or club has no state_code
050c59c3-07e9-497d-8796-b8e96a9ac3c0,SB G2013 Ortega,Beach FC  (CA),u13,Female,Club not found in database or club has no state_code
4cfc12a4-11eb-424f-906c-872f925760c8,Beach FC (CA) - G2016 SB W. Lopez,Beach FC  (CA),u11,Female,Club not found in database or club has no state_code
d3ae5ff5-146b-418e-9ac6-044b12e254b3,ECNL RL B13,FC United Iowa,u13,Male,Club not found in database or club has no state_code
9428673b-5f12-4fed-9777-f7d2042216e3,Red ECNL RL B13,Union KC,u13,Male,Club not found in database or club has no state_code
9503a191-1b7b-4505-87fe-9c2db5ac00ce,ECNL RL B08/07,Tupelo FC,u18,Male,Club not found in database or club has no state_code
94e8eced-2cfc-4810-8d1a-1f02524ff50e,ECNL RL B08/07,Chattanooga Red Wolves SC,u18,Male,Club not found in database or club has no state_code
091752fc-11fc-4b6f-a061-11497164dbed,ECNL RL B08/07,FC Alliance,u18,Male,Club not found in database or club has no state_code
15b6f17e-97bf-47d4-aa79-ade4a37f360d,ECNL RL B10,Germantown Legends,u16,Male,Club not found in database or club has no state_code
b976e5c7-4ca6-43f2-8937-8f81ab6ff1bd,ECNL RL B12,Lobos Rush,u14,Male,Club not found in database or club has no state_code
ec30f02d-3ba1-48e8-b6cf-e48f00f2fcc7,ECNL RL B13,Tupelo FC,u13,Male,Club not found in database or club has no state_code
fb4f00b7-8cfd-451b-bc5c-f7ba58fc10cb,ECNL RL B13,Chattanooga Red Wolves SC,u13,Male,Club not found in database or club has no state_code
3df82670-cfc1-4b65-801c-cd03d2513f30,Rockford Raptors ECNL RL B12,Rockford Raptors FC,u14,Male,Club not found in database or club has no state_code
ff8806f0-5989-49f8-8acd-cd0f9b2790ca,ECNL RL B08/07,LA Krewe Rush,u18,Male,Club not found in database or club has no state_code
0b1b243f-e114-4952-b8ea-d2c63c2cf22a,ECNL RL B08/07,Hattiesburg FC,u18,Male,Club not found in database or club has no state_code
2a24aeed-c75d-4e9c-b6c6-c571d8e1cb21,ECNL RL B10,Hattiesburg FC,u16,Male,Club not found in database or club has no state_code
792435a8-cf5a-4fa7-a38f-7b18ad652be4,ECNL RL B13,Coastal Rush,u13,Male,Club not found in database or club has no state_code
d24164d2-84b7-45bf-ae9c-0c34ccc0bd9f,Arizona Arsenal ECNL RL B08/07,AZ Arsenal,u18,Male,Club not found in database or club has no state_code
ce4b5237-3f6a-4ff4-b4b2-f36490d3f9a8,El Paso Locomotive ECNL RL B08/07,El Paso Locomotive Youth Soccer Club,u18,Male,Club not found in database or club has no state_code
3e91a6b5-914a-439f-8188-e8e98dd2bbce,El Paso Locomotive ECNL RL B09,El Paso Locomotive Youth Soccer Club,u17,Male,Club not found in database or club has no state_code
221e8244-d710-428d-ae49-637f2025bb64,ECNL RL B09,Hattiesburg FC,u17,Male,Club not found in database or club has no state_code
a73e7b71-4edf-4119-85f0-0588438b8554,ECNL RL B12,Coastal Rush,u14,Male,Club not found in database or club has no state_code
66b16b07-7a39-4635-b0ba-72ff2f6a82e6,MSC Lakers ECNL RL B13,Mandeville Soccer Club,u13,Male,Club not found in database or club has no state_code
3dd3d617-0b75-42d5-8c0a-d76111129843,ECNL RL B09,Sporting Iowa,u17,Male,Club not found in database or club has no state_code
62cacac3-82cf-4612-b7d9-b60d28dd6615,United ECNL RL B08/07,Mississippi Rush,u18,Male,Club not found in database or club has no state_code
1c54be57-63e6-4396-bc04-5230749f42b3,United ECNL RL B13,Mississippi Rush,u13,Male,Club not found in database or club has no state_code
afc2675d-fa63-4176-a234-2a3c94f727e5,ECNL RL B12,St Croix Soccer Club,u14,Male,Club not found in database or club has no state_code
507f2cfc-dc68-4b3f-aaaf-b65676e949d3,ECNL RL B12,Hattiesburg FC,u14,Male,Club not found in database or club has no state_code
c67633be-d0bc-40bc-8f66-a63c0334324e,MSC Lakers ECNL RL B12,Mandeville Soccer Club,u14,Male,Club not found in database or club has no state_code
80cf668c-85e1-420e-9e24-f8dcabfa149c,ECNL RL B08/07,FC United Iowa,u18,Male,Club not found in database or club has no state_code
3d3b0833-6284-4125-9509-fcfd04e5dd41,ECNL RL B10,Sporting Iowa,u16,Male,Club not found in database or club has no state_code
d4d13875-fce9-4976-b9c8-bd8028bfd8bc,ECNL RL B11,Gretna Elite Academy,u15,Male,Club not found in database or club has no state_code
8dbe2c0c-97d0-41b9-887c-bfe691ec5bab,ECNL RL B11,Sporting Iowa,u15,Male,Club not found in database or club has no state_code
fe84c7d1-a11c-472b-8bbb-5dc4d6251051,ECNL RL B12,Sporting Iowa,u14,Male,Club not found in database or club has no state_code
42311bf0-ea00-42aa-8c14-8d05c5a8e0b6,Sporting Nebraska FC ECNL RL B13,Sporting Nebraska Football Club,u13,Male,Club not found in database or club has no state_code
e6983f36-5b30-48de-aeda-83c8c068b999,ECNL RL B08/07,Germantown Legends,u18,Male,Club not found in database or club has no state_code
d534a793-c38c-405c-8308-0594c01ae4ee,MSC Lakers ECNL RL B08/07,Mandeville Soccer Club,u18,Male,Club not found in database or club has no state_code
9ec01e30-298b-4dd0-a5e9-ddcc1d62f057,MSC Lakers ECNL RL B10,Mandeville Soccer Club,u16,Male,Club not found in database or club has no state_code
f4f6f671-7eb0-4ee7-a5cc-611298152e3b,United ECNL RL B10,Mississippi Rush,u16,Male,Club not found in database or club has no state_code
a3bcc09c-bbae-45b9-9d61-02321ca1ce1c,ECNL RL B10,FC Alliance,u16,Male,Club not found in database or club has no state_code
9f7cbd90-4780-4505-b39f-3be0baff8c7b,ECNL RL B12,Tupelo FC,u14,Male,Club not found in database or club has no state_code
7fb5c57a-9c64-4162-a564-10bede9071b2,ECNL RL B08/07,Coastal Rush,u18,Male,Club not found in database or club has no state_code
43a2b722-195c-4c91-9e2a-34ff976deff5,ECNL RL B09,Coastal Rush,u17,Male,Club not found in database or club has no state_code
e25cbc82-67fa-4daf-9e42-e81462513b6f,MSC Lakers  ECNL RL B09,Mandeville Soccer Club,u17,Male,Club not found in database or club has no state_code
687459d8-8055-40ab-bbb6-3eafd7d591bd,Sporting Nebraska FC ECNL RL B08/07,Sporting Nebraska Football Club,u18,Male,Club not found in database or club has no state_code
f8e431b5-7119-43fc-96e7-dd0be6b5f211,ECNL RL B10,Gretna Elite Academy,u16,Male,Club not found in database or club has no state_code
f3104b39-abb3-40df-b7db-bc21d22b4d4c,Sporting Nebraska FC ECNL RL B11,Sporting Nebraska Football Club,u15,Male,Club not found in database or club has no state_code
93c751c5-a34f-4c3a-93a5-f5463c5e63ff,ECNL RL B12,Gretna Elite Academy,u14,Male,Club not found in database or club has no state_code
e9ea3d93-60bc-4cb1-b330-d1342c31a265,ECNL RL B09,Germantown Legends,u17,Male,Club not found in database or club has no state_code
53fa44b1-9591-4fe4-9475-c755acb34c95,ECNL RL B11,Lobos Rush,u15,Male,Club not found in database or club has no state_code
41a5784c-8a05-42f8-a016-bddbffd31a3b,ECNL RL B13,Indiana Elite FC,u13,Male,Club not found in database or club has no state_code
1b7ede65-9e8b-49f8-89e2-f46d4268284b,ECNL RL B13,Chicago Inter Soccer,u13,Male,Club not found in database or club has no state_code
22c33451-16f6-4dd2-8f49-f1be04a844ca,ECNL RL B13,Scorpions SC,u13,Male,Club not found in database or club has no state_code
d8f11760-04e9-4a74-a682-67f91d775a8a,ECNL RL B09,LA Krewe Rush,u17,Male,Club not found in database or club has no state_code
dcb6bd18-6e05-4ae4-943d-424b0f6d983f,ECNL RL B10,LA Krewe Rush,u16,Male,Club not found in database or club has no state_code
a80888e5-e245-4470-b0fa-33bdbe0bc334,ECNL RL B11,LA Krewe Rush,u15,Male,Club not found in database or club has no state_code
a848bda0-197f-44da-b8e5-65604ee5afad,ECNL RL B13,LA Krewe Rush,u13,Male,Club not found in database or club has no state_code
d78fea11-97cb-41ba-a91a-a743c347dc91,ECNL RL B13,Hattiesburg FC,u13,Male,Club not found in database or club has no state_code
67420d6d-de67-468c-a9d5-0743a251a175,ECNL RL B09,FC United Iowa,u17,Male,Club not found in database or club has no state_code
3c8cf2a8-f84f-40bb-bc49-d8b1b4f7cace,ECNL RL B10,FC United Iowa,u16,Male,Club not found in database or club has no state_code
37fd432c-5ffd-46c2-8789-eb2590da805b,ECNL RL B11,Germantown Legends,u15,Male,Club not found in database or club has no state_code
a754f7c5-4ac7-4d9d-9702-fbf8507e825d,ECNL RL B11,FC United Iowa,u15,Male,Club not found in database or club has no state_code
45834ef0-8f05-48f3-a36d-e09f36fa6c7b,Sporting Nebraska FC ECNL RL B12,Sporting Nebraska Football Club,u14,Male,Club not found in database or club has no state_code
57e75ee7-20c5-4644-b8c3-42afb22f911f,ECNL RL B12,Kansas City Athletics,u14,Male,Club not found in database or club has no state_code
7a2026e9-d729-4838-af39-2745fbd7fbbb,ECNL RL B13,Sporting Iowa,u13,Male,Club not found in database or club has no state_code
43129435-60c7-4a3b-aced-7db429f0cf76,Navy ECNL RL B13,Union KC,u13,Male,Club not found in database or club has no state_code
c81586c4-956b-4bb7-8546-e4c6712dd21a,ECNL RL B09,Lobos Rush,u17,Male,Club not found in database or club has no state_code
20dff1af-21ae-434c-86ad-394767bab86c,ECNL RL B12,Germantown Legends,u14,Male,Club not found in database or club has no state_code
5664f13c-26b2-4cb1-8243-974fa2b32749,ECNL RL B10,Lobos Rush,u16,Male,Club not found in database or club has no state_code
15172c00-81aa-49dc-8782-42ee2ec9895e,Minnesota Thunder ECNL RL B13,Minnesota Thunder Academy,u13,Male,Club not found in database or club has no state_code
a301569e-0979-4368-9452-a7382ecf2dcc,Sporting Nebraska FC ECNL RL B10,Sporting Nebraska Football Club,u16,Male,Club not found in database or club has no state_code
bef4ddcf-4fe1-4fc6-ba1c-4f25691f3f7b,Navy ECNL RL B12,Union KC,u14,Male,Club not found in database or club has no state_code
3abc937a-7788-4267-99b6-27f16859ffcd,United ECNL RL B09,Mississippi Rush,u17,Male,Club not found in database or club has no state_code
3658a664-bb2e-4612-bcad-675591ba6aeb,ECNL RL B09,Chattanooga Red Wolves SC,u17,Male,Club not found in database or club has no state_code
0b65a367-b54e-42cc-9346-bb325a8909cc,ECNL RL B09,FC Alliance,u17,Male,Club not found in database or club has no state_code
33c8baa8-ff88-4835-8b02-d13d94549dcb,ECNL RL B11,Tupelo FC,u15,Male,Club not found in database or club has no state_code
052e954e-e82c-4b67-adc9-ac2d40c2edd5,ECNL RL B11,Chattanooga Red Wolves SC,u15,Male,Club not found in database or club has no state_code
4785c571-f8aa-4d42-959a-26dda8dd2320,ECNL RL B12,LA Krewe Rush,u14,Male,Club not found in database or club has no state_code
cb0e7b8e-902c-4636-a6fd-9a9cb2553c61,ECNL RL B11,FC Alliance,u15,Male,Club not found in database or club has no state_code
70cd88e7-7014-43f0-90d0-de18d324020d,ECNL RL B08/07,Gretna Elite Academy,u18,Male,Club not found in database or club has no state_code
10eae738-005d-481b-ba1f-26ac8f60948c,Sporting Nebraska FC ECNL RL B09,Sporting Nebraska Football Club,u17,Male,Club not found in database or club has no state_code
af042f1e-6485-40d1-8ce1-a283092d6c55,Rockford Raptors ECNL RL B13,Rockford Raptors FC,u13,Male,Club not found in database or club has no state_code
dd5d0167-bce0-4ca6-b6f2-6ec941cbad80,ECNL RL B11,Coastal Rush,u15,Male,Club not found in database or club has no state_code
6871daf6-96b6-4e37-a308-7b4c64dc9aad,ECNL RL B11,Hattiesburg FC,u15,Male,Club not found in database or club has no state_code
a2b643f8-f470-4298-93a9-f888e3e429be,ECNL RL B09,Gretna Elite Academy,u17,Male,Club not found in database or club has no state_code
f3241382-acab-4dd3-af47-f206b51f0105,ECNL RL B12,FC United Iowa,u14,Male,Club not found in database or club has no state_code
d3f3e5fc-fd12-4048-a63e-ecaec621f4ff,Red ECNL RL B12,Union KC,u14,Male,Club not found in database or club has no state_code
f2d91354-9e7b-4c23-a62c-64447e39c12a,ECNL RL B13,Gretna Elite Academy,u13,Male,Club not found in database or club has no state_code
8ddb40a8-b030-4297-ba94-fef2f7809726,ECNL RL B13,Kansas City Athletics,u13,Male,Club not found in database or club has no state_code
63c06cf3-4deb-418a-994d-b0ebfe9a5b05,ECNL RL B08/07,Lobos Rush,u18,Male,Club not found in database or club has no state_code
3c9795c1-8153-4067-9f8c-3caa04bfdfd3,ECNL RL B09,Tupelo FC,u17,Male,Club not found in database or club has no state_code
cc664e7a-ad76-4651-a0d3-8ebe2b4df276,ECNL RL B10,Tupelo FC,u16,Male,Club not found in database or club has no state_code
ec801e97-3735-45f0-b3b6-2641dcbfa3ba,ECNL RL B10,Chattanooga Red Wolves SC,u16,Male,Club not found in database or club has no state_code
91a4dd8d-2fed-4ff8-b95f-754e3e2623fe,United ECNL RL B11,Mississippi Rush,u15,Male,Club not found in database or club has no state_code
4d61aca8-f65c-41e2-9699-2849064843bd,United ECNL RL B12,Mississippi Rush,u14,Male,Club not found in database or club has no state_code
352330ee-a23e-4b1f-be6b-37b231462fd1,ECNL RL B12,Chattanooga Red Wolves SC,u14,Male,Club not found in database or club has no state_code
dd98b331-237e-4306-b83a-eb45267148c3,ECNL RL B12,FC Alliance,u14,Male,Club not found in database or club has no state_code
f69f0824-be19-43a3-b41b-14e6d43a3517,ECNL RL B13,Lobos Rush,u13,Male,Club not found in database or club has no state_code
0caf8bef-a884-49e8-baec-940ce8b5936d,ECNL RL B12,Indiana Elite FC,u14,Male,Club not found in database or club has no state_code
e2fc8c39-a08e-4992-8e4e-3086faeeaace,ECNL RL B12,Chicago Inter Soccer,u14,Male,Club not found in database or club has no state_code
d73a3ce6-eed0-4605-9108-ec9dfc2e7f3d,ECNL RL B13,St Croix Soccer Club,u13,Male,Club not found in database or club has no state_code
31aa51af-0d8d-437f-a394-0d76fb17d69b,Utah Surf ECNL RL B08/07,Utah Surf Soccer,u18,Male,Club not found in database or club has no state_code
9c176f67-810c-4a73-8045-5e645b315946,ECNL RL B10,Coastal Rush,u16,Male,Club not found in database or club has no state_code
fd92055d-aeb8-4059-8452-57d4e2332a27,El Paso Locomotive ECNL RL B11,El Paso Locomotive Youth Soccer Club,u15,Male,Club not found in database or club has no state_code
fd1cc0e2-4761-466f-9dfe-02cb5f05506f,Sheriffs FC ECNL RL B08/07,Sheriffs Futbol Club,u18,Male,Club not found in database or club has no state_code
5a3cfdef-a5a1-4b70-bb29-87cab1de1d83,Minnesota Thunder ECNL RL B12,Minnesota Thunder Academy,u14,Male,Club not found in database or club has no state_code
c297162f-257b-409b-9928-524dffedf345,Utah Surf ECNL RL B09,Utah Surf Soccer,u17,Male,Club not found in database or club has no state_code
107174af-0af2-449b-b170-0485db69a576,El Paso Locomotive ECNL RL B10,El Paso Locomotive Youth Soccer Club,u16,Male,Club not found in database or club has no state_code
794f26fc-477d-4829-8c7d-b6f42aee08e0,ECNL RL B13,Germantown Legends,u13,Male,Club not found in database or club has no state_code
367dd16c-4fb5-4055-bf7e-d0ed9237ec5a,Pride SC ECNL RL B12,Pride Soccer Club,u14,Male,Club not found in database or club has no state_code
0702227d-54f4-4444-8120-4ee1e95e374f,Pride SC ECNL RL B13,Pride Soccer Club,u13,Male,Club not found in database or club has no state_code
e7185e09-fd70-4adb-aaa9-2689814f495a,ECNL RL B13,FC Stars,u13,Male,Club not found in database or club has no state_code
8b79b37d-93bc-4af8-87a6-759ae2e5add7,El Paso Locomotive ECNL RL B13,El Paso Locomotive Youth Soccer Club,u13,Male,Club not found in database or club has no state_code
a00c7a24-89e6-4a89-819c-72209a5cd5b0,Utah Surf ECNL RL B11,Utah Surf Soccer,u15,Male,Club not found in database or club has no state_code
333d6c1c-8c44-4f1b-82b1-483767700636,El Paso Locomotive ECNL RL B12,El Paso Locomotive Youth Soccer Club,u14,Male,Club not found in database or club has no state_code
86981f9a-4d24-43df-ae9f-646de1d1049b,Utah Surf ECNL RL B13,Utah Surf Soccer,u13,Male,Club not found in database or club has no state_code
88265ec4-438e-495d-8a69-300a19eae045,Revolution FC ECNL RL B08/07,East County Revolution FC,u18,Male,Club not found in database or club has no state_code
6b0566c6-5a9f-4afb-a274-58b4bc7a8c83,ECNL RL B12,Scorpions SC,u14,Male,Club not found in database or club has no state_code
31f45c54-9341-4d0a-90b6-7cc0d12e6a65,ECNL RL B12,FC Stars,u14,Male,Club not found in database or club has no state_code
523c9839-60a2-4805-ae59-13596a32a16c,Sheriffs FC ECNL RL B09,Sheriffs Futbol Club,u17,Male,Club not found in database or club has no state_code
84423393-8d29-4319-b66a-de92945ff03c,Legends FC ECNL RL B09,Legends FC NorCal,u17,Male,Club not found in database or club has no state_code
d1dd633a-1781-409a-9d41-1d2671d901a6,Revolution FC ECNL RL B09,East County Revolution FC,u17,Male,Club not found in database or club has no state_code
f0cca5e5-f187-48fc-9590-bdfc5ff9d09b,ECNL RL B13,PSA Monmouth,u13,Male,Club not found in database or club has no state_code
8fbe99f9-86ac-4f7f-bf00-cf6324adce06,ECNL RL B10,STA MO,u16,Male,Club not found in database or club has no state_code
8c1370fb-65f1-4cb5-af01-dd022197e45a,ECNL RL B11,PSA North,u15,Male,Club not found in database or club has no state_code
727305c1-e66e-4521-9004-b6b9c6c59154,Black Watch Premier ECNL RL B12,BWP Football Academy,u14,Male,Club not found in database or club has no state_code
74d1c1a6-af78-40b0-b1c8-da40ab9dbc70,ECNL RL B12,West-Mont United,u14,Male,Club not found in database or club has no state_code
ffa0a643-e0f7-4d71-a608-1036de235f45,ECNL RL B13,Brentwood SC,u13,Male,Club not found in database or club has no state_code
3328e93c-7e57-4767-9d87-6d8b287f706e,ECNL RL B13,PSA North,u13,Male,Club not found in database or club has no state_code
06a2cb80-45df-4417-8810-c9c265090ac1,Sting Brave ECNL RL NTX B09,Sting Soccer Club,u17,Male,Club not found in database or club has no state_code
8cd1e5b1-a7bb-4b89-b1c8-9c4665a4af63,BVBIA Black ECNL RL NTX B10,BVB International Academy,u16,Male,Club not found in database or club has no state_code
570c6d8c-5de6-4883-9cb7-6181e4fb2504,ECFC Salinas ECNL RL B10,El Camino Futbol Club Salinas,u16,Male,Club not found in database or club has no state_code
6fb55f1c-5a4c-431b-80e3-68c23b2ed816,Sheriffs FC ECNL RL B10,Sheriffs Futbol Club,u16,Male,Club not found in database or club has no state_code
af00d5c0-6a8c-481d-a23d-76f1509762be,Sheriffs FC ECNL RL B11,Sheriffs Futbol Club,u15,Male,Club not found in database or club has no state_code
a475f10b-2175-42b7-b40b-1dbb86d7be54,Sting ECNL RL NTX B12,Sting Soccer Club,u14,Male,Club not found in database or club has no state_code
095fb473-602e-4ae4-8124-fe029ed19dd0,BVBIA Yellow ECNL RL NTX B12,BVB International Academy,u14,Male,Club not found in database or club has no state_code
04e26beb-64c3-4ee0-8309-b25687fab114,ECNL RL B12,YMS,u14,Male,Club not found in database or club has no state_code
7bfe838d-ac41-4b1b-ac0f-e93c10d69f55,Atletico Dallas Youth ECNL RL NTX B08/07,Atlético Dallas Youth,u18,Male,Club not found in database or club has no state_code
b5f637c6-c055-4d53-b6d5-e2d63cd8eaca,Revolution FC ECNL RL B10,East County Revolution FC,u16,Male,Club not found in database or club has no state_code
35aedfd9-3dc0-412d-896e-a2f983ea250a,BVBIA Yellow ECNL RL NTX B10,BVB International Academy,u16,Male,Club not found in database or club has no state_code
85a3b957-5cc9-4cfd-9409-b636ee9a7470,Atletico Dallas Youth Blue ECNL RL NTX B10,Atlético Dallas Youth,u16,Male,Club not found in database or club has no state_code
b01edf78-b87a-469f-be10-78ea9028aa71,Sheriffs FC ECNL RL B12,Sheriffs Futbol Club,u14,Male,Club not found in database or club has no state_code
ceb32568-1fb7-4db5-847c-9af05b63d93a,Sheriffs FC ECNL RL B13,Sheriffs Futbol Club,u13,Male,Club not found in database or club has no state_code
9abb22a4-6c0c-4382-8888-280df48a3aee,ECNL RL B12,Penn Fusion SA,u14,Male,Club not found in database or club has no state_code
36863ac6-0ff7-416b-8160-e31c87b70643,ECNL RL B08/07,STA MO,u18,Male,Club not found in database or club has no state_code
97fa3bf4-cab4-4577-ac6c-219b4f9acb52,ECNL RL B09,PSA North,u17,Male,Club not found in database or club has no state_code
91d2784d-e45c-4c5b-bb9f-44996f8be693,ECNL RL B10,PSA North,u16,Male,Club not found in database or club has no state_code
b2150cb5-39e2-45bd-8db1-5d06eae9ed8a,Sting Brave ECNL RL NTX B13,Sting Soccer Club,u13,Male,Club not found in database or club has no state_code
69e8a2f7-c55e-436f-9375-b1bcaa973018,ECNL RL B12,PSA North,u14,Male,Club not found in database or club has no state_code
9eab7f00-9fee-402a-881b-02171430c219,Sting ECNL RL NTX B08/07 Pitcock,Sting Soccer Club,u18,Male,Club not found in database or club has no state_code
fb052ce7-03b6-4fcb-b53f-5a9f4c534d92,Atletico Dallas Youth ECNL RL NTX B11,Atlético Dallas Youth,u15,Male,Club not found in database or club has no state_code
3984267e-1f61-46b1-89ec-7db4c329e117,Revolution FC ECNL RL B11,East County Revolution FC,u15,Male,Club not found in database or club has no state_code
3b452697-a775-41ee-9662-eec0d009fe88,ECNL RL B12,PSA Monmouth,u14,Male,Club not found in database or club has no state_code
ba51dba8-79c7-4942-bc45-af6f5c3856c0,ECNL RL B09,STA MO,u17,Male,Club not found in database or club has no state_code
51d1c054-a67d-4a12-9809-34812eb767ea,ECNL RL B10,West-Mont United,u16,Male,Club not found in database or club has no state_code
ca0ec5de-9f37-4e60-b75a-036194ba77b1,Sting Brave ECNL RL NTX B12,Sting Soccer Club,u14,Male,Club not found in database or club has no state_code
20965f1b-2350-40d2-9999-80435a403b78,Atletico Dallas Youth ECNL RL NTX B09,Atlético Dallas Youth,u17,Male,Club not found in database or club has no state_code
3b68514e-9406-4e75-9360-e743bbb189e0,Sting ECNL RL NTX B10,Sting Soccer Club,u16,Male,Club not found in database or club has no state_code
3a18063c-0321-4820-8082-0149898720d1,Revolution FC ECNL RL B12,East County Revolution FC,u14,Male,Club not found in database or club has no state_code
557ef9ff-0d08-436a-9a13-1a94c565a429,LVU Rush ECNL RL B12,Lehigh Valley United Rush,u14,Male,Club not found in database or club has no state_code
e4e26ff0-ee74-4847-ac2a-1baafaa2632f,ECNL RL B12,Maryland United FC,u14,Male,Club not found in database or club has no state_code
9e7bf61b-7880-4d82-b23d-043adee47601,ECNL RL B12,Delaware FC,u14,Male,Club not found in database or club has no state_code
c0afcabc-5dde-441f-8cb9-64351a2e7ea6,LVU Rush ECNL RL B13,Lehigh Valley United Rush,u13,Male,Club not found in database or club has no state_code
a4d3b439-fb5b-4b5c-a3cb-3f0571a64efb,ECNL RL B13,Delaware FC,u13,Male,Club not found in database or club has no state_code
596fc9fe-e8b6-4886-a8cf-44a6f230fcc2,ECNL RL B09,YMS,u17,Male,Club not found in database or club has no state_code
1a521e3c-4ec0-4210-af2b-fee8db5cf3de,ECNL RL B09,West-Mont United,u17,Male,Club not found in database or club has no state_code
b0d8b986-b467-4874-a179-a3211bbf4c47,ECNL RL B11,YMS,u15,Male,Club not found in database or club has no state_code
d8e00f4f-37ae-45b5-a1a5-5aac4fb8e19b,Sting ECNL RL NTX B11,Sting Soccer Club,u15,Male,Club not found in database or club has no state_code
f2bed28e-8608-4655-a250-abb1ff14496f,BVBIA Black ECNL RL NTX B09,BVB International Academy,u17,Male,Club not found in database or club has no state_code
3bc2410b-1566-43b2-8af3-5ef531a1a712,Sting Brave ECNL RL NTX B10,Sting Soccer Club,u16,Male,Club not found in database or club has no state_code
e12ed52d-63e9-4f8d-adcb-cd2af1299823,Atletico Dallas Youth Blue ECNL RL NTX B11,Atlético Dallas Youth,u15,Male,Club not found in database or club has no state_code
dad3b928-b96d-4ca3-b454-cb4a3ea4de43,Sting Brave ECNL RL NTX B11,Sting Soccer Club,u15,Male,Club not found in database or club has no state_code
1889a794-00e3-476d-868b-896dd9ed4e4c,BVBIA Yellow ECNL RL NTX B11,BVB International Academy,u15,Male,Club not found in database or club has no state_code
fd3f8fa3-a5e0-4c34-b2d7-048c35367c2c,Sting ECNL RL NTX B13,Sting Soccer Club,u13,Male,Club not found in database or club has no state_code
dd85d0d7-0e7c-4d0a-babb-147381e3233a,PDA ECNL RL B12,PDA Boys,u14,Male,Club not found in database or club has no state_code
dfd40d7b-02f6-4163-abc1-6b17af9a8aa5,ECNL RL B08/07,YMS,u18,Male,Club not found in database or club has no state_code
841566f5-6571-44b5-967e-f87e7bc75836,ECNL RL B11,STA MO,u15,Male,Club not found in database or club has no state_code
fb1d2e9d-041b-460b-ba5c-7ea3f124e50a,ECNL RL B12,STA MO,u14,Male,Club not found in database or club has no state_code
1b998b54-348c-4787-bf5f-f219a3d4d3be,ECNL RL B13,YMS,u13,Male,Club not found in database or club has no state_code
ca69ce52-5922-4036-883e-63ffa660e68f,BVBIA White ECNL RL NTX B08/07,BVB International Academy,u18,Male,Club not found in database or club has no state_code
b4bc1f01-d19f-4ba5-9d6f-4836fe13290c,ECNL RL B08/07,Columbia Premier SC,u18,Male,Club not found in database or club has no state_code
779e206d-89a8-4dd1-b497-1e6ac741af2e,Black Watch Premier ECNL RL B13,BWP Football Academy,u13,Male,Club not found in database or club has no state_code
09eaf8a8-fc70-4329-9d63-dcc3d9542eb3,ECNL RL B13,STA MO,u13,Male,Club not found in database or club has no state_code
a58eb1c3-a2d7-4126-9fff-55a1e79165d9,Sting ECNL RL NTX B08/07 Joe Salazar,Sting Soccer Club,u18,Male,Club not found in database or club has no state_code
2c31fdea-9746-444c-8e5f-8d7da1c463a6,Blue ECNL RL NTX B09,Atlético Dallas Youth,u17,Male,Club not found in database or club has no state_code
1765a2b8-e435-4765-b0f5-9a17846b07e4,MVLA ECNL RL B11,MVLA Soccer Club,u15,Male,Club not found in database or club has no state_code
842f6b96-91a3-44e0-85db-f6bc80395675,Revolution FC ECNL RL B13,East County Revolution FC,u13,Male,Club not found in database or club has no state_code
4f0dd2c8-0d4f-44b3-b72a-16b52d3c957f,CV Futbol Academy ECNL RL B13,Central Valley Futbol Academy,u13,Male,Club not found in database or club has no state_code
8567053e-a73c-42a5-b95c-b4b9deb12fe5,PDA ECNL RL B13,PDA Boys,u13,Male,Club not found in database or club has no state_code
9cf5c71b-fba1-413d-bf02-bfa9641f4f33,ECNL RL B08/07,PSA North,u18,Male,Club not found in database or club has no state_code
641c56e9-92b4-4625-9153-efe85519d480,ECNL RL B11,West-Mont United,u15,Male,Club not found in database or club has no state_code
16f74253-d157-4f8c-a9d2-6f74a42c836a,Blue ECNL RL NTX B12,Atlético Dallas Youth,u14,Male,Club not found in database or club has no state_code
00e0693b-8fd6-4c4d-bbd8-9435ba8c52d6,Atletico Dallas Youth ECNL RL NTX B12,Atlético Dallas Youth,u14,Male,Club not found in database or club has no state_code
ad300522-db18-4dba-abec-3ee17a0fa6d6,ECNL RL B13,West-Mont United,u13,Male,Club not found in database or club has no state_code
3bff96b3-c6c0-4768-9519-46dede3be1d5,Sting ECNL RL2 NTX B08/07 Vasquez,Sting Soccer Club,u18,Male,Club not found in database or club has no state_code
a72038da-4e39-46bc-8ec6-f8418088e30a,Blue ECNL RL NTX B08/07,Atlético Dallas Youth,u18,Male,Club not found in database or club has no state_code
1c70923b-1c98-43fe-a291-8607e511fda3,Sting ECNL RL NTX B09,Sting Soccer Club,u17,Male,Club not found in database or club has no state_code
c380bb6c-9fbc-4ab0-83a5-faae346d530f,Atletico Dallas Youth ECNL RL NTX B10,Atlético Dallas Youth,u16,Male,Club not found in database or club has no state_code
9301f4d7-cda9-4f06-af3f-b65fbad490a8,BVBIA Black ECNL RL NTX B11,BVB International Academy,u15,Male,Club not found in database or club has no state_code
dd4fb6ea-22d3-4e68-a963-2fc9761595f8,ECFC Salinas ECNL RL B12,El Camino Futbol Club Salinas,u14,Male,Club not found in database or club has no state_code
39b369dd-d3e2-40ca-b927-23f8ea76db76,Match Fit Surf ECNL RL B12,Match Fit Academy,u14,Male,Club not found in database or club has no state_code
559789c5-c940-4092-b950-0e37f4253fac,Match Fit Surf ECNL RL B13,Match Fit Academy,u13,Male,Club not found in database or club has no state_code
1b37a4da-6d4c-4c7a-983f-2aa382897942,ECNL RL B13,Penn Fusion SA,u13,Male,Club not found in database or club has no state_code
098060c9-44b9-4105-b418-887183ad9da0,ECNL RL B13,Maryland United FC,u13,Male,Club not found in database or club has no state_code
1bc476ce-1491-41d3-9eab-93f4a79b7d32,ECNL RL B08/07,West-Mont United,u18,Male,Club not found in database or club has no state_code
303739c4-9ff6-487e-a511-dbc468ad1694,ECNL RL B10,YMS,u16,Male,Club not found in database or club has no state_code
e507475a-35cf-43d3-99fd-bf646b6e8134,ECNL RL B12,Brentwood SC,u14,Male,Club not found in database or club has no state_code
d62cf746-e49f-42a5-8ad8-b010943e7ce0,BVBIA Yellow ECNL RL NTX B13,BVB International Academy,u13,Male,Club not found in database or club has no state_code
3a5bca67-138c-4549-8455-37fdb8bfdaea,Atletico Dallas Youth ECNL RL NTX B13,Atlético Dallas Youth,u13,Male,Club not found in database or club has no state_code
7f678303-654f-4fba-85fd-25bfa3a88fe6,ECNL RL B10,XF,u16,Male,Club not found in database or club has no state_code
c9908a3a-0d8b-4761-8ae8-8971fcae2edc,ECNL RL B10,Columbia Premier SC,u16,Male,Club not found in database or club has no state_code
fc7bc2ec-dd2e-487f-94e4-a4704aca7a72,Wenatchee FC ECNL RL B11,Wenatchee FC Youth,u15,Male,Club not found in database or club has no state_code
dc70b3da-37b0-45c0-a160-09268d6459ec,PacNW SC ECNL RL B11,Pacific Northwest SC,u15,Male,Club not found in database or club has no state_code
1e8ca1cd-6694-4ae7-aa59-41bdf58d9339,BVBIA Black ECNL RL NTX B13,BVB International Academy,u13,Male,Club not found in database or club has no state_code
3f958453-9851-4d9f-b439-65d7db58a9d1,ECNL RL B08/07,XF,u18,Male,Club not found in database or club has no state_code
688ee150-c1c6-4551-913e-8c7fee880a6c,PacNW SC ECNL RL B09,Pacific Northwest SC,u17,Male,Club not found in database or club has no state_code
44560ead-3679-4817-b7f5-fab794c92db6,ECNL RL B09,XF,u17,Male,Club not found in database or club has no state_code
2d664d18-46c1-48b3-be65-78e30b7117be,ECNL RL B09,Columbia Premier SC,u17,Male,Club not found in database or club has no state_code
08306325-1d39-4c14-8996-1a1e16825793,Blue ECNL RL NTX B13,Atlético Dallas Youth,u13,Male,Club not found in database or club has no state_code
d67668fc-fd6d-4e1f-9082-7ddf135eb175,Wenatchee FC ECNL RL B08/B07,Wenatchee FC Youth,u18,Male,Club not found in database or club has no state_code
870b3ea1-5bed-4b6e-88ff-f9780d4a66d6,PacNW SC ECNL RL B08/07,Pacific Northwest SC,u18,Male,Club not found in database or club has no state_code
1e2e4854-5b9f-4db3-b015-143b2922e127,Wenatchee FC ECNL RL B09,Wenatchee FC Youth,u17,Male,Club not found in database or club has no state_code
de674cc5-d95f-4d86-872a-6fda2981886d,ECNL RL B12,Columbia Premier SC,u14,Male,Club not found in database or club has no state_code
64b5d1dc-50b3-41c1-952a-195188468b8a,ECNL RL B13,XF,u13,Male,Club not found in database or club has no state_code
e6c8dc3e-a71a-462b-a9e0-36cf6791e9e8,ECNL RL13B,Columbia Premier SC,u13,Male,Club not found in database or club has no state_code
fffc088c-1b3a-4a75-9f41-4390490080f8,LV Heat Surf ECNL RL S.Cal B08/07,Las Vegas Heat Surf SC,u18,Male,Club not found in database or club has no state_code
c39e4711-2666-4764-95ed-bc4a486e7e63,PacNW SC ECNL RL B10,Pacific Northwest SC,u16,Male,Club not found in database or club has no state_code
3ed1a3eb-a952-4b90-8199-2f411a58dd24,Wenatchee FC ECNL RL B10,Wenatchee FC Youth,u16,Male,Club not found in database or club has no state_code
cc720e7c-e16c-4db5-bf84-86016f1b67e7,PacNW SC ECNL RL B12,Pacific Northwest SC,u14,Male,Club not found in database or club has no state_code
e334ccbb-ab0a-4f1f-be2b-01a1c74dbf26,Wenatchee FC ECNL RL B12,Wenatchee FC Youth,u14,Male,Club not found in database or club has no state_code
804f967e-4bf7-477e-9a52-0ac879c265be,PacNW SC ECNL RL B13,Pacific Northwest SC,u13,Male,Club not found in database or club has no state_code
e1d4baa7-6a94-473c-be66-210207d01397,Wenatchee FC ECNL RL B13,Wenatchee FC Youth,u13,Male,Club not found in database or club has no state_code
6c782c7b-7f63-4e03-a1dc-5c5f5c559fa7,ECNL RL B11,XF,u15,Male,Club not found in database or club has no state_code
92ec7b0c-0c03-4c89-a650-e0045dbdadbb,ECNL RL B11,Columbia Premier SC,u15,Male,Club not found in database or club has no state_code
0bb74a09-bba0-440b-977b-857c1ba9e3a4,ECNL RL B12,XF,u14,Male,Club not found in database or club has no state_code
f7e3b3df-0220-48a1-a4ee-a91fd0594888,Rise SC ECNL White RL B12,RISE SC,u14,Male,Club not found in database or club has no state_code
960c82cd-af00-4f0c-82d4-0a451a14523f,Beach FC (CA) ECNL RL S.Cal B08/07,Beach FC  (CA),u18,Male,Club not found in database or club has no state_code
52de0765-7996-40aa-8cdc-fcde278f1d1b,LV Heat Surf ECNL RL S.Cal B11,Las Vegas Heat Surf SC,u15,Male,Club not found in database or club has no state_code
b527713c-f428-4ccb-9ddb-88f20fd32e97,Legends FC San Diego ECNL RL S.Cal B13,Legends FC SD (DMCV),u13,Male,Club not found in database or club has no state_code
c21460ae-2a24-4ada-a6dd-05679055da14,LV Heat Surf ECNL RL S.Cal B13,Las Vegas Heat Surf SC,u13,Male,Club not found in database or club has no state_code
8980bf83-ed69-4956-a3e6-94844072e4ff,ECNL RL B10,NTH NASA,u16,Male,Club not found in database or club has no state_code
df7e6c87-24b9-44ce-b9c0-33dd75850677,CESA Triumph ECNL RL B12,Carolina Elite Soccer Academy,u14,Male,Club not found in database or club has no state_code
eead3a6b-7833-46be-a430-2b07714a2d2e,ECNL RL B12,United Futbol Academy,u14,Male,Club not found in database or club has no state_code
1b982f1e-a6ae-40cf-a96c-56de360014f6,HOUSTONIANS FC ECNL RL B08/07,Houstonians Futbol Club,u18,Male,Club not found in database or club has no state_code
d0b4d48f-53fe-456b-8cce-3ee36643bc74,Oklahoma Celtic ECNL RL B09,Oklahoma Celtic Football Club,u17,Male,Club not found in database or club has no state_code
432e35b9-e2e5-4378-b0db-bb02ef1b110c,HOUSTONIANS FC ECNL RL B09,Houstonians Futbol Club,u17,Male,Club not found in database or club has no state_code
3ef29cf0-7b2e-49ae-b744-852065318a52,HTX S ECNL RL B10,HTX Soccer,u16,Male,Club not found in database or club has no state_code
015ceca6-6d74-4814-bec1-03f03bd2dcb9,ECNL RL S.Cal B13,Sporting CA USA,u13,Male,Club not found in database or club has no state_code
ad9b6e29-1f06-4c3d-a285-1d3e869ee4ff,CESA Triumph ECNL RL B08/07,Carolina Elite Soccer Academy,u18,Male,Club not found in database or club has no state_code
69f29da6-1a3d-41f9-9a23-b62fd31a7b19,ECNL Navy RL B09,RISE SC,u17,Male,Club not found in database or club has no state_code
4b6878e7-c6c0-4cec-bae6-2bf0030a858f,LV Heat Surf ECNL RL S.Cal B09,Las Vegas Heat Surf SC,u17,Male,Club not found in database or club has no state_code
9f7340da-52d3-4265-b96a-076e38cd5baf,Legends FC San Diego ECNL RL S.Cal B11,Legends FC SD (DMCV),u15,Male,Club not found in database or club has no state_code
f7f91c15-88a3-4f56-a6e4-dc7e13242cc1,ECNL RL S.Cal B12,Sporting CA USA,u14,Male,Club not found in database or club has no state_code
2fdaa061-a3d7-4538-b4b4-44fcbde82a4e,HTX N ECNL RL B09,HTX Soccer,u17,Male,Club not found in database or club has no state_code
6c0c9464-25b1-4def-8c24-9b3de1cbd54f,Beach FC (VA) ECNL RL B08/07,Beach FC  (VA),u18,Male,Club not found in database or club has no state_code
016a7bac-9d1d-4c76-80c2-4663742ef8af,ECNL RL B08/07,VA Reign FC,u18,Male,Club not found in database or club has no state_code
6e60e5e4-0095-446b-943d-17ee10157a96,Elite ECNL RL B08/07,SOCA,u18,Male,Club not found in database or club has no state_code
830afaad-47a1-4f8c-be42-d112b0d98e54,ECNL RL B08/07,PWSI Courage,u18,Male,Club not found in database or club has no state_code
d35ac0ed-9c5e-4a4b-98e5-bcfa3d1139a3,HTX S ECNL RL B08/07,HTX Soccer,u18,Male,Club not found in database or club has no state_code
47311d0b-7bcc-46a0-b3b7-81743062fb74,HTX S ECNL RL B09,HTX Soccer,u17,Male,Club not found in database or club has no state_code
a7837223-77e8-4b7b-9503-3522154eaa3e,Oklahoma Celtic ECNL RL B10,Oklahoma Celtic Football Club,u16,Male,Club not found in database or club has no state_code
62a78875-95aa-4a3e-9dfc-acc884a5d05a,Beach FC (CA) ECNL RL S.CAL B10,Beach FC  (CA),u16,Male,Club not found in database or club has no state_code
3fbe3000-76db-4073-8695-f94f991cf35e,Beach FC (CA) ECNL RL S.Cal B11,Beach FC  (CA),u15,Male,Club not found in database or club has no state_code
74fea98e-20fe-41aa-910c-973687cf963c,Beach FC (CA) ECNL RL S.Cal B12,Beach FC  (CA),u14,Male,Club not found in database or club has no state_code
2187521c-a9bd-4f16-9a26-61dea7ceb84f,HOUSTONIANS FC ECNL RL B11,Houstonians Futbol Club,u15,Male,Club not found in database or club has no state_code
36303cff-bef6-48fd-acda-a042cf2ba406,ECNL RL B08/07,LMVSC,u18,Male,Club not found in database or club has no state_code
754310e1-00ae-4bc2-9417-352dea91194e,ECNL RL B09,BRYC Academy,u17,Male,Club not found in database or club has no state_code
cf00f670-73f6-421f-a0a2-30c0d4390308,Legends FC San Diego ECNL RL S.Cal B08/07,Legends FC SD (DMCV),u18,Male,Club not found in database or club has no state_code
e0e4a127-5e9d-4cda-9b20-3087b526af2c,Beach FC (CA) ECNL RL S.Cal B09,Beach FC  (CA),u17,Male,Club not found in database or club has no state_code
c6a0b94d-b426-4830-94db-80b2dd90c763,ECNL RL S.Cal B09,Sporting CA USA,u17,Male,Club not found in database or club has no state_code
5f037a10-5cc9-4d53-ade1-194275a1c90b,Beach FC (CA) ECNL RL S.Cal B13,Beach FC  (CA),u13,Male,Club not found in database or club has no state_code
b2c63282-b8f6-4635-9a16-fee18a9c47a9,CESA Triumph ECNL RL B13,Carolina Elite Soccer Academy,u13,Male,Club not found in database or club has no state_code
546d814b-84d9-4818-afa2-a0fa4a6e251a,HTX N ECNL RL B08/07,HTX Soccer,u18,Male,Club not found in database or club has no state_code
9c6e0bf7-5c91-428c-8136-a523bf791829,ECNL Navy RL B10,RISE SC,u16,Male,Club not found in database or club has no state_code
49829769-7720-400b-b098-22c7b67e8a3a,BVBIA ECNL RL B10,BVB International Academy,u16,Male,Club not found in database or club has no state_code
492c213a-8b92-478c-bc58-4a901083d80e,ECNL White RL B10,RISE SC,u16,Male,Club not found in database or club has no state_code
cb5b85cd-21da-4db1-9f91-5cd658f9d216,HTX N ECNL RL B10,HTX Soccer,u16,Male,Club not found in database or club has no state_code
520bec18-3d4c-45ea-95dd-1d5570ee3b2e,Oklahoma Celtic ECNL RL B11,Oklahoma Celtic Football Club,u15,Male,Club not found in database or club has no state_code
07a588d1-ac25-457f-912a-5107b15a7661,HOUSTONIANS FC ECNL RL B12,Houstonians Futbol Club,u14,Male,Club not found in database or club has no state_code
ab402d68-7594-49b7-a21b-8e31f90b9750,Orange ECNL RL B08/07,Richmond United,u18,Male,Club not found in database or club has no state_code
1022c8d8-b1dc-441d-b7ee-b4bd046d3171,Blue ECNL RL B09,Richmond United,u17,Male,Club not found in database or club has no state_code
a7e6ab78-0b2f-4598-b4ff-f456d877e873,Elite ECNL RL B09,SOCA,u17,Male,Club not found in database or club has no state_code
7fadba74-f094-4817-b615-65f3cfbc3a70,ECNL RL B10,VA Reign FC,u16,Male,Club not found in database or club has no state_code
915a3e68-d44c-4ae3-b4a1-b3880a24c7ba,ECNL RL B08/07,United Futbol Academy,u18,Male,Club not found in database or club has no state_code
027cea8f-4de4-4c95-b9de-aa5a56580dc7,ECNL RL B12,NTH NASA,u14,Male,Club not found in database or club has no state_code
078d214e-51b2-4f8e-be10-1ada93dc51bf,LV Heat Surf ECNL RL S.Cal B10,Las Vegas Heat Surf SC,u16,Male,Club not found in database or club has no state_code
1ba2ffdc-d5bc-4580-8889-d26cbe2f4701,ECNL RL B13,NTH NASA,u13,Male,Club not found in database or club has no state_code
82d05b2c-1f2d-4a2b-8704-5e8ff1852215,ECNL RL B13,United Futbol Academy,u13,Male,Club not found in database or club has no state_code
a72fa611-3d26-4c20-8fca-129d054e1b66,ECNL Navy RL B11,RISE SC,u15,Male,Club not found in database or club has no state_code
40d8ce98-ff58-42a6-9763-1966bf8fce13,BVBIA ECNL RL B11,BVB International Academy,u15,Male,Club not found in database or club has no state_code
43108b41-47fc-4350-a8f9-5e36423cb221,ECNL White RL B11,RISE SC,u15,Male,Club not found in database or club has no state_code
12435d89-2084-45d9-9d2f-1e49b35071c5,HTX N ECNL RL B11,HTX Soccer,u15,Male,Club not found in database or club has no state_code
3996a792-ba7b-4393-a8b1-14de649b9392,Legends FC San Diego ECNL RL S.Cal B09,Legends FC SD (DMCV),u17,Male,Club not found in database or club has no state_code
3b36f2b7-9b15-4085-ae9b-1608105fbbc0,Legends FC San Diego ECNL RL S.Cal B12,Legends FC SD (DMCV),u14,Male,Club not found in database or club has no state_code
5745bcfc-7fc2-494b-a944-10f6f8200224,LV Heat Surf ECNL RL S.Cal B12,Las Vegas Heat Surf SC,u14,Male,Club not found in database or club has no state_code
c9c1f732-f1fc-405a-bdb5-69cdb1a26e05,Oklahoma Celtic ECNL RL B08/07,Oklahoma Celtic Football Club,u18,Male,Club not found in database or club has no state_code
4f40e059-c07f-4a77-a4e9-0be0fd2d8227,ECNL Navy RL B13,RISE SC,u13,Male,Club not found in database or club has no state_code
b539d426-5ffd-4e5f-94dd-8ef039ac38eb,BVBIA ECNL RL B13,BVB International Academy,u13,Male,Club not found in database or club has no state_code
880ff751-6cdb-4811-a645-ad21c64a338b,ECNL White RL B13,RISE SC,u13,Male,Club not found in database or club has no state_code
7fe7d660-16eb-4496-888f-99e56ee5fea3,ECNL RL B08/07,NTH NASA,u18,Male,Club not found in database or club has no state_code
d17d5167-4a69-4534-89a2-81a494a1488e,CESA Triumph ECNL RL B09,Carolina Elite Soccer Academy,u17,Male,Club not found in database or club has no state_code
c3874ac4-592b-4ffa-9298-62ba3174e9a0,ECNL RL B09,NTH NASA,u17,Male,Club not found in database or club has no state_code
951ec98f-c9a6-4dc3-b59b-f4f60006c65b,CESA Triumph ECNL RL B10,Carolina Elite Soccer Academy,u16,Male,Club not found in database or club has no state_code
1e9c393a-ad74-452b-8ecf-c6460da2f86a,CESA Triumph ECNL RL B11,Carolina Elite Soccer Academy,u15,Male,Club not found in database or club has no state_code
7291ef4f-38a1-479c-a4ed-4219f3097b63,ECNL RL B11,NTH NASA,u15,Male,Club not found in database or club has no state_code
01f994f7-1713-43d4-a75e-90864abe76d5,Red ECNL RL B08/07,Richmond United,u18,Male,Club not found in database or club has no state_code
1be0450e-402b-490e-abca-9066bfed9648,Orange ECNL RL B09,Richmond United,u17,Male,Club not found in database or club has no state_code
eca120a1-ac9f-4c49-8cc3-faf7eb438986,ECNL RL B10,Arlington Soccer,u16,Male,Club not found in database or club has no state_code
5a54b3fa-e48b-4b61-ad01-877b16e05f08,Virginia United ECNL RL B10,Virginia United FC,u16,Male,Club not found in database or club has no state_code
4ef95683-4d98-492b-a48b-d808384c8381,ECNL RL B10,PWSI Courage,u16,Male,Club not found in database or club has no state_code
83bf88ab-e47e-46a4-b2ec-a530f46c655e,Orange ECNL RL B11,Richmond United,u15,Male,Club not found in database or club has no state_code
83e7fed8-1972-4f6d-ad33-6cd880db61ea,ECNL RL B13,PWSI Courage,u13,Male,Club not found in database or club has no state_code
20737a7b-29c8-498a-8d65-ebef95a9c4fa,Red ECNL RL B13,Richmond United,u13,Male,Club not found in database or club has no state_code
4d3beaf9-1276-43ed-90b6-92a428d02814,Virginia United ECNL RL B13,Virginia United FC,u13,Male,Club not found in database or club has no state_code
8e842087-cd18-4247-92b8-cca54ee180b8,Blue ECNL RL B13,Richmond United,u13,Male,Club not found in database or club has no state_code
4a95588f-9550-45ca-930c-1a4d81f879ca,Pre-ECNL B15,Chicago Soccer Academy,u11,Male,Club not found in database or club has no state_code
c6c91e95-61e3-4e36-a6bd-000d3bf847ad,HOUSTONIANS FC ECNL RL B10,Houstonians Futbol Club,u16,Male,Club not found in database or club has no state_code
a4d571b3-87d2-4bd7-9bc6-8052c44a3792,HTX S ECNL RL B11,HTX Soccer,u15,Male,Club not found in database or club has no state_code
8fb6e97b-613f-4564-abfe-a5329e60f627,ECNL Navy RL B12,RISE SC,u14,Male,Club not found in database or club has no state_code
187594c9-658d-412e-a25a-83db6b2ef240,BVBIA ECNL RL B12,BVB International Academy,u14,Male,Club not found in database or club has no state_code
09659398-44a7-4304-a92d-8021aa94db03,ECNL RL B09,United Futbol Academy,u17,Male,Club not found in database or club has no state_code
79805d35-ba56-4e80-b222-bc1b841e505e,ECNL RL B10,United Futbol Academy,u16,Male,Club not found in database or club has no state_code
f6ac8a25-ecff-4762-b927-ae6ba1c85441,ECNL RL B11,United Futbol Academy,u15,Male,Club not found in database or club has no state_code
3609e370-5706-4044-9231-37fbd9163297,ECNL Navy RL B08/07,RISE SC,u18,Male,Club not found in database or club has no state_code
e479187b-d3d5-4761-be0c-6a7101cb3a98,BVBIA ECNL RL B08/07,BVB International Academy,u18,Male,Club not found in database or club has no state_code
9793e290-13fc-4d26-92bb-ded9c2b0bf1c,ECNL White RL B08/07,RISE SC,u18,Male,Club not found in database or club has no state_code
6f89d921-52ce-467e-a078-ce136f451f84,BVBIA ECNL RL B09,BVB International Academy,u17,Male,Club not found in database or club has no state_code
cb074363-850a-47e5-8789-da96d4ba31fc,ECNL White RL B09,RISE SC,u17,Male,Club not found in database or club has no state_code
f7d4b993-e70d-45cd-b923-6d929c39e46b,HTX S ECNL RL B13,HTX Soccer,u13,Male,Club not found in database or club has no state_code
ee0a27c2-1d86-45f3-98ed-c709c3164c53,HTX N ECNL RL B13,HTX Soccer,u13,Male,Club not found in database or club has no state_code
f8e14f82-f96d-4299-ac87-329adb278f96,Blue ECNL RL B08/07,Richmond United,u18,Male,Club not found in database or club has no state_code
6a70aa3c-5c53-4567-a8a7-1defabeacca7,ECNL RL B08/07,Arlington Soccer,u18,Male,Club not found in database or club has no state_code
6ef412d3-1740-4807-ae53-52fbaecec341,Red ECNL RL B10,Richmond United,u16,Male,Club not found in database or club has no state_code
be13ee31-fbfc-473c-9c59-a13c193389b5,ECNL RL B11,Arlington Soccer,u15,Male,Club not found in database or club has no state_code
1468afbb-8677-4ac0-b538-0555d9a21f5a,Oklahoma Celtic ECNL RL B12,Oklahoma Celtic Football Club,u14,Male,Club not found in database or club has no state_code
efaf6f75-f493-4e53-9ba9-139dc51955d7,HTX S ECNL RL B12,HTX Soccer,u14,Male,Club not found in database or club has no state_code
f754c661-1fb7-46b7-8c41-c9b9dd3433c7,ECNL RL B11,PWSI Courage,u15,Male,Club not found in database or club has no state_code
1b4d3ecf-993e-440a-9e4d-b2edc74ff448,Virginia United ECNL RL B11,Virginia United FC,u15,Male,Club not found in database or club has no state_code
4de29e6d-1fcb-46b1-98e2-4cd5bddb3f67,Oklahoma Celtic ECNL RL B13,Oklahoma Celtic Football Club,u13,Male,Club not found in database or club has no state_code
ed7ef52b-b83d-4eec-8dd6-2e1dca52e320,ECNL RL B08/07,BRYC Academy,u18,Male,Club not found in database or club has no state_code
6a75840e-9121-4589-ae39-8c0de75de469,ECNL RL B12,BRYC Academy,u14,Male,Club not found in database or club has no state_code
3b12eb4c-88b1-4130-8db2-e88623300b43,Blue ECNL RL B12,Richmond United,u14,Male,Club not found in database or club has no state_code
d2d5b6e3-0d3c-4de7-ada7-1aaaeb9b010d,Beach FC (VA) ECNL RL B10,Beach FC  (VA),u16,Male,Club not found in database or club has no state_code
22863ab9-b2c3-4c53-9498-ffd34a0dda72,Blue ECNL RL B10,Richmond United,u16,Male,Club not found in database or club has no state_code
62f5af45-92fa-4a6b-bcaf-25bdd23168af,Pre-ECNL B14,Chicago Inter Soccer,u12,Male,Club not found in database or club has no state_code
bbdeda32-01de-4adb-aa26-fd9d0c0b7cb8,ECNL RL B11,BRYC Academy,u15,Male,Club not found in database or club has no state_code
cabf2c75-ae7a-44d4-bcb4-734d60744e10,ECNL RL B12,PWSI Courage,u14,Male,Club not found in database or club has no state_code
92b9103f-e361-48f4-a855-ca0c7bc16558,Elite ECNL RL B12,SOCA,u14,Male,Club not found in database or club has no state_code
6eb288ff-965b-4b66-b515-149f268b2c1c,ECNL RL B13,LMVSC,u13,Male,Club not found in database or club has no state_code
b3b661d5-f2f0-4cb8-a4fc-5036f1ddbc70,Elite ECNL RL B13,SOCA,u13,Male,Club not found in database or club has no state_code
b8eda6e9-c6b3-4e27-a829-7b816bd70e46,Pre-ECNL B14,Indiana Elite FC,u12,Male,Club not found in database or club has no state_code
cd60940c-30ad-4866-b87b-184c8fd7542c,Pre-ECNL B15,Chicago Inter Soccer,u11,Male,Club not found in database or club has no state_code
a34e7480-e898-4b7b-a4fb-dfc4272613c1,HTX N ECNL RL B12,HTX Soccer,u14,Male,Club not found in database or club has no state_code
1c21ad37-2e0c-4ace-8b90-bb07a12eb27f,HOUSTONIANS FC ECNL RL B13,Houstonians Futbol Club,u13,Male,Club not found in database or club has no state_code
b08ae5bf-2921-492c-b59c-320d0282766c,ECNL RL B09,Arlington Soccer,u17,Male,Club not found in database or club has no state_code
6f5befcb-12d6-4f0d-bb75-3191606cbb3c,Virginia United ECNL RL B09,Virginia United FC,u17,Male,Club not found in database or club has no state_code
f0d5e91c-196c-4478-823d-3c43a8059020,Pre-ECNL B14 White,FC Stars,u12,Male,Club not found in database or club has no state_code
01697644-e84c-4da1-91a6-017c90ddf412,Virginia United ECNL RL B08/07,Virginia United FC,u18,Male,Club not found in database or club has no state_code
4eac62c0-ec6c-456b-8cea-639697b1e1c9,Beach FC (VA) ECNL RL B09,Beach FC  (VA),u17,Male,Club not found in database or club has no state_code
0d583c26-ad87-445a-973f-b08529954d0c,ECNL RL B09,VA Reign FC,u17,Male,Club not found in database or club has no state_code
2d3fe6ed-7651-47f3-a07e-f2df73ec149e,Red ECNL RL B09,Richmond United,u17,Male,Club not found in database or club has no state_code
aaf0c644-0f24-4d40-b07b-641845a244d3,ECNL RL B10,BRYC Academy,u16,Male,Club not found in database or club has no state_code
2b0e35bd-28ee-489f-817d-e5936925a055,Orange ECNL RL B10,Richmond United,u16,Male,Club not found in database or club has no state_code
4262387c-9662-4e9c-a61c-b2adee3d1a77,Virginia United ECNL RL B12,Virginia United FC,u14,Male,Club not found in database or club has no state_code
5f0f04af-9b25-4e82-ac1c-256b96466c75,Rockford Raptors Pre-ECNL B14,Rockford Raptors FC,u12,Male,Club not found in database or club has no state_code
4ae6e3a6-41bb-414f-be72-7ed7512cfbc8,ECNL RL B09,LMVSC,u17,Male,Club not found in database or club has no state_code
4c9a56f0-d8d2-4864-9d27-73c2028e4828,Elite ECNL RL B10,SOCA,u16,Male,Club not found in database or club has no state_code
d5440474-5bee-4998-8d8e-27608c364dbf,Beach FC (VA) ECNL RL B11,Beach FC  (VA),u15,Male,Club not found in database or club has no state_code
a80dccdf-260e-44be-bd75-44673c793ee3,Red ECNL RL B11,Richmond United,u15,Male,Club not found in database or club has no state_code
4cb2b5f3-fba9-44c8-a3f8-5e22512754a7,ECNL RL B12,Arlington Soccer,u14,Male,Club not found in database or club has no state_code
b866005f-3b89-47ce-ba30-00634fa65be5,ECNL RL B13,Arlington Soccer,u13,Male,Club not found in database or club has no state_code
c2e8bc9d-541d-4d9a-a549-3ee4ffe8bb0e,Pre-ECNL B14,Chicago Soccer Academy,u12,Male,Club not found in database or club has no state_code
a9421633-7d49-4c18-8423-4a168bcd22ef,Pre-ECNL B15,Force,u11,Male,Club not found in database or club has no state_code
6c736b2c-fcdc-4602-90f8-8ab5695b3a09,Pre-ECNL B14,Brentwood SC,u12,Male,Club not found in database or club has no state_code
ca0263c4-934b-4dfe-b685-6efd4b5e92c5,ECNL RL B09,PWSI Courage,u17,Male,Club not found in database or club has no state_code
de0bbc32-3e73-40e1-b785-14b16d044f76,ECNL RL B10,LMVSC,u16,Male,Club not found in database or club has no state_code
3fc0e30f-6ead-4d3b-a005-d7daaf16813a,Pre-ECNL B14,Penn Fusion SA,u12,Male,Club not found in database or club has no state_code
266baa88-2314-4348-9a6f-aa54e926e6ed,Blue ECNL RL B11,Richmond United,u15,Male,Club not found in database or club has no state_code
8dc0e322-8b24-4cee-8504-34c06d853c0c,ECNL RL B11,VA Reign FC,u15,Male,Club not found in database or club has no state_code
b0ec64e5-5d0c-47a7-91d7-0b83b02eeca3,Elite ECNL RL B11,SOCA,u15,Male,Club not found in database or club has no state_code
d155aac2-17a0-4bf7-9017-54f79e544369,ECNL RL B12,LMVSC,u14,Male,Club not found in database or club has no state_code
8224b7b9-5266-4600-82a9-b06d0c44e0a5,Beach FC (VA) ECNL RL B13,Beach FC  (VA),u13,Male,Club not found in database or club has no state_code
74c87026-e8e0-40f9-9cae-130ff541e386,Orange ECNL RL B13,Richmond United,u13,Male,Club not found in database or club has no state_code
a38ccdfb-3c58-4843-b9d2-fb983be3b5b6,Pre-ECNL B15,Indiana Elite FC,u11,Male,Club not found in database or club has no state_code
f171daf0-14ec-42b0-8ecb-fc53c525cd92,BVBIA Pre-ECNL B14 Ngwenya,BVB International Academy,u12,Male,Club not found in database or club has no state_code
894e3de9-e142-4bd1-be87-c3fdc792a0d6,Pre-ECNL B14 Malcolmson,Atlético Dallas Youth,u12,Male,Club not found in database or club has no state_code
0cd4f470-d74e-4778-84e1-7d4204dcd163,Sting Pre-ECNL B14 Meredith,Sting Soccer Club,u12,Male,Club not found in database or club has no state_code
1c76ef38-7040-4d56-bbbb-6f254cc7f2ad,Oklahoma Celtic Pre-ECNL B15,Oklahoma Celtic Football Club,u11,Male,Club not found in database or club has no state_code
888cce3f-83fb-4089-9af3-e5da8acbd74c,Sting Pre-ECNL B15 M Mojica,Sting Soccer Club,u11,Male,Club not found in database or club has no state_code
3bc2e307-c190-478e-821c-e3d84a4f176f,ECNL RL B11,LMVSC,u15,Male,Club not found in database or club has no state_code
7ff39be9-77ec-4163-9472-4cc28d769ddd,Red ECNL RL B12,Richmond United,u14,Male,Club not found in database or club has no state_code
d97437c4-080a-4cf5-998c-a91a751bbfb1,ECNL RL B12,VA Reign FC,u14,Male,Club not found in database or club has no state_code
fea7a496-fa0b-46b8-949a-fef92888f3f6,Orange ECNL RL B12,Richmond United,u14,Male,Club not found in database or club has no state_code
6a56f672-bb09-48e9-8bd9-d69f7d4a8de6,ECNL RL B13,BRYC Academy,u13,Male,Club not found in database or club has no state_code
741b900c-c5b8-475c-b6f2-d0a7a73a7a78,ECNL RL B13,VA Reign FC,u13,Male,Club not found in database or club has no state_code
05287808-3f5f-4c43-9a33-5888fec09188,Pre-ECNL B14,Force,u12,Male,Club not found in database or club has no state_code
1ad6f1c1-da9e-48af-a897-f63e93ef0987,Pre-ECNL B14 ll,Scorpions SC,u12,Male,Club not found in database or club has no state_code
48b2cde1-ce99-4481-95f3-937f5f9bf4bf,Pre-ECNL B14 Blue,FC Stars,u12,Male,Club not found in database or club has no state_code
d65ee58c-fe42-4ae8-b866-97c6e1583a93,Pre-ECNL B14,Scorpions SC,u12,Male,Club not found in database or club has no state_code
3985f793-c131-4e51-9933-86ea4d032028,Rockford Raptors Pre-ECNL B15,Rockford Raptors FC,u11,Male,Club not found in database or club has no state_code
19b71370-f72d-48a5-b98d-ed6d901c190e,Pre-ECNL B15 Blue,FC Stars,u11,Male,Club not found in database or club has no state_code
1ccbb419-5d34-40a7-bf75-e6df2abdfeda,Pre-ECNL B15,Scorpions SC,u11,Male,Club not found in database or club has no state_code
716afcb2-027d-4044-ad1c-a4d0b3d3e626,BVBIA Pre-ECNL B16 DeSousa,BVB International Academy,u10,Male,Club not found in database or club has no state_code
82146f4c-79ba-4184-bf3d-1d033dd13d82,Atletico Dallas Youth Pre-ECNL B14 Nwegbo,Atlético Dallas Youth,u12,Male,Club not found in database or club has no state_code
5e1007ba-abca-4922-9be4-9dc2f8fb25a3,BVBIA Pre-ECNL B14 Fritz,BVB International Academy,u12,Male,Club not found in database or club has no state_code
aa398791-20c4-4bac-a65f-0461da183855,BVBIA Pre-ECNL B14 Suffredin,BVB International Academy,u12,Male,Club not found in database or club has no state_code
6d4d0daf-2ff8-4634-a97d-ed8dbd5e086e,Atletico Dallas Youth Pre-ECNL B15 Badii,Atlético Dallas Youth,u11,Male,Club not found in database or club has no state_code
ef6bd080-717f-4d72-81f5-ee6bbbfeae64,Atletico Dallas Youth Pre-ECNL B15 Brandt,Atlético Dallas Youth,u11,Male,Club not found in database or club has no state_code
177d0269-781e-4daf-9c8d-23f250f3d149,Atletico Dallas Youth Pre-ECNL B15 Luna,Atlético Dallas Youth,u11,Male,Club not found in database or club has no state_code
b1fc35e4-47a9-4fec-ab7f-7e218cf723bd,Pre-ECNL B16 Challinor,Atlético Dallas Youth,u10,Male,Club not found in database or club has no state_code
838cda8a-2cd2-436a-a06b-164f47ac0701,SC - G13 GA,Seattle Celtic,u13,Female,Club not found in database or club has no state_code
144c5786-0bd7-421a-813a-2d0e15b11132,G14 Green,Harbor Premier,u12,Female,Club not found in database or club has no state_code
4c1b366a-7048-4448-b173-b555605d3175,SC - G14 Pre-GA,Seattle Celtic,u12,Female,Club not found in database or club has no state_code
b5b82d64-ecf4-4c90-99d0-4d96d65c9a83,Sting Pre-ECNL B17 Lucero,Sting Soccer Club,u10,Male,Club not found in database or club has no state_code
0ccc87e7-1036-4a21-a519-7ec8ec32fca2,Pre-ECNL B16 Luna,Atlético Dallas Youth,u10,Male,Club not found in database or club has no state_code
1fb4267b-72fe-4aa8-b8df-7743340a3312,Pre-ECNL B14 I,Legends FC,u12,Male,Club not found in database or club has no state_code
e1fa12f7-459d-4cb0-ac06-46c37fc62a00,Pre-ECNL B15 I,Legends FC,u11,Male,Club not found in database or club has no state_code
e9108952-855f-40f6-90c1-7f95f26a715f,Portland Thorns Academy - G13 ECRL,No Club Selection,u13,Female,Club not found in database or club has no state_code
393b9dec-90db-4ec6-a584-3f55e070fc3e,Portland Thorns Academy - G15,No Club Selection,u11,Female,Club not found in database or club has no state_code
9690a7ce-1afd-4fd2-beee-fa6cdf12800b,LVU Rush Pre-ECNL B14,Lehigh Valley United Rush,u12,Male,Club not found in database or club has no state_code
a3acfaa7-afc6-4b3a-89d1-406ace6b2a28,Pre-ECNL B14,Maryland United FC,u12,Male,Club not found in database or club has no state_code
6159488b-934b-4cbb-952b-4efb7dff6970,Atletico Dallas Youth Pre-ECNL B14 Luna,Atlético Dallas Youth,u12,Male,Club not found in database or club has no state_code
80142afb-41ce-447d-965e-a82af22b669b,Atletico Dallas Youth Pre-ECNL B14 Blanton,Atlético Dallas Youth,u12,Male,Club not found in database or club has no state_code
654d02b3-0cf0-4459-b64a-8c78e7e3ffdb,BVBIA Pre-ECNL B15 Klassen,BVB International Academy,u11,Male,Club not found in database or club has no state_code
12da712d-011c-4739-82ce-c771bbbcaa5f,SC - G15 White,Seattle Celtic,u11,Female,Club not found in database or club has no state_code
1a263ee6-c846-4fec-b59b-0f87cd9f7787,G2015-1,Reign Academy,u11,Female,Club not found in database or club has no state_code
187f0d1f-4782-4b36-ba36-59fa30f79e95,SC - G14 Green,Seattle Celtic,u12,Female,Club not found in database or club has no state_code
38b28fb9-4957-4761-aad9-6fcece9abe39,G15 Maroon,Pacific Northwest SC,u11,Female,Club not found in database or club has no state_code
1cffbc17-ab33-4ad4-824c-e892b523b8bf,G16/17 - Rapinoe,Reign Academy,u10,Female,Club not found in database or club has no state_code
6cb831d0-46e2-47c8-b7a7-ecd2bcb846ae,Pre-ECNL B14,PSA Monmouth,u12,Male,Club not found in database or club has no state_code
71a0caf5-5230-4005-9c19-4e329abeb632,Atletico Dallas Youth Pre-ECNL B14 Ostergren,Atlético Dallas Youth,u12,Male,Club not found in database or club has no state_code
c1daa098-d7c0-44f8-a348-6e8ccf2986a0,Sting Pre-ECNL B15 Zambrano,Sting Soccer Club,u11,Male,Club not found in database or club has no state_code
82f85481-4257-424c-84c2-3b85eaf55b57,BVBIA Pre-ECNL B15 Contreras,BVB International Academy,u11,Male,Club not found in database or club has no state_code
bccfce07-557d-40c8-9c72-ad1f70ef8fc7,Pre-ECNL B15 Hernandez,Atlético Dallas Youth,u11,Male,Club not found in database or club has no state_code
5250f58d-7146-48b1-bf8d-6a35e5c669f6,Pre-ECNL B16 Hernandez,Atlético Dallas Youth,u10,Male,Club not found in database or club has no state_code
aa19f5be-7c7b-4e97-be08-189c7eba11d4,Beach FC (CA) Pre-ECNL B14 II,Beach FC  (CA),u12,Male,Club not found in database or club has no state_code
4b104377-64fe-4f93-8813-7726c4417f7f,Pre-ECNL B15 II,Sporting CA USA,u11,Male,Club not found in database or club has no state_code
de47926e-7705-495d-8034-15b952ca5f8f,G2011,Reign Academy,u15,Female,Club not found in database or club has no state_code
90fc0551-c0a5-4b06-a4e8-d5e6f9931d3b,Pre-ECNL B14 II,Legends FC,u12,Male,Club not found in database or club has no state_code
be9f5201-c602-41b8-851d-4da5f73d7eaf,Legends FC San Diego Pre-ECNL B14 II,Legends FC SD (DMCV),u12,Male,Club not found in database or club has no state_code
70672d85-0895-4bf9-ab6b-7133b3fa8fb6,Beach FC (CA) Pre-ECNL B15 II,Beach FC  (CA),u11,Male,Club not found in database or club has no state_code
ac1d0d7c-7053-46f4-aec7-4a6be15e25f8,Pre-ECNL B16 I,Sporting CA USA,u10,Male,Club not found in database or club has no state_code
fb0643b2-6aed-4b5b-b8fe-dcab99b537d6,Beach FC (CA) Pre-ECNL B16 II,Beach FC  (CA),u10,Male,Club not found in database or club has no state_code
854e68e0-d4e1-4383-afe0-8678d6b18a7f,Pre-ECNL B16 Il,Legends FC,u10,Male,Club not found in database or club has no state_code
b85c5bad-c59e-425d-a674-06ac1f887370,PacNW G11 Blue,Pacific Northwest SC,u15,Female,Club not found in database or club has no state_code
016c2522-87c9-4e9e-abda-3740fba42130,BVBIA Pre-ECNL B15 DeSousa,BVB International Academy,u11,Male,Club not found in database or club has no state_code
9d5f9584-c0e9-4e47-a7e6-320412a37fd2,BVBIA Pre-ECNL B16 Brown,BVB International Academy,u10,Male,Club not found in database or club has no state_code
38b421d4-596d-429c-843f-67bd3cba7908,Portland Thorns Academy - G12,No Club Selection,u14,Female,Club not found in database or club has no state_code
a69ea183-0fe3-4988-8ee9-3bd823d5c5c9,SC - G12 GA,Seattle Celtic,u14,Female,Club not found in database or club has no state_code
c855e130-55a7-4e15-adbb-dfbc69876271,SC - G12 Green,Seattle Celtic,u14,Female,Club not found in database or club has no state_code
cbed5ae5-99f5-4005-b939-dc8d7d2ef07e,Eagles SC Pre-ECNL B14 I,Eagles Soccer Club,u12,Male,Club not found in database or club has no state_code
8e6072fa-b5ea-47f8-978f-d11da256d0c1,Pre-ECNL B14 I,Sporting CA USA,u12,Male,Club not found in database or club has no state_code
a6691d83-5573-4852-b44e-35f318652cc7,Legends FC San Diego Pre-ECNL B15 I,Legends FC SD (DMCV),u11,Male,Club not found in database or club has no state_code
8f6fba6b-bdc7-4789-bc08-0292d89cfb22,Pre-ECNL B15 II,Legends FC,u11,Male,Club not found in database or club has no state_code
7b0c66e8-2bd4-45aa-8799-5a40c4e6991c,Legends FC San Diego Pre-ECNL B15 II,Legends FC SD (DMCV),u11,Male,Club not found in database or club has no state_code
41513810-f404-4b09-a401-7f7fcaf34517,Beach FC (CA) Pre-ECNL B16 I,Beach FC  (CA),u10,Male,Club not found in database or club has no state_code
d7742b0e-80e7-4526-be3c-a8d3b8821f58,Pre-ECNL B16 l,Legends FC,u10,Male,Club not found in database or club has no state_code
9480d533-a8fb-4351-a792-055eb5b3a40b,PacNW SC ECNL G12,Pacific Northwest SC,u14,Female,Club not found in database or club has no state_code
313bc0be-a608-440d-8687-98f64c3c2bab,Match Fit Surf Pre-ECNL B14,Match Fit Academy,u12,Male,Club not found in database or club has no state_code
887a9143-0a12-443c-bd32-808626778f9a,Sting Pre-ECNL B16 Ortiz,Sting Soccer Club,u10,Male,Club not found in database or club has no state_code
5641b29e-9d8c-45e6-a413-4bd705e18011,BVBIA Pre-ECNL B16 Rivas,BVB International Academy,u10,Male,Club not found in database or club has no state_code
f7aedd96-d3be-47e2-a779-de62076069ed,2012 GA,Reign Academy,u14,Female,Club not found in database or club has no state_code
98e9d468-71d5-45be-9462-418b1d1aa94f,PacNW SC Pre-ECNL G13,Pacific Northwest SC,u13,Female,Club not found in database or club has no state_code
bfd854d2-b58e-4417-8449-623c83b44947,Sporting California USA Pre-ECNL B16 II,Sporting CA USA,u10,Male,Club not found in database or club has no state_code
767ff8ad-29c0-418b-bdfe-557612860c6a,Capital FC G13 GA,Capital Futbol Club,u13,Female,Club not found in database or club has no state_code
7701f902-5ff2-41cc-a106-8043a4d732e8,Portland Thorns Academy - G14,No Club Selection,u12,Female,Club not found in database or club has no state_code
d7620e45-f776-49ad-b639-7b61d4800975,G14 Maroon,Pacific Northwest SC,u12,Female,Club not found in database or club has no state_code
d852b274-6fd2-4b63-b54e-2d444fe10157,G16/17 - Barnes,Reign Academy,u10,Female,Club not found in database or club has no state_code
29f7157f-ccfc-447b-b2ae-440beeb824fd,Sting Pre-ECNL B14 Fernandez,Sting Soccer Club,u12,Male,Club not found in database or club has no state_code
9f8e4517-bb85-4079-9835-ff95d4f91f2c,Oklahoma Celtic Pre-ECNL B14,Oklahoma Celtic Football Club,u12,Male,Club not found in database or club has no state_code
6d936064-ea16-4f44-becc-5bb6adae0eba,Sting Pre-ECNL B16 Lucero,Sting Soccer Club,u11,Male,Club not found in database or club has no state_code
31b6af4b-39b1-4a5c-85bc-6a436662d577,Pre-ECNL B15 Malcolmson,Atlético Dallas Youth,u11,Male,Club not found in database or club has no state_code
144bd5c8-438b-473c-9025-d1b4caa17597,BVBIA Pre-ECNL B15 Oldham,BVB International Academy,u11,Male,Club not found in database or club has no state_code
efad3cc0-fb51-4272-b66d-238ebf8f0d18,Pre-ECNL B16 Blanton/Otec,Atlético Dallas Youth,u10,Male,Club not found in database or club has no state_code
f7e634d2-bdd8-480d-b9d0-e3d78b7f9f94,Beach FC (CA) Pre-ECNL B14 I,Beach FC  (CA),u12,Male,Club not found in database or club has no state_code
588a50ac-ae07-4881-9e4e-6977d1c000f3,Legends FC San Diego Pre-ECNL B14 I,Legends FC SD (DMCV),u12,Male,Club not found in database or club has no state_code
ae987257-4586-4ae9-abbe-c02c522d30b6,Beach FC (CA) Pre-ECNL B15 I,Beach FC  (CA),u11,Male,Club not found in database or club has no state_code
07c2b172-cdcb-46ce-bf6e-03e18fdc1729,Pre-ECNL B15 I,Sporting CA USA,u11,Male,Club not found in database or club has no state_code
58e47879-bc2e-465e-be53-cbda46f68524,SC - G16 White,Seattle Celtic,u10,Female,Club not found in database or club has no state_code
d6e97ca7-d6e3-4d7c-9226-f5a3391d3e27,BVBIA Pre-ECNL B16 Klassen,BVB International Academy,u10,Male,Club not found in database or club has no state_code
cbfc9054-5c1f-48a1-877c-a693d49f9c72,Pre-ECNL B14 II,Sporting CA USA,u12,Male,Club not found in database or club has no state_code
c07fd806-032c-44d9-aa8e-f6b747f039a5,Eagles SC Pre-ECNL B14 II,Eagles Soccer Club,u12,Male,Club not found in database or club has no state_code
594c9111-7394-4789-8f3a-0bb2b992ad9d,Capita FC G12 GA,Capital Futbol Club,u14,Female,Club not found in database or club has no state_code
8672aa79-bb46-4248-857d-90dc8ea5b977,PacNW SC ECNL RL G12,Pacific Northwest SC,u14,Female,Club not found in database or club has no state_code
8dd9c061-75f0-442c-b512-59862f40ba42,Portland Thorns Academy - G13,No Club Selection,u13,Female,Club not found in database or club has no state_code
6e627132-b419-45a8-b328-a7b011c17a19,G2013-1,Reign Academy,u13,Female,Club not found in database or club has no state_code
95978bbd-537f-4deb-9f8e-40a6d3f629aa,SC - B08 MLS Next,Seattle Celtic,u19,Male,Club not found in database or club has no state_code
b7028ba0-ee7f-470e-b90c-9a0cae285999,Girls 2013 Blue,Kitsap Alliance FC,u13,Female,Club not found in database or club has no state_code
ee8b1e0e-1a92-4f07-860e-61e8d53dd0b8,SC - G15 Green,Seattle Celtic,u11,Female,Club not found in database or club has no state_code
c3795e68-0379-4887-940d-3446b7606c11,SC - G17 Green,Seattle Celtic,u9,Female,Club not found in database or club has no state_code
092415eb-14a7-47ec-89ec-033e8b78f7d7,Sozo FC,No Club Selection,u19,Male,Club not found in database or club has no state_code
990a77ec-67a5-45f4-bdea-850d954fe4d5,G16 Maroon,Pacific Northwest SC,u10,Female,Club not found in database or club has no state_code
c0ffc52a-fbe6-40c0-a404-e111bf388c9c,B10 Blue,Pacific Northwest SC,u16,Male,Club not found in database or club has no state_code
efe0a44b-5773-4831-a469-1ce149e1f32c,2013B White,FC Portland,u13,Male,Club not found in database or club has no state_code
6f52d0bf-ab2b-4aeb-9b12-94b122d88280,SC - B14 Green,Seattle Celtic,u12,Male,Club not found in database or club has no state_code
df9a47cc-a707-42e0-a7d8-28699044d17a,B16 Premier Gold,Valor Soccer,u10,Male,Club not found in database or club has no state_code
5056b84d-b825-40ca-be33-a89c5ea319bf,SC - B16 White,Seattle Celtic,u10,Male,Club not found in database or club has no state_code
fc6e0e98-2127-445b-8bc2-43abecec0728,B17 Premier Gold,Valor Soccer,u9,Male,Club not found in database or club has no state_code
2375b69e-ae0a-4ec8-938a-d31ef1c50e69,ECNL G08/07,Arlington Soccer,u18,Female,Club not found in database or club has no state_code
7c730766-c1a1-49c0-88ef-f85cfd1c7887,ECNL G09,Richmond United,u17,Female,Club not found in database or club has no state_code
af1498f7-c8d2-4c1a-bb72-66b9bf81fe9c,Beach FC (VA) ECNL G09,Beach FC  (VA),u17,Female,Club not found in database or club has no state_code
0f3984f6-4423-4588-9d23-0e9f9985eb72,Wilmington Hammerheads ECNL G10,Wilmington Hammerheads Youth FC,u16,Female,Club not found in database or club has no state_code
735db0a2-5ca8-47ea-bef4-c34ea5a7bc3e,B2014 Maroon A,Pacific Northwest SC,u12,Male,Club not found in database or club has no state_code
24cef7aa-0c4b-48f9-a925-db2599916c24,PacNW B2015 Maroon,Pacific Northwest SC,u11,Male,Club not found in database or club has no state_code
b77d28dd-3637-4f18-a791-8457e5366553,SC - B15 Green,Seattle Celtic,u11,Male,Club not found in database or club has no state_code
67ce1e3c-7bdf-42c1-9b70-9d90cef3e7e6,SC - B16 Green,Seattle Celtic,u10,Male,Club not found in database or club has no state_code
5c0fa094-c3f9-4932-812b-31a06ffb4dde,SC - B17 Green,Seattle Celtic,u9,Male,Club not found in database or club has no state_code
0b2b71a4-e81e-4259-8273-b4ba56d29b38,ECNL G08/07,Richmond United,u18,Female,Club not found in database or club has no state_code
9efc193a-90a2-40ff-8554-c4e6e700530d,SC - G16 Green,Seattle Celtic,u10,Female,Club not found in database or club has no state_code
90e0e1e4-08ab-49df-a425-a7755c22fc5f,PACNW G17 Maroon,Pacific Northwest SC,u9,Female,Club not found in database or club has no state_code
ab424188-16bd-4172-a843-85ba6428592c,SC - B09 MLS Next,Seattle Celtic,u17,Male,Club not found in database or club has no state_code
976b6dc4-5c98-4806-ab63-95e9e1812f49,SC - B13 MLS Next,Seattle Celtic,u13,Male,Club not found in database or club has no state_code
5fe0a64f-dcfb-4f4c-b042-230f3c51bf9a,PacNW B16 Blue,Pacific Northwest SC,u10,Male,Club not found in database or club has no state_code
d7c0b376-f105-4061-a5af-975659f9237d,B17 Blue,Pacific Northwest SC,u9,Male,Club not found in database or club has no state_code
4fd74c9e-5b2a-4902-b7e0-fffebc1d0b50,B07 Maroon,Pacific Northwest SC,u19,Male,Club not found in database or club has no state_code
37972291-7bdd-4c91-93ef-efd156a4fd07,Fusion B10A,Northshore Select Club,u16,Male,Club not found in database or club has no state_code
283930c4-12d5-4477-ad5e-515e696ee4f1,PacNW B12 Blue,Pacific Northwest SC,u14,Male,Club not found in database or club has no state_code
320dd81c-ba28-440b-8e26-e569d654445a,PacNW B17 Maroon,Pacific Northwest SC,u9,Male,Club not found in database or club has no state_code
cb6a899f-5906-4576-afd0-fec5515d17d9,Beach FC (VA) ECNL G08/07,Beach FC  (VA),u18,Female,Club not found in database or club has no state_code
44528054-b5b5-440b-a881-8ee1ac2a3442,Wilmington Hammerheads ECNL G09,Wilmington Hammerheads Youth FC,u17,Female,Club not found in database or club has no state_code
45461b1a-9ccc-4786-bbbf-d5c34bb07ef5,NC Courage ECNL G09,NC Courage Academy,u17,Female,Club not found in database or club has no state_code
07ec8999-4c5c-4ed8-b073-0ad749f58693,B11A Aces,Northshore Select Club,u15,Male,Club not found in database or club has no state_code
798b6499-b907-464e-aff9-7fb3f37b6bda,FC Portland 14B Navy 2,FC Portland,u12,Male,Club not found in database or club has no state_code
79667d96-3655-40d5-8a86-3c969e436567,Valor B07/08 Elite,Valor Soccer,u19,Male,Club not found in database or club has no state_code
22a5bc08-06c7-47c3-9a52-ba2b3640707b,SC - B11 MLS Next,Seattle Celtic,u15,Male,Club not found in database or club has no state_code
80fac984-8aea-4404-a9f9-8f8cb354a1a9,SC - B12 MLS Next,Seattle Celtic,u14,Male,Club not found in database or club has no state_code
576ad334-4ff1-4e8b-aa14-a14e0f3aea86,FC Portland 14B Navy 1,FC Portland,u12,Male,Club not found in database or club has no state_code
795af003-1564-4e85-ba33-0d42dbf58492,PacNW B14 Blue,Pacific Northwest SC,u12,Male,Club not found in database or club has no state_code
7e37088d-611f-47de-a4fb-95cee009c796,Maroon RCL,Pacific Northwest SC,u9,Male,Club not found in database or club has no state_code
60015885-e699-4af8-8c5b-302c1ef5373e,ECNL G09,Arlington Soccer,u17,Female,Club not found in database or club has no state_code
63986c05-f293-4b7a-904d-67c479715bb1,FC Portland 2012B ECNL,FC Portland,u14,Male,Club not found in database or club has no state_code
128d8f21-a8ad-4162-9def-660d5abd7abe,2013B ECNL,FC Portland,u13,Male,Club not found in database or club has no state_code
7b9ecd06-9801-4cdc-ab1b-6b92b98d187f,ECNL G10,Richmond United,u16,Female,Club not found in database or club has no state_code
749c4606-e334-4755-ad53-b1c183ccec05,Kitsap Alliance FC B2014 Blue,Kitsap Alliance FC,u12,Male,Club not found in database or club has no state_code
2ba3c763-4cae-4a50-977c-05515a3b9206,KAFC B2015 Blue,Kitsap Alliance FC,u11,Male,Club not found in database or club has no state_code
100966c5-f859-4a9c-bc4e-e06383c53470,Wilmington Hammerheads ECNL G08/07,Wilmington Hammerheads Youth FC,u18,Female,Club not found in database or club has no state_code
280aa3d6-aa9e-4698-9614-4ca31d5b2d14,NC Courage ECNL G08/07,NC Courage Academy,u18,Female,Club not found in database or club has no state_code
