team_id_master,team_name,club_name,age_group,gender,state,state_code,provider_team_id,notes
c37a082c-5363-4e62-ada6-f7258d418433,U12 PRE ECNL BOYS RED,NC Fusion,u12,Male,,NC,NCM14762,
dcafed2a-5b56-4f08-8a26-26279b29feb7,FCC 2014 Boys Gold - BA,FC Charleston,u12,Male,,SC,SCM14140,
c516a655-5144-45e6-abe5-b1aacf97917b,14 (12U) CSA UM Elite,Charlotte Soccer Academy (CSA),u12,Male,,NC,NCM143BE,
0e01aaa3-5790-4a84-9c76-263b7230644d,14 (12U) CSA CLT Pre-ECNL Yellow,Charlotte Soccer Academy (CSA),u12,Male,,NC,NCM1473B,
fd7f23c8-07f4-4fdc-b545-66ea5d167cf2,14 (12U) CSA North Elite,Charlotte Soccer Academy (CSA),u12,Male,,NC,NCM143B5,
d4883adc-3b35-469c-8259-eea863362ed6,U12 PRE ECNL BOYS WHITE,NC Fusion,u12,Male,,NC,NCM14763,
33fc9518-d302-449b-80d3-097566c5d5df,14 (12U) CSA Uptown King,Charlotte Soccer Academy (CSA),u12,Male,,NC,NCM143BC,
b081a44f-3203-4ff6-8df3-1b32e1694fde,14 (12U) CSA York King,Charlotte Soccer Academy (CSA),u12,Male,,NC,NCM143BF,
4590694c-3b1b-4ec4-894d-bd8e6ce0e41e,RH Surge 2014 Boys Navy,Richmond Hill Surge,u12,Male,,VA,SCM14141,
ed0f3960-bcf7-4c2e-9c5b-58d8bfc58117,14 (12u) Acfc Wolverines,Asheboro City Futbol Club (ACFC),u12,Male,,NC,NCM14761,
8e0c1edc-c0e0-4b7b-91f3-858b2b9bd70b,14 (12U) OCSA Coastal Crew,Onslow Classic Soccer Assn - (OCSA),u12,Male,,NC,NCM14397,
7f02705d-3cae-41bd-ab51-97a9e1fe3005,14 (12U) WAA Navy,Waxhaw Athletic Association (WAA),u12,Male,,NC,NCM1440C,
b39c208b-1d0c-4f53-97ff-84717067a916,14 (12U) WAA White,Waxhaw Athletic Association (WAA),u12,Male,,NC,NCM1440E,
694aa912-7d04-4ee2-a79d-42b7ce467c24,14 (12U) CISC MOR State Blue,Charlotte Independence SC (CISC),u12,Male,,NC,NCM14422,
0bc6dee0-84c9-4959-9483-b33683127a5f,LFC IA Carolinas- Mint Hill Black14,Liverpool FC IA Carolinas,u12,Male,,NC,NCM146DF,
91a622a0-affc-46af-9f8a-978365e8d7bd,2014 Red Hsfv,North Carolina FC Youth (NCFCY),u12,Male,,NC,NCM147AE,
71224ba0-2243-4d41-b588-0ce1dc482197,Savannah United 14B Blue,Savannah United,u12,Male,,GA,GAM14135,
0b13ad2c-9307-4cb4-be48-0e1e9131237e,2014 Bulls Boys Red,Bulls Rush FC (SC),u12,Male,,GA,SCM14005,
354b12e4-a18b-42f3-97b1-055d6e2858d1,CSC 14 Boys Navy North,Charleston Soccer Club (CSC),u12,Male,,SC,SCM14022,
910fa45b-3fdf-4357-bc0a-82e09f80c4af,Land United 2014 Boys Gold,Land United FC,u12,Male,,SC,SCM14057,
8a16a8e1-52d1-4f72-b71b-ae328b2e6d56,SCUFC 14 Boys Premier 1,South Carolina United FC (SCUFC),u12,Male,,SC,SCM1407F,
b3d15435-7221-418d-8338-89c7ecc3c932,JIYSC 2014 Boys Red Kifer,James Island Youth SC    (JIYSC),u12,Male,,SC,SCM1408B,
1b723b70-5022-479b-96dc-bc79830cd554,JIYSC 2014 Boys Black Chambers,James Island Youth SC    (JIYSC),u12,Male,,SC,SCM1408C,
8fd6f984-0497-4dfb-aa78-1e8af66b5efe,JIYSC 2014 Boys Black Moody,James Island Youth SC    (JIYSC),u12,Male,,SC,SCM1408D,
2c0f33e2-bfec-4ef9-9438-b9f7c4e9ebe6,TFC 14B Statesboro,Tormenta FC Academy,u12,Male,,SC,SCM140D2,
3a5c3eff-a79a-49aa-b0ff-db56de50bf96,MPFC 2014B Lightning Bolts,Mount Pleasant FC (MPFC),u12,Male,,MI,SCM14100,
40c43297-6b22-424d-9993-5a727db11e93,Coast 14 Red South,Coast Futbol Alliance,u12,Male,,SC,SCM14129,
17fe0267-0122-4efd-bb20-b81240d1520a,Augusta Arsenal 2014B Green,Augusta Arsenal Soccer Club (SC),u12,Male,,GA,SCM1412E,
a8bec1bd-2ae4-4abe-ab96-912b1dbfe1c7,CESA 2014B Boys 1B,Carolina Elite SA (CESA),u12,Male,,SC,SCM14132,
d76dd035-8be4-4a7c-8ff0-69225137987f,JIYSC 15 Boys Red Brisson,James Island Youth SC    (JIYSC),u11,Male,,SC,SCM150F4,
0048c3d9-910d-4901-abf9-7b56a006f953,TFC 14 Boys Ibis II GA,Tormenta FC Academy,u12,Male,,SC,SCM1413C,
f5ebe740-09d3-406e-90c7-c331e824cea2,FCC 2014 Boys Gold - JD,FC Charleston,u12,Male,,SC,SCM14151,
9f7e4e0e-7aab-481e-92d8-fd61c4d20657,SCUFC 14 Boys Classic White,South Carolina United FC (SCUFC),u12,Male,,SC,SCM1415A,
7b2d149b-8e6c-46d0-88e3-4870543556a9,JIYSC 2014 Boys Pre-MLS Next,James Island Youth SC    (JIYSC),u12,Male,,SC,SCM1415E,
d6a4f310-a4c6-4591-9a76-f85c4732cf8c,FCC 2014 Boys Gold - CH,FC Charleston,u12,Male,,SC,SCM14161,
2429394c-9632-4a06-9422-d03ca3765d5e,Almaden FC U13 MLS NEXT AD,Almaden FC,u13,Male,,CA,990,
9b58c3ec-fff8-4e1a-9afd-764639b54f86,City SC San Diego U13 MLS NEXT HD,City SC San Diego,u13,Male,,CA,392,
e41d496f-d218-4086-8e26-c9f016aaed35,St. Louis Scott Gallagher U16,St. Louis Scott Gallagher,u16,Male,,MO,,
5cef61b7-d235-4d82-9950-04c429d192eb,ALBION SC San Diego U16,ALBION SC San Diego,u16,Male,,CA,101,
9d4bf980-c23c-496b-ae79-65c5f6d3ad33,Chicago FC United U16,Chicago FC United,u16,Male,,IL,83,
eecbd5c9-3302-4580-9c04-0ae31804f1e5,Sacramento Republic FC U16,Sacramento Republic FC,u16,Male,,CA,45,
82b7d627-1492-4f1e-bf01-89c01c22fde4,Jacksonville Armada FC U16,Jacksonville Armada FC,u16,Male,,FL,386,
ba01c553-f4d0-465c-8d82-f30b98f4e4f0,De Anza Force U16,De Anza Force,u16,Male,,CA,77,
f6815bea-e0c9-4e8a-ab40-80571f73891d,Nomads U16,Nomads,u16,Male,,CA,57,
5c415d72-c375-491d-908f-3c4c47018562,Lamorinda Soccer Club U16,Lamorinda Soccer Club,u16,Male,,CA,411,
eceacc39-b413-4d0f-9770-d502fce6a51c,Portland Timbers U16,Portland Timbers,u16,Male,,OR,4,
bd0cbb21-3bed-4864-9b4c-8ae4d3a5abb3,ALBION SC Los Angeles U16,ALBION SC Los Angeles,u16,Male,,CA,103,
60dbd536-ee9c-4d4f-939e-526d6f0617a9,Sacramento United U16,Sacramento United,u16,Male,,CA,564,
1d7ce699-c627-4a7f-8f40-bb30e611c9e7,Queen City Mutiny FC U16,Queen City Mutiny FC,u16,Male,,NC,472,
c0b9120f-13f6-4296-b748-4893ebb5f314,Inter Miami CF U16,Inter Miami CF,u16,Male,,FL,335,
7de6fe7f-9934-4c42-b533-9ee8831ddabd,Columbus Crew U16,Columbus Crew,u16,Male,,OH,58,
ab5f3673-497e-4a9d-95dd-796095d48184,Houston Dynamo FC U16,Houston Dynamo FC,u16,Male,,TX,44,
2a58e2d6-e113-4aa4-b687-720e7e0db003,Weston FC U16,Weston FC,u16,Male,,FL,11,
61e06bf7-d547-40b0-9bc8-c94bdc843dfe,Houston Rangers U16,Houston Rangers,u16,Male,,TX,868,
2edbd6b0-8e6f-4f2e-b913-d19bb2c2f611,Southern Soccer Academy U16,Southern Soccer Academy,u16,Male,,GA,name:southern-soccer-academy,
8923fc6b-dedb-4dcd-89fa-1a7836347563,FC Tucson Youth Soccer Club U16,FC Tucson Youth Soccer Club,u16,Male,,AZ,580,
6204a21f-8cce-43c4-b1c2-93ce7dbe8ed9,Orlando City SC U16,Orlando City SC,u16,Male,,FL,22,
26e4b8e4-9838-4f55-9d93-a74671754836,San Jose Earthquakes U16,San Jose Earthquakes,u16,Male,,CA,9,
ac4e07e2-4bad-4db9-b196-8f2184eef024,Real Salt Lake U16,Real Salt Lake,u16,Male,,AZ,107,
63e6d38d-2c99-468e-aef5-36da0d6a5af6,San Francisco Glens SC U16,San Francisco Glens SC,u16,Male,,CA,409,
d25dfa0c-c4bc-456c-9079-5d3a65f58317,Orlando City Youth SC U16,Orlando City Youth SC,u16,Male,,FL,364,
807f23f2-bdb2-4390-9fdd-182ffd6be03d,Seattle Sounders FC U16,Seattle Sounders FC,u16,Male,,WA,5,
7dc1f967-07ce-48b3-9e5c-bdf619de7b76,Charlotte FC U16,Charlotte FC,u16,Male,,NC,398,
ca20fade-a5b0-4f15-b8e0-a86d7d6a8449,Achilles FC U16,Achilles FC,u16,Male,,MD,371,
691ad5fe-f21e-468e-8a6e-851d4644a919,Phoenix Premier FC U16,Phoenix Premier FC,u16,Male,,AZ,1134,
78064d89-cd7b-4a1e-aef2-be2e607bf400,Sol SC Florida U16,Sol SC Florida,u16,Male,,FL,363,
828c32df-d4d8-4f16-be57-e1c97c1af36c,IDEA Toros Fútbol Academy U16,IDEA Toros Fútbol Academy,u16,Male,,TX,963,
49c99f71-58ce-48eb-b87a-b2ebb9da6a3a,NONA Soccer Academy U16,NONA Soccer Academy,u16,Male,,FL,585,
b2356a5f-414f-4d9f-96df-9168d0185f02,Lanier Soccer Association U16,Lanier Soccer Association,u16,Male,,GA,382,
348272a2-b5ab-4371-b4fd-8ace46998e78,Nashville SC U16,Nashville SC,u16,Male,,TN,385,
35aa3296-6826-4d87-932e-56773663799d,D.C. United U16,D.C. United,u16,Male,,DC,40,
a3ab3c93-dae1-42b0-812f-46998288e044,Phoenix Rising FC U16,Phoenix Rising FC,u16,Male,,AZ,390,
270371c7-b1c3-4865-8796-709ceb9a2ffe,Vardar Soccer Club U16,Vardar Soccer Club,u16,Male,,MI,43,
c7f9ded1-fd42-4e10-a37c-e63bd9e2a6de,Orlando City Soccer School South U16,Orlando City Soccer School South,u16,Male,,FL,471,
f15eba44-8ba0-4c71-a993-a5eaa937a8e3,RSL Arizona Mesa U16,RSL Arizona Mesa,u16,Male,,AZ,563,
1914db44-47b7-4418-bd96-83de4c5d5fb9,West Florida Flames U16,West Florida Flames,u16,Male,,FL,399,
a11b2a12-fb94-43d4-891f-248307fc3157,Bethesda SC U16,Bethesda SC,u16,Male,,MD,91,
73bbdf28-6a71-4b56-9899-fe69d42c35e6,Santa Barbara Soccer Club U16,Santa Barbara Soccer Club,u16,Male,,CA,394,
3004db25-47af-4d80-9131-1ec84108958b,One Knoxville SC U16,One Knoxville SC,u16,Male,,TN,597,
60436003-f6ed-4ed2-b8fe-53fa76a226b5,ALBION SC Riverside U16,ALBION SC Riverside,u16,Male,,CA,871,
d2eaf7d4-98ea-4f94-9dd1-61d74dd45a41,AFC Lightning U16,AFC Lightning,u16,Male,,GA,455,
b26c5a21-c543-43c2-b776-a8b769a17888,Las Vegas Sports Academy U16,Las Vegas Sports Academy,u16,Male,,NV,467,
ef879b82-7e98-4c44-982c-1da52ef6b133,Sparta United Soccer Club U16,Sparta United Soccer Club,u16,Male,,UT,1350,
735034da-d27e-4fe0-894c-d0d5c2e8dd66,Dallas Hornets North U16,Dallas Hornets North,u16,Male,,TX,1268,
186575f1-d405-4bad-94e4-8f8a863ea201,SGA U16,SGA,u16,Male,,TX,1420,
4b9c8927-2854-43e7-a9a7-5fbe49307343,ALBION SC Las Vegas U16,ALBION SC Las Vegas,u16,Male,,NV,456,
147612bd-98fe-4878-9d7f-1bc824e4853e,Tulsa Greenwood SC U16,Tulsa Greenwood SC,u16,Male,,OK,1325,
6738b8f3-bc9d-46a1-b5a3-7950fed21bf4,SA United SC U16,SA United SC,u16,Male,,TX,1322,
ba18ac44-cb51-4b6a-9e58-76f129d57d52,Charleston SC U16,Charleston SC,u16,Male,,SC,1297,
d210d2c3-8d1a-4bee-9bd4-215a5434a0b6,Kings Hammer Nashville U16,Kings Hammer Nashville,u16,Male,,TN,1301,
1e908a5d-f11f-45c4-8125-570a6062e214,Capital City North U16,Capital City North,u16,Male,,TX,1266,
8859c20e-32b2-4b91-a344-4359f94d6dd5,Loudoun Soccer Club U16,Loudoun Soccer Club,u16,Male,,VA,1293,
6e36df3e-f2f7-4787-a38b-3643f0c1e50a,ALBION SC Merced U16,ALBION SC Merced,u16,Male,,CA,568,
b83b56e0-af22-4796-abb6-3124393deee9,Modesto Ajax United U16,Modesto Ajax United,u16,Male,,CA,859,
e50d8048-c303-4662-88fe-9068eb3dd37c,United Soccer Alliance U16,United Soccer Alliance,u16,Male,,IN,252,
ada89f23-2e59-4a37-a3cf-8f560ba396e6,Burlingame Soccer Club U16,Burlingame Soccer Club,u16,Male,,CA,132,
918f5dfe-951c-4116-b699-62544422289a,FC Richmond U16,FC Richmond,u16,Male,,VA,1292,
ae3ab1b2-77a0-4df6-bc5c-9a615e6b9368,Whatcom Rangers U16,Whatcom Rangers,u16,Male,,WA,1341,
7e34033b-2f36-49bd-adfc-3fdaaeadb395,Jacksonville FC U16,Jacksonville FC,u16,Male,,FL,1243,
9beb78b9-3822-4908-8dd8-daab40d51b7c,FC DELCO U16,FC DELCO,u16,Male,,PA,62,
de369227-31fb-4cf0-b886-48cd1dfd45e1,Real Futbol Academy U16,Real Futbol Academy,u16,Male,,NJ,401,
0e05ddef-0499-4d70-8966-3e07763269c2,St. Louis CITY SC U16,St. Louis CITY SC,u16,Male,,MO,470,
24dad883-e2bc-4fa8-ad6c-926466b1989f,Michigan Wolves U16,Michigan Wolves,u16,Male,,MI,273,
8ce2d0d8-d6aa-4581-987b-2640a6964245,Players Development Academy U16,Players Development Academy,u16,Male,,NJ,63,
93f4fd81-44d4-4c4e-8e33-697919dd94fe,Dallas Hornets U16,Dallas Hornets,u16,Male,,TX,866,
293323aa-4c83-4d94-b4cd-6d700836166c,Oakwood Soccer Club U16,Oakwood Soccer Club,u16,Male,,CT,25,
1bd07c2a-3087-4388-8542-a3d6838b78c4,TSF Academy U16,TSF Academy,u16,Male,,NJ,365,
37bd7846-4876-401c-b04d-507224823b3f,New York SC U16,New York SC,u16,Male,,NY,90,
43e5e6e4-bcc6-449a-b6ad-fab45422c836,Elmbrook United U16,Elmbrook United,u16,Male,,WI,1315,
7434c5f0-a2f9-4cb5-9932-65c4f3847e43,Wisconsin United FC U16,Wisconsin United FC,u16,Male,,WI,1320,
489e98b6-8983-425c-abcc-bbdee79eea7c,Tonka Fusion Elite U16,Tonka Fusion Elite,u16,Male,,MN,1319,
85f50c09-e35e-4f81-ab98-0b181253f4d6,Michigan Futbol Academy U16,Michigan Futbol Academy,u16,Male,,MI,1310,
2c54c396-98e8-48e6-b3f4-2c63fd303ad0,Broomfield Soccer Club U16,Broomfield Soccer Club,u16,Male,,CO,1342,
83d13383-4251-49b5-b200-90e9b2c17d28,ALBION SC Denver U16,ALBION SC Denver,u16,Male,,CO,1077,
c8256151-427f-4a98-8f00-77b3d78a0de6,Sporting Wichita U16,Sporting Wichita,u16,Male,,KS,961,
b5859dee-e8e8-4be6-8d3a-aa032ba1da0d,Michigan Tigers FC U16,Michigan Tigers FC,u16,Male,,MI,1313,
0da3b8ab-0045-4cbe-9a44-e28aa3584dad,Sporting Kansas City U16,Sporting Kansas City,u16,Male,,MO,41,
960cd41e-951d-41ae-8511-7c8f6999f4cc,Austin FC U16,Austin FC,u16,Male,,TX,362,
761f8cf2-f75e-453a-aaea-4f57b6087b52,PA Classics U16,PA Classics,u16,Male,,PA,29,
9d80aa3f-db03-4498-90e9-e7bd6c984055,Downtown Las Vegas Soccer Club U16,Downtown Las Vegas Soccer Club,u16,Male,,NV,882,
71c31cfe-f34b-4d4d-a13a-488cc8d532ce,Minnesota United FC U16,Minnesota United FC,u16,Male,,MN,191,
cedb52f3-a7c8-40da-b505-e2074650a40c,Beachside of Connecticut U16,Beachside of Connecticut,u16,Male,,CT,89,
a085db20-d709-4d0f-b396-2eed493e1048,CF Montreal U16,CF Montreal,u16,Male,,,18,
de11d95b-f129-45c9-a5ca-b3907307e7c2,Michigan Bucks Academy U16,Michigan Bucks Academy,u16,Male,,MI,1309,
f3c80ccf-dfc6-409f-bdd5-ff353aaff600,Carolina Core FC U16,Carolina Core FC,u16,Male,,NC,1272,
58bbe5d7-dba7-4c9a-9622-d1be65234966,Indy Eleven U16,Indy Eleven,u16,Male,,IN,48,
2d42d21f-fa9c-41ad-81c2-1bb828ca043b,NEFC U16,NEFC,u16,Male,,MA,405,
774416aa-f118-4b77-924a-81782d56a297,Javanon FC U16,Javanon FC,u16,Male,,KY,400,
2b5a9055-5519-43b0-bbe7-d0b57a47774b,Club Ohio U16,Club Ohio,u16,Male,,OH,1307,
7e7e156e-f874-4368-8a45-ae1036895052,Kings Hammer Cincinnati U16,Kings Hammer Cincinnati,u16,Male,,OH,1308,
371b1a1b-9e7e-418c-8eda-02d5acd3fa3f,Sting Nebraska U16,Sting Nebraska,u16,Male,,NE,1331,
19a3cb8f-713d-4eb5-b7b6-2dfda834b3ff,Chicago Fire Youth SC U16,Chicago Fire Youth SC,u16,Male,,IL,1306,
88666357-ce5a-4454-9a93-bd8bdf4f434c,Coppermine SC U16,Coppermine SC,u16,Male,,MD,1287,
c3a4ce4e-212f-4b86-bfcd-c852f12d7e8b,Michigan Jaguars United FC U16,Michigan Jaguars United FC,u16,Male,,MI,1311,
417f426c-8d6f-4680-9a6a-60f926b4766b,Nashville United Soccer Academy U16,Nashville United Soccer Academy,u16,Male,,TN,869,
c101a210-e802-449c-a622-de36309cbd10,Northern Virginia Alliance U16,Northern Virginia Alliance,u16,Male,,VA,1407,
69115525-2bff-48df-afd0-82a314777804,Napa United U16,Napa United,u16,Male,,CA,410,
c4fc645b-9ba6-4b81-8cbd-2a06f6fd7d42,ASG U16,ASG,u16,Male,,FL,1300,
61e05c2c-a8e4-4f72-bb8e-ba8cac7891ab,Virginia Revolution SC U16,Virginia Revolution SC,u16,Male,,VA,1294,
c93a7aac-2b58-442a-aeb4-894e67d310a6,IdeaSport SA U16,IdeaSport SA,u16,Male,,FL,463,
902db5a6-5856-4dc0-920c-51d00981b803,One FC U16,One FC,u16,Male,,FL,1304,
2326fd3a-84ef-43bd-8178-a94ef700ca31,FC Dallas U16,FC Dallas,u16,Male,,TX,10,
882b8d0a-d779-4b8a-8840-17cbf1590ef3,FC Bay Area Surf U16,FC Bay Area Surf,u16,Male,,CA,406,
9376ffc4-7c9b-4f63-ac09-30756189a46b,Chula Vista FC U16,Chula Vista FC,u16,Male,,CA,393,
8d841730-c519-4682-bb1a-e5dd9d69de44,IMG U16,IMG,u16,Male,,FL,37,
4e254703-7ef9-424b-8dbd-618670e04836,Sporting San Diego U16,Sporting San Diego,u16,Male,,CA,1352,
287bc9b4-0681-41f4-80e1-5d88b8e10d9a,Dallas Hornets East U16,Dallas Hornets East,u16,Male,,TX,1269,
71d00d8a-bc77-4a5b-9965-96a52fa42238,LA Youth U16,LA Youth,u16,Male,,CA,1351,
007c6b57-40f1-4aa6-829d-cf2beb83b6e3,Strikers FC U16,Strikers FC,u16,Male,,CA,474,
f06220b0-0114-44c9-9c9c-4b4abf214eb2,Oaks FC U16,Oaks FC,u16,Male,,CA,925,
6398c7ea-7616-4784-ab04-8877bff9d1a2,Atletico FC U16,Atletico FC,u16,Male,,WA,1096,
1b2f580e-27db-452f-a121-b560e3da0190,Southern Soccer Academy U16,Southern Soccer Academy,u16,Male,,GA,366,
da27ef81-d949-4cf2-8075-9378f7af528b,Los Angeles Soccer Club U16,Los Angeles Soccer Club,u16,Male,,CA,1273,
f3b6154e-a509-4417-9151-3b3e45cf9fc7,Western Washington Surf SC U16,Western Washington Surf SC,u16,Male,,WA,909,
496dafe1-c062-403d-8be4-7ed4caddac8f,McLean Youth Soccer U16,McLean Youth Soccer,u16,Male,,VA,187,
5f3ac12d-0c3a-4a37-9ad4-aefda72baa8c,Alexandria SA U16,Alexandria SA,u16,Male,,VA,373,
b51cfdbb-0dea-4e03-bfc2-e5b2346afa5c,Shattuck-St. Mary's U16,Shattuck-St. Mary's,u16,Male,,MN,81,
26569307-ea9e-4c1b-a644-5c76345d5f0d,Toronto FC U16,Toronto FC,u16,Male,,,106,
40e97e54-d6f7-4e40-80ae-4ef676af92e1,Virginia Rush U16,Virginia Rush,u16,Male,,VA,1295,
24b895a3-2b76-4326-b872-211c28226a61,Sozo FC U16,Sozo FC,u16,Male,,WA,1337,
0ae59030-7b7d-4897-9b88-f32a3b63f6c4,Louisiana Elite SP U16,Louisiana Elite SP,u16,Male,,LA,1419,
dac9d616-affb-4f8f-b2a8-47719f24047e,New England Revolution U16,New England Revolution,u16,Male,,MA,27,
111f39d8-28d6-471e-8b80-b7259f3b4213,Manitou F.C. U16,Manitou F.C.,u16,Male,,MN,933,
4c332cec-f9a9-43ae-acf7-c7df9839156c,Grand Junction Soccer Club U16,Grand Junction Soccer Club,u16,Male,,CO,1344,
4ac2bbcf-3c38-4214-b9fc-0f2021fc8a70,Springfield SYC U16,Springfield SYC,u16,Male,,IL,372,
412e2860-2244-4786-9363-5a5dcb932f86,Inter Atlanta FC U16,Inter Atlanta FC,u16,Male,,GA,383,
92a804f6-afd6-4e23-8c41-cea0b04570fc,Lexington SC U16,Lexington SC,u16,Male,,KY,562,
afa8ea3e-8b50-4c09-a72c-88cad2679697,Minneapolis United SC U16,Minneapolis United SC,u16,Male,,MN,1317,
37a32b63-753d-4bdd-bbf7-2eb5c4a9af22,FC Greater Boston Bolts U16,FC Greater Boston Bolts,u16,Male,,MA,67,
8738e135-beaf-4a6f-aa55-99437479e36b,Keystone FC U16,Keystone FC,u16,Male,,PA,1139,
249c65a6-366a-4bd2-8c07-c55dc210bca4,Baltimore Armour U16,Baltimore Armour,u16,Male,,MD,54,
97f656fa-ac16-4ea2-9505-630adead8f1a,The Town FC Academy U16,The Town FC Academy,u16,Male,,CA,461,
4f268b77-cb20-40a5-a6d9-742431b6d709,Tampa Bay United U16,Tampa Bay United,u16,Male,,FL,387,
96b46a5d-96f0-4002-b89c-bb4091e62681,Vancouver Whitecaps FC U16,Vancouver Whitecaps FC,u16,Male,,WA,15,
2592fafa-74b8-4ed4-b98a-f06d9212ecc1,Diablo Valley Futbol Club U16,Diablo Valley Futbol Club,u16,Male,,CA,name:diablo-valley-futbol-club,
ae8e1e41-ac96-4a92-81e7-ee5d0a9cd92d,Carolina Velocity FC U16,Carolina Velocity FC,u16,Male,,NC,1296,
4b9a6fff-7567-46af-bd58-49eb5412a970,SoCal Reds FC U16,SoCal Reds FC,u16,Male,,CA,566,
48ad435f-0e78-4abd-8874-8bd2c6e1b54c,Barca Residency Academy U16,Barca Residency Academy,u16,Male,,AZ,102,
d4affe04-839b-42d1-a2a2-c02e9d545d1a,Los Angeles SC U17,Los Angeles SC,u17,Male,,CA,858,
d69512d4-7cf2-4316-b0e8-46496235f777,Jacksonville FC U14,Jacksonville FC,u14,Male,,FL,name:jacksonville-fc,
fd82695b-6632-4491-88ca-07828e69d24b,St. Louis Development Academy U14,St. Louis Development Academy,u14,Male,,MO,1330,
7c199e44-a3e5-447e-bd0c-c7138a40862f,New York Elite Alleycats FC U14,New York Elite Alleycats FC,u14,Male,,NY,1279,
9c76e726-4d7a-4d45-ad66-0ac8cc209fba,St. Louis Scott Gallagher Illinois U14,St. Louis Scott Gallagher Illinois,u14,Male,,MO,1314,
04f1c78d-e904-49e8-b48b-bcb063500c20,Rhode Island Surf SC U14,Rhode Island Surf SC,u14,Male,,RI,1281,
5b75c851-79f0-4523-87c5-dbd4d37dc554,Sporting City U14,Sporting City,u14,Male,,MO,1328,
a9a13661-c75e-4423-a18c-a4f3d2da2061,Michigan Stars Elite U14,Michigan Stars Elite,u14,Male,,MI,1312,
d190595e-c1e0-4f01-9f82-587e9a8e394d,IFA West U14,IFA West,u14,Male,,MA,1263,
3aa6ece0-66b0-4b2c-bead-0b6a32aca202,Sporting Springfield U14,Sporting Springfield,u14,Male,,MO,1329,
a659806e-1299-4bd5-8b07-9d179ca95f6b,Ginga FC U14,Ginga FC,u14,Male,,CT,1276,
40545bcc-bbba-460f-8454-cd21895bb0b6,NEFC South U14,NEFC South,u14,Male,,MA,1277,
2bb94bbd-561d-4e9d-ad79-f18c228a54ec,PA Classics Harrisburg U14,PA Classics Harrisburg,u14,Male,,PA,1288,
86a49016-badb-49e6-9d51-3370b9c7ab92,PDA Hibernian U14,PDA Hibernian,u14,Male,,NJ,1289,
3a087072-b9aa-40cf-a75a-bf7122883a10,Seacoast United Mass U14,Seacoast United Mass,u14,Male,,MA,1265,
e78dba67-e5c0-461e-8274-16b9c6f860e9,Chattanooga FC U14,Chattanooga FC,u14,Male,,TN,1360,
6989b113-426e-4f03-92c0-554a0c400bb3,Hoover-Vestavia Soccer U16,Hoover-Vestavia Soccer,u16,Male,,AL,462,
213444e3-a1fd-4292-8829-6e64368765db,The St. James U16,The St. James,u16,Male,,VA,848,
945132ee-20ca-4525-b005-88c9aedd2c9b,Philadelphia Union U16,Philadelphia Union,u16,Male,,PA,21,
9b2e7104-d48f-4c27-8a54-ba45cc371477,Seacoast United Bedford U14,Seacoast United Bedford,u14,Male,,NH,1264,
19734efd-3fa3-4393-9bb2-00c27dfe98d9,Syracuse Development Academy U14,Syracuse Development Academy,u14,Male,,NY,1282,
04608f16-81e3-49e0-94bc-d07b1f4c256a,Atlantic United U14,Atlantic United,u14,Male,,GA,1286,
3e53a928-ea7a-433b-a079-27ce1bbb02c2,Sporting Blue Valley U14,Sporting Blue Valley,u14,Male,,KS,241,
8c6fb981-d0fd-432f-86a0-07ef2c8e3bd2,Valeo Futbol Club U16,Valeo Futbol Club,u16,Male,,MA,402,
98b71304-5291-403a-b171-d502ee6cfade,Tormenta FC Academy U16,Tormenta FC Academy,u16,Male,,GA,476,
3498dd71-a8d2-4150-b448-9907c945d871,Blau Weiss Gottschee U16,Blau Weiss Gottschee,u16,Male,,,32,
c50919d0-1352-4658-813a-dfe3fe832ae5,St. Louis Scott Gallagher U16,St. Louis Scott Gallagher,u16,Male,,MO,82,
efddda50-9a10-418a-9dd5-c1dd9b064bef,Downtown United Soccer Club U16,Downtown United Soccer Club,u16,Male,,NY,1143,
c23a0c40-244e-43c5-b7c6-b904469c63ae,Southern Soccer Academy,Southern Soccer Academy,u17,Male,,GA,event_68_Southern Soccer Academy,
9700f701-9eb0-44e1-b411-f28b3681e176,VfB Stuttgart,VfB Stuttgart,u16,Male,,,1218,
1581655e-1ce7-4fa0-9d9a-19dfd6ca1911,Deportivo Toluca F.C.,Deportivo Toluca F.C.,u16,Male,,,1223,
bc2fdc7a-87b1-427d-b419-25d9bea77271,Ulsan HD FC,Ulsan HD FC,u16,Male,,,1219,
d51d5d04-8071-486d-8a59-f2287405ab9e,FC Bayern Munich,FC Bayern Munich,u16,Male,,,1217,
cc80f78e-094f-4fc6-b590-81ecbd93b085,FC Tokyo,FC Tokyo,u16,Male,,,1224,
cb3df62c-5774-404e-8eaf-30c377c81a23,Toulouse FC,Toulouse FC,u16,Male,,,1220,
2cfcab11-0ff9-4296-b551-96ff74cf049b,PSV Eindhoven,PSV Eindhoven,u16,Male,,,1221,
755223b1-5c3e-4811-8b2d-ede087e9beaa,KRC Genk,KRC Genk,u16,Male,,,798,
2afdde20-70f8-4d15-97eb-bbf6593776db,Soccer Chance Academy U17,Soccer Chance Academy,u17,Male,,OR,1335,
95074239-5070-420d-b976-6a18af93fb1c,Southern Soccer Academy U17,Southern Soccer Academy,u17,Male,,GA,event_75_Southern Soccer Academy,
561b3d22-3b05-411d-af18-efdbbd2f1b27,Saints Academy U17,Saints Academy,u17,Male,,OR,1334,
6c828ee7-3c0f-4922-b212-cc2e0fc74261,Westside Metros FC U17,Westside Metros FC,u17,Male,,OR,1339,
89ba8f98-e323-40c4-b587-36ae941fdbb0,Westside Metros FC South U17,Westside Metros FC South,u17,Male,,OR,1340,
7936eece-48b8-4435-8bbd-8af68fcf29aa,Southern Soccer Academy,Southern Soccer Academy,u13,Male,,GA,event_72_Southern Soccer Academy,
720cb472-ce7a-4e69-a8f8-e34e31bd3cb0,Club América,Club América,u16,Male,,,1222,
bd1b8e6e-123c-46e8-a1f1-e69e27ed6782,New England Surf SC U14,New England Surf SC,u14,Male,,MA,1278,
7828ca65-cf72-4980-8fd5-91a1c5631d06,Los Angeles Soccer Club U14,Los Angeles Soccer Club,u14,Male,,CA,582,
